branch_number,cert,branch_name,address,city,state,zip,service_type
,628,,118 E Grand River Ave,Fowlerville,MI,48836,FULL SERVICE - BRICK AND MORTAR
,628,,7 W Main St,Riverhead,NY,11901,FULL SERVICE - BRICK AND MORTAR
,628,,203 E Berry St,Fort Wayne,IN,46802,LIMITED SERVICE - CONSUMER CREDIT
,628,,1475 Ruben M. Torres Boulevard,Brownsville,TX,78521,FULL SERVICE - BRICK AND MORTAR
,628,,4011 San Pedro Ave,San Antonio,TX,78212,FULL SERVICE - BRICK AND MORTAR
,3510,,4671 W Irving Park Rd,Chicago,IL,60641,FULL SERVICE - BRICK AND MORTAR
,3510,,One Clinton Square,Syracuse,NY,13202,FULL SERVICE - BRICK AND MORTAR
,3510,,205 N Parrott Ave,Okeechobee,FL,34972,FULL SERVICE - BRICK AND MORTAR
,3510,,2608 Pleasant Hill Rd,Duluth,GA,30096,FULL SERVICE - BRICK AND MORTAR
,3510,,7515 Greenville Ave,Dallas,TX,75231,FULL SERVICE - BRICK AND MORTAR
,7213,,1190 S Dixie Hwy,Coral Gables,FL,33146,FULL SERVICE - BRICK AND MORTAR
,7213,,5800 S Corporate Pl,Sioux Falls,SD,57108,FULL SERVICE - BRICK AND MORTAR
,7213,,1 Penns Way,New Castle,DE,19721,LIMITED SERVICE - ADMINISTRATIVE
,7213,,3660 W Hillsboro Blvd,Deerfield Beach,FL,33442,FULL SERVICE - BRICK AND MORTAR
,7213,,4807 Coconut Creek Pkwy,Coconut Creek,FL,33063,FULL SERVICE - BRICK AND MORTAR
,3511,,1445 Ross Ave,Dallas,TX,75202,FULL SERVICE - BRICK AND MORTAR
,3511,,316 W 2nd St,Portales,NM,88130,FULL SERVICE - BRICK AND MORTAR
,3511,,293 Andrews Ave,Ozark,AL,36360,FULL SERVICE - BRICK AND MORTAR
,3511,,200 Ne 28th St,Fort Worth,TX,76164,FULL SERVICE - BRICK AND MORTAR
,3511,,41 Sw Avenue B,Belle Glade,FL,33430,FULL SERVICE - BRICK AND MORTAR
,6548,,1512 Ogden Ave,Downers Grove,IL,60515,FULL SERVICE - BRICK AND MORTAR
,6548,,1702 Eastland Dr,Bloomington,IL,61704,FULL SERVICE - BRICK AND MORTAR
,6548,,1071 Grand Ave,Saint Paul,MN,55105,FULL SERVICE - BRICK AND MORTAR
,6548,,4000 W Broadway Ave,Robbinsdale,MN,55422,FULL SERVICE - BRICK AND MORTAR
,6548,,1000 Payne Ave,Saint Paul,MN,55130,FULL SERVICE - BRICK AND MORTAR
,4297,,315 Wyckoff Ave,Brooklyn,NY,11237,FULL SERVICE - BRICK AND MORTAR
,4297,,122 W Church St,Bunkie,LA,71322,FULL SERVICE - BRICK AND MORTAR
,4297,,500 E Askew St,Tallulah,LA,71282,FULL SERVICE - BRICK AND MORTAR
,4297,,3775 Stagg Dr,Beaumont,TX,77701,FULL SERVICE - BRICK AND MORTAR
,4297,,1047 W Tunnel Blvd,Houma,LA,70360,FULL SERVICE - BRICK AND MORTAR
,33124,,111 S Main St,Salt Lake City,UT,84111,FULL SERVICE - BRICK AND MORTAR
,33124,,200 West St,New York,NY,10282,Full Service - Brick and Mortar
,33124,,125 High St,Boston,MA,02110,LIMITED SERVICE - TRUST
,33124,,30 Hudson St,Jersey City,NJ,07302,LIMITED SERVICE - TRUST
,33124,,11850 S Election Rd,Draper,UT,84020,FULL SERVICE - BRICK AND MORTAR
,6384,,112 E Pecan St,San Antonio,TX,78205,FULL SERVICE - BRICK AND MORTAR
,6384,,2001 Kirby Dr,Houston,TX,77019,FULL SERVICE - BRICK AND MORTAR
,6384,,8951 Main St,Frisco,TX,75034,FULL SERVICE - BRICK AND MORTAR
,6384,,202 E Washington St,Lebanon,IN,46052,FULL SERVICE - BRICK AND MORTAR
,6384,,235 W Us Highway 83,San Juan,TX,78589,FULL SERVICE - BRICK AND MORTAR
,9846,,401 E Jackson St,Tampa,FL,33602,FULL SERVICE - BRICK AND MORTAR
,9846,,100 Nw 12th Ave,Miami,FL,33128,FULL SERVICE - BRICK AND MORTAR
,9846,,201 Peterson Ave S,Douglas,GA,31533,FULL SERVICE - BRICK AND MORTAR
,9846,,410 W Broad Ave,Albany,GA,31701,FULL SERVICE - BRICK AND MORTAR
,9846,,185 King St,Keysville,VA,23947,FULL SERVICE - BRICK AND MORTAR
,639,,147-48 Leadenhall Street,London,,00000,FULL SERVICE - BRICK AND MORTAR
,639,,"Cardinal Avenue, Barclays Bank Bldg.",Georgetown,,00000,FULL SERVICE - BRICK AND MORTAR
,639,,"Ocean Building, Suite 2202-4",Singapore,,00000,FULL SERVICE - BRICK AND MORTAR
,639,,46 Berkeley Street,London,,00000,FULL SERVICE - BRICK AND MORTAR
,639,,Niedenau 61-63,Frankfurt,,00000,FULL SERVICE - BRICK AND MORTAR
,14,,One Congress Street,Boston,MA,02114,Full Service - Brick and Mortar
,14,,2323 Grand Boulevard,Kansas City,MO,64108,FULL SERVICE - BRICK AND MORTAR
,14,,"111 Town Square Place,suite 735",Jersey City,NJ,07310,FULL SERVICE - BRICK AND MORTAR
,18409,,2307 W Kennedy Blvd,Tampa,FL,33609,FULL SERVICE - BRICK AND MORTAR
,18409,,200 S Pendleton St,Easley,SC,29640,FULL SERVICE - BRICK AND MORTAR
,18409,,324 Main St,Greenfield,MA,01301,FULL SERVICE - BRICK AND MORTAR
,18409,,333 State St,Portsmouth,NH,03801,FULL SERVICE - BRICK AND MORTAR
,18409,,182 Main St,Waterville,ME,04901,FULL SERVICE - BRICK AND MORTAR
,34221,,2000 Westchester Ave,Purchase,NY,10577,Full Service - Brick and Mortar
,57450,,3000 Schwab Way,Westlake,TX,76262,Full Service - Brick and Mortar
,32992,,201 S Main St,Salt Lake City,UT,84111,Full Service - Brick and Mortar
,16571,,210 W 3rd St,Chadron,NE,69337,FULL SERVICE - BRICK AND MORTAR
,16571,,302 N Iowa St,Dodgeville,WI,53533,FULL SERVICE - BRICK AND MORTAR
,16571,,2005 W Route 34,Plano,IL,60545,FULL SERVICE - BRICK AND MORTAR
,16571,,50 N Brockway St,Palatine,IL,60067,FULL SERVICE - BRICK AND MORTAR
,16571,,141 N Park Sq,Fruita,CO,81521,FULL SERVICE - BRICK AND MORTAR
,11063,,248 W Main St,Lake City,SC,29560,FULL SERVICE - BRICK AND MORTAR
,11063,,403 W Main St,Chesterfield,SC,29709,FULL SERVICE - BRICK AND MORTAR
,11063,,100 Mark Whitfield Dr,Jasper,GA,30143,FULL SERVICE - BRICK AND MORTAR
,11063,,303 N Pearl St,Pageland,SC,29728,FULL SERVICE - BRICK AND MORTAR
,11063,,200 W Main St,Kingstree,SC,29556,FULL SERVICE - BRICK AND MORTAR
,57957,,344 Main St,Beacon,NY,12508,FULL SERVICE - BRICK AND MORTAR
,57957,,273 Wall St,Kingston,NY,12401,FULL SERVICE - BRICK AND MORTAR
,57957,,140 Washington St,Dover,NH,03820,FULL SERVICE - BRICK AND MORTAR
,57957,,1 Capital Plz,Concord,NH,03301,FULL SERVICE - BRICK AND MORTAR
,57957,,134 Pleasant St,Portsmouth,NH,03801,FULL SERVICE - BRICK AND MORTAR
,6560,,118 N Court St,Carlisle,AR,72024,FULL SERVICE - BRICK AND MORTAR
,6560,,121 E Main St,Melbourne,AR,72556,FULL SERVICE - BRICK AND MORTAR
,6560,,750 Sunset Dr,Grenada,MS,38901,FULL SERVICE - BRICK AND MORTAR
,6560,,205 S Veterans Blvd,Glennville,GA,30427,FULL SERVICE - BRICK AND MORTAR
,6560,,190 S Ross St,Beaverton,MI,48612,FULL SERVICE - BRICK AND MORTAR
,6672,,1515 Clinton Dr,Galena Park,TX,77547,FULL SERVICE - BRICK AND MORTAR
,6672,,2401 N Halsted St,Chicago,IL,60614,FULL SERVICE - BRICK AND MORTAR
,6672,,101 N Main St,Ann Arbor,MI,48104,FULL SERVICE - BRICK AND MORTAR
,6672,,4800 N Western Ave,Chicago,IL,60625,FULL SERVICE - BRICK AND MORTAR
,6672,,211 W Saint Charles Rd,Lombard,IL,60148,FULL SERVICE - BRICK AND MORTAR
,588,,6 State Street,Nunda,NY,14517,FULL SERVICE - BRICK AND MORTAR
,588,,7 N Calvert St,Baltimore,MD,21202,FULL SERVICE - BRICK AND MORTAR
,588,,68 Exchange St,Binghamton,NY,13901,FULL SERVICE - BRICK AND MORTAR
,588,,1 Fountain Plz,Buffalo,NY,14203,FULL SERVICE - BRICK AND MORTAR
,588,,80 N Main St,Ellenville,NY,12428,FULL SERVICE - BRICK AND MORTAR
,27471,,115 W Towne Ridge Pkwy,Sandy,UT,84070,Full Service - Brick and Mortar
,57803,,200 W Civic Center Dr,Sandy,UT,84070,Full Service - Brick and Mortar
,17534,,11 Division St,Amsterdam,NY,12010,FULL SERVICE - BRICK AND MORTAR
,17534,,1 N Main St,Cortland,NY,13045,FULL SERVICE - BRICK AND MORTAR
,17534,,72 Mohawk St,Cohoes,NY,12047,FULL SERVICE - BRICK AND MORTAR
,17534,,726 Exchange St,Buffalo,NY,14210,FULL SERVICE - BRICK AND MORTAR
,17534,,501 W Broadway St,Idaho Falls,ID,83402,FULL SERVICE - BRICK AND MORTAR
,913,,755 Beachland Blvd,Vero Beach,FL,32963,FULL SERVICE - BRICK AND MORTAR
,913,,600 Brickell Ave,Miami,FL,33131,FULL SERVICE - BRICK AND MORTAR
,913,,1515 Ringling Blvd,Sarasota,FL,34236,FULL SERVICE - BRICK AND MORTAR
,913,,600 Bering Dr,Houston,TX,77057,FULL SERVICE - BRICK AND MORTAR
,913,,440 Royal Palm Way,Palm Beach,FL,33480,FULL SERVICE - BRICK AND MORTAR
,57890,,"66 Hudson Blvd, E",New York,NY,10001,FULL SERVICE - BRICK AND MORTAR
,57890,,445 N Bedford Dr,Beverly Hills,CA,90210,FULL SERVICE - BRICK AND MORTAR
,57890,,34 Moorgate,London,,00000,FULL SERVICE - BRICK AND MORTAR
,57890,,"Shirley Street, Sassoon House",Nassau,,00000,FULL SERVICE - BRICK AND MORTAR
,57890,,"Shenton Way, Shing Kwan House",Singapore,,00000,FULL SERVICE - BRICK AND MORTAR
,12368,,200 W Water St,Woodbury,TN,37190,FULL SERVICE - BRICK AND MORTAR
,12368,,231 E Broadway St,West Memphis,AR,72301,FULL SERVICE - BRICK AND MORTAR
,12368,,6636 Church St,Douglasville,GA,30134,FULL SERVICE - BRICK AND MORTAR
,12368,,1300 W Keiser Ave,Osceola,AR,72370,FULL SERVICE - BRICK AND MORTAR
,12368,,407 N Kingshighway St,Cape Girardeau,MO,63701,FULL SERVICE - BRICK AND MORTAR
,57565,,95 S State St,Salt Lake City,UT,84111,Full Service - Brick and Mortar
,27314,,170 W Election Rd,Draper,UT,84020,Full Service - Brick and Mortar
,27314,,965 Keller Rd,Altamonte Springs,FL,32714,FULL SERVICE - HOME BANKING
,32188,,1 Norterra Dr,Phoenix,AZ,85085,Limited Service - Administrative
,32188,,10750 Mcdermott Fwy,San Antonio,TX,78288,FULL SERVICE - BRICK AND MORTAR
,29950,,102 Rogers St,Gloucester,MA,01930,FULL SERVICE - BRICK AND MORTAR
,29950,,215 Atlantic Ave,Brooklyn,NY,11201,FULL SERVICE - BRICK AND MORTAR
,29950,,1822 Massachusetts Ave,Lexington,MA,02420,FULL SERVICE - BRICK AND MORTAR
,29950,,1 Union Sq,Elizabeth,NJ,07201,FULL SERVICE - BRICK AND MORTAR
,29950,,223 Main St,Nashua,NH,03060,FULL SERVICE - BRICK AND MORTAR
,17281,,555 S Flower St,Los Angeles,CA,90071,Full Service - Brick and Mortar
,17281,,3484 Central Ave,Riverside,CA,92506,FULL SERVICE - BRICK AND MORTAR
,17281,,100 Oceangate,Long Beach,CA,90802,FULL SERVICE - BRICK AND MORTAR
,17281,,2655 Townsgate Rd,Westlake Village,CA,91361,FULL SERVICE - BRICK AND MORTAR
,17281,,500 E Esplanade Dr,Oxnard,CA,93036,FULL SERVICE - BRICK AND MORTAR
,57512,,2890 N Green Valley Pkwy,Henderson,NV,89014,FULL SERVICE - BRICK AND MORTAR
,57512,,7251 W Lake Mead Blvd,Las Vegas,NV,89128,FULL SERVICE - BRICK AND MORTAR
,57512,,55 Almaden Blvd,San Jose,CA,95113,FULL SERVICE - BRICK AND MORTAR
,57512,,10199 S Eastern Ave,Henderson,NV,89052,FULL SERVICE - BRICK AND MORTAR
,57512,,3985 S Durango Dr,Las Vegas,NV,89147,FULL SERVICE - BRICK AND MORTAR
,2270,,100 Pine St,San Francisco,CA,94111,FULL SERVICE - BRICK AND MORTAR
,2270,,750 E Warm Springs Rd,Las Vegas,NV,89119,FULL SERVICE - BRICK AND MORTAR
,2270,,12130 Hempstead Rd,Houston,TX,77092,FULL SERVICE - BRICK AND MORTAR
,2270,,1380 S Federal Blvd,Denver,CO,80219,FULL SERVICE - BRICK AND MORTAR
,2270,,330 S Main St,Moab,UT,84532,FULL SERVICE - BRICK AND MORTAR
,32541,,5151 Corporate Dr,Troy,MI,48098,FULL SERVICE - BRICK AND MORTAR
,32541,,1400 Old Northern Blvd,Roslyn,NY,11576,FULL SERVICE - BRICK AND MORTAR
,32541,,2204 N Wayne St,Angola,IN,46703,FULL SERVICE - BRICK AND MORTAR
,32541,,715 Elizabeth Ave,Elizabeth,NJ,07201,FULL SERVICE - BRICK AND MORTAR
,32541,,1785 Victory Blvd,Staten Island,NY,10314,FULL SERVICE - BRICK AND MORTAR
,18221,,18 Oakland Ave,Warwick,NY,10990,FULL SERVICE - BRICK AND MORTAR
,18221,,1959 Summer St,Stamford,CT,06905,Full Service - Brick and Mortar
,18221,,66 N Main St,Suffield,CT,06078,FULL SERVICE - BRICK AND MORTAR
,18221,,346 Main St,Kensington,CT,06037,FULL SERVICE - BRICK AND MORTAR
,18221,,1041 Main St,Manchester,CT,06040,FULL SERVICE - BRICK AND MORTAR
,4977,,235 E Center St,Kingsport,TN,37660,FULL SERVICE - BRICK AND MORTAR
,4977,,249 W Main St,Lebanon,TN,37087,FULL SERVICE - BRICK AND MORTAR
,4977,,3870 Keith St Nw,Cleveland,TN,37312,FULL SERVICE - BRICK AND MORTAR
,4977,,175 S Macon St,Jesup,GA,31545,FULL SERVICE - BRICK AND MORTAR
,4977,,210 W Main St,Rogersville,TN,37857,FULL SERVICE - BRICK AND MORTAR
,31628,,6730 Capitol St,Houston,TX,77011,FULL SERVICE - BRICK AND MORTAR
,31628,,555 Montgomery St,San Francisco,CA,94111,FULL SERVICE - BRICK AND MORTAR
,31628,,77 Bowery,New York,NY,10002,FULL SERVICE - BRICK AND MORTAR
,31628,,3920 Peck Rd,El Monte,CA,91732,FULL SERVICE - BRICK AND MORTAR
,31628,,2090 Huntington Dr,San Marino,CA,91108,FULL SERVICE - BRICK AND MORTAR
,8273,,12210 S 71 Hwy,Grandview,MO,64030,FULL SERVICE - BRICK AND MORTAR
,8273,,1635 E Colfax Ave,Denver,CO,80218,FULL SERVICE - BRICK AND MORTAR
,8273,,10101 Woodland Dr,Lenexa,KS,66220,FULL SERVICE - BRICK AND MORTAR
,8273,,529 Humboldt St,Manhattan,KS,66502,FULL SERVICE - BRICK AND MORTAR
,8273,,507 N Main St,Russell,KS,67665,FULL SERVICE - BRICK AND MORTAR
,3832,,31 W Bayfield St,Washburn,WI,54891,FULL SERVICE - BRICK AND MORTAR
,3832,,130 W Lincoln Hwy,Dekalb,IL,60115,FULL SERVICE - BRICK AND MORTAR
,3832,,7800 W 95th St,Hickory Hills,IL,60457,FULL SERVICE - BRICK AND MORTAR
,3832,,8601 Ogden Ave,Lyons,IL,60534,FULL SERVICE - BRICK AND MORTAR
,3832,,1777 N Cedar Lake Rd,Round Lake,IL,60073,FULL SERVICE - BRICK AND MORTAR
,33555,,241 E Howell St,Hartwell,GA,30643,FULL SERVICE - BRICK AND MORTAR
,33555,,1210 King St,Jacksonville,FL,32204,FULL SERVICE - BRICK AND MORTAR
,33555,,2695 W Eisenhower Blvd,Loveland,CO,80537,FULL SERVICE - BRICK AND MORTAR
,33555,,1331 17th St,Denver,CO,80202,FULL SERVICE - BRICK AND MORTAR
,33555,,8004 Woodway Dr,Waco,TX,76712,FULL SERVICE - BRICK AND MORTAR
,17266,,430 Highway 101,Florence,OR,97439,FULL SERVICE - BRICK AND MORTAR
,17266,,249 Winslow Way East,Bainbridge Island,WA,98110,FULL SERVICE - BRICK AND MORTAR
,17266,,445 Se Main St,Roseburg,OR,97470,Full Service - Brick and Mortar
,17266,,550 Center Street Ne,Salem,OR,97301,FULL SERVICE - BRICK AND MORTAR
,17266,,110 S Fairfax Ave,Los Angeles,CA,90036,FULL SERVICE - BRICK AND MORTAR
,9396,,80 E Ridgewood Ave,Paramus,NJ,07652,FULL SERVICE - BRICK AND MORTAR
,9396,,20-24 Fair Lawn Ave,Fair Lawn,NJ,07410,FULL SERVICE - BRICK AND MORTAR
,9396,,699 Hillside Ave,New Hyde Park,NY,11040,FULL SERVICE - BRICK AND MORTAR
,9396,,2160 Lemoine Ave,Fort Lee,NJ,07024,FULL SERVICE - BRICK AND MORTAR
,9396,,1334 Route 22 East,North Plainfield,NJ,07060,FULL SERVICE - BRICK AND MORTAR
,33306,,6825 W 111th St,Worth,IL,60482,FULL SERVICE - BRICK AND MORTAR
,33306,,502 W Mondamin St,Minooka,IL,60447,FULL SERVICE - BRICK AND MORTAR
,33306,,10515 S Cicero Ave,Oak Lawn,IL,60453,FULL SERVICE - BRICK AND MORTAR
,33306,,11850 S Harlem Ave,Palos Heights,IL,60463,FULL SERVICE - BRICK AND MORTAR
,33306,,17865 80th Ave,"Tinley Park,",IL,60477,FULL SERVICE - BRICK AND MORTAR
,33653,,1045 Avenue Of The Americas,New York,NY,10018,Full Service - Brick and Mortar
,34968,,1 Calle Suau,Mayaguez,PR,00680,FULL SERVICE - BRICK AND MORTAR
,34968,,1358 Ave Ashford,San Juan,PR,00907,FULL SERVICE - BRICK AND MORTAR
,34968,,22 Ave Winston Churchill,San Juan,PR,00926,FULL SERVICE - BRICK AND MORTAR
,34968,,19 Calle Juan R Garzot,Naguabo,PR,00718,FULL SERVICE - BRICK AND MORTAR
,34968,,1 Calle Santiago Iglesias,Maunabo,PR,00707,FULL SERVICE - BRICK AND MORTAR
,35583,,200 N Greenwood St,Lagrange,GA,30240,FULL SERVICE - BRICK AND MORTAR
,35583,,3650 Main St,Loris,SC,29569,FULL SERVICE - BRICK AND MORTAR
,35583,,2123 Highway 78,Dora,AL,35062,FULL SERVICE - BRICK AND MORTAR
,35583,,155 N Bridge St,Labelle,FL,33935,FULL SERVICE - BRICK AND MORTAR
,35583,,3680 W Main St,Dothan,AL,36305,FULL SERVICE - BRICK AND MORTAR
,5510,,2302 Leopard St,Corp Christi,TX,78408,FULL SERVICE - BRICK AND MORTAR
,5510,,620 Highway 6,Sugar Land,TX,77478,FULL SERVICE - BRICK AND MORTAR
,5510,,500 W Broadway Ave,Portland,TX,78374,FULL SERVICE - BRICK AND MORTAR
,5510,,3803 Nw Loop 410,San Antonio,TX,78229,FULL SERVICE - BRICK AND MORTAR
,5510,,4900 Windsor Hl,San Antonio,TX,78239,FULL SERVICE - BRICK AND MORTAR
,4214,,2021 S Lewis Ave,Tulsa,OK,74104,FULL SERVICE - BRICK AND MORTAR
,4214,,201 S Main St,Grove,OK,74344,FULL SERVICE - BRICK AND MORTAR
,4214,,3237 S Peoria Ave,Tulsa,OK,74105,FULL SERVICE - BRICK AND MORTAR
,4214,,1600 Broadway,Denver,CO,80202,FULL SERVICE - BRICK AND MORTAR
,4214,,3815 E Frank Phillips Blvd,Bartlesville,OK,74006,FULL SERVICE - BRICK AND MORTAR
,7888,,58 W Main St,Uniontown,PA,15401,FULL SERVICE - BRICK AND MORTAR
,7888,,325 E Front St,Statesville,NC,28677,FULL SERVICE - BRICK AND MORTAR
,7888,,11 S 2nd St,Sunbury,PA,17801,FULL SERVICE - BRICK AND MORTAR
,7888,,9001 Route 522,Middleburg,PA,17842,FULL SERVICE - BRICK AND MORTAR
,7888,,40 Bellefonte Ave,Lock Haven,PA,17745,FULL SERVICE - BRICK AND MORTAR
