cert,name,city,state,failure_date,pre_failure_assets,pre_failure_deposits,resolution_type,estimated_loss
57488,METROPOLITAN CAPITAL B&T,CHICAGO,,1/30/2026,261185,212152,FAILURE,
5520,SANTA ANNA NATIONAL BANK,SANTA ANNA,,6/27/2025,76938,71376,FAILURE,23460
28611,PULASKI SAVINGS BANK,CHICAGO,,1/17/2025,49466,42741,FAILURE,30284
4134,FIRST NB OF LINDSAY,LINDSAY,,10/18/2024,107850,97515,FAILURE,47303
27332,REPUBLIC BANK,PHILADELPHIA,,4/26/2024,5866190,4373927,FAILURE,719903
8758,CITIZENS BANK,SAC CITY,,11/3/2023,60448,52311,FAILURE,14596
25851,HEARTLAND TRI-STATE BANK,ELKHART,,7/28/2023,139446,130110,FAILURE,43727
59017,FIRST REPUBLIC BANK,SAN FRANCISCO,,5/1/2023,212638872,176436706,FAILURE,15753256
57053,SIGNATURE BANK,NEW YORK,,3/12/2023,110363650,88612911,FAILURE,0
24735,SILICON VALLEY BANK,SANTA CLARA,,3/10/2023,209026000,175378000,FAILURE,18959624
15426,ALMENA STATE BANK,ALMENA,,10/23/2020,65733,64941,FAILURE,15861
16748,FIRST CITY BANK OF FLORIDA,FORT WALTON BEACH,,10/16/2020,136566,133936,FAILURE,7247
14361,THE FIRST STATE BANK,BARBOURSVILLE,,4/3/2020,151808,143102,FAILURE,43620
18265,ERICSON STATE BANK,ERICSON,,2/14/2020,100879,95159,FAILURE,23279
21111,CITY NATIONAL BANK OF NEW JERSEY,NEWARK,,11/1/2019,120574,111234,FAILURE,2098
58112,LOUISA COMMUNITY BANK,LOUISA,,10/25/2019,28163,25174,FAILURE,4264
58317,RESOLUTE BANK,MAUMEE,,10/25/2019,23292,22885,FAILURE,1571
10716,ENLOE STATE BANK,COOPER,,5/31/2019,36738,31254,FAILURE,18263
30570,WASHINGTON FEDERAL BANK FOR SAVINGS,CHICAGO,,12/15/2017,166345,143964,FAILURE,75282
17719,THE FARMERS AND MERCHANTS STATE BANK OF ARGONIA,ARGONIA,,10/13/2017,33012,27466,FAILURE,280
1802,FAYETTE COUNTY BANK,SAINT ELMO,,5/26/2017,34370,33972,FAILURE,8088
30003,GUARANTY BANK,MILWAUKEE,,5/5/2017,1031900,1002026,FAILURE,131962
58302,FIRST NBC BANK,NEW ORLEANS,,4/28/2017,3325870,3032208,FAILURE,753398
35495,PROFICIO BANK,COTTONWOOD HEIGHTS,,3/3/2017,68208,65042,FAILURE,10121
19328,SEAWAY BANK AND TRUST COMPANY,CHICAGO,,1/27/2017,297809,256505,FAILURE,43691
34951,HARVEST COMMUNITY BANK,PENNSVILLE,,1/13/2017,124223,122177,FAILURE,22158
91,ALLIED BANK,MULBERRY,,9/23/2016,66336,64713,FAILURE,6213
11297,THE WOODBURY BANKING COMPANY,WOODBURY,,8/19/2016,21426,21122,FAILURE,3290
35312,FIRST CORNERSTONE BANK,KING OF PRUSSIA,,5/6/2016,103307,101040,FAILURE,10825
9956,TRUST COMPANY BANK,MEMPHIS,,4/29/2016,18998,20148,FAILURE,10372
20364,NORTH MILWAUKEE STATE BANK,MILWAUKEE,,3/11/2016,67115,61493,FAILURE,11773
35156,HOMETOWN NATIONAL BANK,LONGVIEW,,10/2/2015,3785,3705,FAILURE,995
35259,THE BANK OF GEORGIA,PEACHTREE CITY,,10/2/2015,286102,264234,FAILURE,27760
34112,PREMIER BANK,DENVER,,7/10/2015,26760,25480,FAILURE,1210
57772,EDGEBROOK BANK,CHICAGO,,5/8/2015,90034,90007,FAILURE,20647
32102,DORAL BANK,SAN JUAN,,2/27/2015,5898515,4097734,FAILURE,690704
33938,CAPITOL CITY BANK & TRUST COMPANY,ATLANTA,,2/13/2015,272311,262652,FAILURE,95942
20290,HIGHLAND COMMUNITY BANK,CHICAGO,,1/23/2015,54727,53453,FAILURE,4743
17557,FIRST NATIONAL BANK OF CRESTVIEW,CRESTVIEW,,1/16/2015,73804,73199,FAILURE,6329
34983,NORTHERN STAR BANK,MANKATO,,12/19/2014,18794,18221,FAILURE,3946
34738,"FRONTIER BANK, FSB",PALM DESERT,,11/7/2014,80736,76344,FAILURE,2905
916,THE NATIONAL REPUBLIC BANK OF CHICAGO,CHICAGO,,10/24/2014,843118,809638,FAILURE,54424
4862,NBRS FINANCIAL BANK,RISING SUN,,10/17/2014,155353,151559,FAILURE,19837
28462,"GREENCHOICE BANK, FSB",CHICAGO,,7/25/2014,70286,68722,FAILURE,18412
58125,EASTSIDE COMMERCIAL BANK,CONYERS,,7/18/2014,173946,166875,FAILURE,38334
12483,THE FREEDOM STATE BANK,FREEDOM,,6/27/2014,22816,20855,FAILURE,3734
10450,VALLEY BANK,MOLINE,,6/20/2014,456442,359953,FAILURE,47807
21793,VALLEY BANK,FORT LAUDERDALE,,6/20/2014,81843,66541,FAILURE,5439
32368,SLAVIE FEDERAL SAVINGS BANK,BEL AIR,,5/30/2014,140063,111142,FAILURE,10954
32284,COLUMBIA SAVINGS BANK,CINCINNATI,,5/23/2014,36484,29538,FAILURE,7224
57866,AZTECAMERICA BANK,BERWYN,,5/16/2014,66309,65031,FAILURE,21715
15062,ALLENDALE COUNTY BANK,FAIRFAX,,4/25/2014,49498,49356,FAILURE,22149
35096,"MILLENNIUM BANK, NATIONAL ASSOCIATION",STERLING,,2/28/2014,130305,121704,FAILURE,10940
58531,VANTAGE POINT BANK,HORSHAM,,2/28/2014,63453,62472,FAILURE,8956
34296,SYRINGA BANK,BOISE,,1/31/2014,153361,145813,FAILURE,3487
17967,THE  BANK OF UNION,EL RENO,,1/24/2014,317172,315843,FAILURE,93335
5732,DUPAGE NATIONAL BANK,WEST CHICAGO,,1/17/2014,53524,51878,FAILURE,1530
57431,"TEXAS COMMUNITY BANK, NATIONAL ASSOCIATION",THE WOODLANDS,,12/13/2013,159257,142640,FAILURE,14203
14794,BANK OF JACKSON COUNTY,GRACEVILLE,,10/30/2013,24724,24591,FAILURE,5849
14318,FIRST NATIONAL BANK,EDINBURG,,9/13/2013,3085764,2338335,FAILURE,616177
57041,THE COMMUNITY'S BANK,BRIDGEPORT,,9/13/2013,26368,25715,FAILURE,9211
19849,COMMUNITY SOUTH BANK,PARSONS,,8/23/2013,386908,377672,FAILURE,129719
34707,SUNRISE BANK OF ARIZONA,PHOENIX,,8/23/2013,202179,196924,FAILURE,15391
35016,BANK OF WAUSAU,WAUSAU,,8/9/2013,43564,40663,FAILURE,13428
34943,FIRST COMMUNITY BANK OF SOUTHWEST FLORIDA,FORT MYERS,,8/2/2013,247315,243618,FAILURE,24921
34789,MOUNTAIN NATIONAL BANK,SEVIERVILLE,,6/7/2013,437282,373366,FAILURE,33292
58358,1st COMMERCE BANK,NORTH LAS VEGAS,,6/6/2013,20152,19579,FAILURE,5208
35386,BANKS OF WISCONSIN,KENOSHA,,5/31/2013,134024,127590,FAILURE,22473
34527,CENTRAL ARIZONA BANK,SCOTTSDALE,,5/14/2013,31550,30822,FAILURE,5425
58185,SUNRISE BANK,VALDOSTA,,5/10/2013,60793,57775,FAILURE,16002
58701,PISGAH COMMUNITY BANK,ASHEVILLE,,5/10/2013,21880,21246,FAILURE,7943
21649,DOUGLAS COUNTY BANK,DOUGLASVILLE,,4/26/2013,317288,315326,FAILURE,89606
57158,PARKWAY BANK,LENOIR,,4/26/2013,109642,104709,FAILURE,16490
26680,HERITAGE BANK OF NORTH FLORIDA,ORANGE PARK,,4/19/2013,103960,106348,FAILURE,25231
29594,FIRST FEDERAL BANK,LEXINGTON,,4/19/2013,92982,87196,FAILURE,7767
58034,CHIPOLA COMMUNITY BANK,MARIANNA,,4/19/2013,37471,37067,FAILURE,7920
58066,GOLD CANYON BANK,GOLD CANYON,,4/5/2013,42125,41728,FAILURE,8263
16431,FRONTIER BANK,LAGRANGE,,3/8/2013,258840,224108,FAILURE,73446
22476,COVENANT BANK,CHICAGO,,2/15/2013,58422,54202,FAILURE,19576
57157,1ST REGENTS BANK,ANDOVER,,1/18/2013,49626,49147,FAILURE,12229
33997,WESTSIDE COMMUNITY BANK,UNIVERSITY PLACE,,1/11/2013,91935,91879,FAILURE,22860
27331,COMMUNITY BANK OF THE OZARKS,SUNRISE,,12/14/2012,42816,41881,FAILURE,13419
57928,HOMETOWN COMMUNITYBANK,BRASELTON,,11/16/2012,124561,108931,FAILURE,39665
3731,CITIZENS FIRST NATIONAL BANK,PRINCETON,,11/2/2012,923959,869440,FAILURE,32458
35009,HERITAGE BANK OF FLORIDA,LUTZ,,11/2/2012,225477,223309,FAILURE,73811
27148,NOVA BANK,BERWYN,,10/26/2012,444710,395248,FAILURE,85428
19189,EXCEL BANK,SEDALIA,,10/19/2012,186113,173670,FAILURE,29582
28144,FIRST EAST SIDE SAVINGS BANK,TAMARAC,,10/19/2012,65686,64888,FAILURE,12370
58073,GULFSOUTH PRIVATE BANK,DESTIN,,10/19/2012,139391,131579,FAILURE,40332
20685,FIRST UNITED BANK,CRETE,,9/28/2012,328422,316877,FAILURE,33841
27316,TRUMAN BANK,ST. LOUIS,,9/14/2012,282338,245716,FAILURE,39469
35246,FIRST COMMERCIAL BANK,BLOOMINGTON,,9/7/2012,215867,206809,FAILURE,65213
28243,WAUKEGAN SAVINGS BANK,WAUKEGAN,,8/3/2012,83679,73001,FAILURE,23518
16240,JASPER BANKING COMPANY,JASPER,,7/27/2012,206672,204238,FAILURE,49244
1361,HEARTLAND BANK,LEAWOOD,,7/20/2012,96002,89723,FAILURE,363
27986,SECOND FEDERAL SAVINGS AND LOAN ASSOCIATION OF CHICAGO,CHICAGO,,7/20/2012,190891,171627,FAILURE,86252
32711,FIRST CHEROKEE STATE BANK,WOODSTOCK,,7/20/2012,209021,182114,FAILURE,36215
57096,THE ROYAL PALM BANK OF FLORIDA,NAPLES,,7/20/2012,78771,78876,FAILURE,16848
57847,GEORGIA TRUST BANK,BUFORD,,7/20/2012,116890,114748,FAILURE,25335
1056,GLASGOW SAVINGS BANK,GLASGOW,,7/13/2012,22341,21809,FAILURE,1396
19498,MONTGOMERY BANK & TRUST,AILEY,,7/6/2012,153208,164181,FAILURE,65798
1690,THE FARMERS BANK OF LYNCHBURG,LYNCHBURG,,6/15/2012,163859,156402,FAILURE,33106
27405,PUTNAM STATE BANK,PALATKA,,6/15/2012,169489,160024,FAILURE,28751
35299,SECURITY EXCHANGE BANK,MARIETTA,,6/15/2012,150962,147896,FAILURE,44760
416,FIRST CAPITAL BANK,KINGFISHER,,6/8/2012,44448,44828,FAILURE,8725
9257,FARMERS' AND TRADERS' STATE BANK,SHABBONA,,6/8/2012,43077,42302,FAILURE,10243
34515,WACCAMAW BANK,WHITEVILLE,,6/8/2012,533114,472704,FAILURE,23756
35372,CAROLINA FEDERAL SAVINGS BANK,CHARLESTON,,6/8/2012,54373,53082,FAILURE,17630
35224,"ALABAMA TRUST BANK, NATIONAL ASSOCIATION",SYLACAUGA,,5/18/2012,51553,45149,FAILURE,10672
23156,"SECURITY BANK, NATIONAL ASSOCIATION",NORTH LAUDERDALE,,5/4/2012,101026,99067,FAILURE,15098
23632,PALM DESERT NATIONAL BANK,PALM DESERT,,4/27/2012,129253,129023,FAILURE,26331
26759,BANK OF THE EASTERN SHORE,CAMBRIDGE,,4/27/2012,162460,150951,FAILURE,57856
31495,"INTER SAVINGS BANK, FSB D/B/A/ INTERBANK, FSB",MAPLE GROVE,,4/27/2012,463840,458053,FAILURE,79681
32503,PLANTATION FEDERAL BANK,PAWLEYS ISLAND,,4/27/2012,433512,415943,FAILURE,83230
57766,HARVEST BANK OF MARYLAND,GAITHERSBURG,,4/27/2012,163019,145534,FAILURE,26694
35527,"FORT LEE FEDERAL SAVINGS BANK, FSB",FORT LEE,,4/20/2012,48861,47786,FAILURE,11925
33883,FIDELITY BANK,DEARBORN,,3/30/2012,818237,747640,FAILURE,97229
35419,PREMIER BANK,WILMETTE,,3/23/2012,268703,198953,FAILURE,69338
58068,CONVENANT BANK & TRUST,ROCK SPRING,,3/23/2012,95725,90632,FAILURE,30279
57597,NEW CITY BANK,CHICAGO,,3/9/2012,71202,72399,FAILURE,13227
34046,GLOBAL COMMERCE BANK,DORAVILLE,,3/2/2012,143678,116813,FAILURE,40289
5687,CENTRAL BANK OF GEORGIA,ELLAVILLE,,2/24/2012,278860,266589,FAILURE,51763
29178,HOME SAVINGS OF AMERICA,LITTLE FALLS,,2/24/2012,434111,432223,FAILURE,43037
23187,CHARTER NATIONAL BANK AND TRUST,HOFFMAN ESTATES,,2/10/2012,93894,89485,FAILURE,18454
29761,SCB BANK,SHELBYVILLE,,2/10/2012,182561,171365,FAILURE,38269
16579,FIRST GUARANTY BANK AND TRUST COMPANY OF JACKSONVILLE,JACKSONVILLE,,1/27/2012,397082,378309,FAILURE,54383
19869,BANKEAST,KNOXVILLE,,1/27/2012,261947,259571,FAILURE,74064
34823,PATRIOT BANK MINNESOTA,FOREST LAKE,,1/27/2012,105029,102833,FAILURE,35346
35296,TENNESSEE COMMERCE BANK,FRANKLIN,,1/27/2012,1009154,1037716,FAILURE,351815
19252,THE FIRST STATE BANK,STOCKBRIDGE,,1/20/2012,516760,509065,FAILURE,192145
31581,AMERICAN EAGLE SAVINGS BANK,BOOTHWYN,,1/20/2012,19259,17548,FAILURE,4671
57186,CENTRAL FLORIDA STATE BANK,BELLEVIEW,,1/20/2012,71485,71080,FAILURE,13697
57917,WESTERN NATIONAL BANK,PHOENIX,,12/16/2011,162872,144491,FAILURE,41735
58343,PREMIER COMMUNITY BANK OF THE EMERALD COAST,CRESTVIEW,,12/16/2011,125976,112050,FAILURE,25065
14194,POLK COUNTY BANK,JOHNSTON,,11/18/2011,91580,81967,FAILURE,16053
19657,CENTRAL PROGRESSIVE BANK,LACOMBE,,11/18/2011,383132,347720,FAILURE,48824
57860,COMMUNITY BANK OF ROCKMART,ROCKMART,,11/10/2011,62383,55906,FAILURE,20301
19397,"MID CITY BANK, INC.",OMAHA,,11/4/2011,106075,105461,FAILURE,10944
57087,SUNFIRST BANK,SAINT GEORGE,,11/4/2011,198081,169135,FAILURE,43575
57759,ALL AMERICAN BANK,DES PLAINES,,10/28/2011,34800,30542,FAILURE,13753
21132,COMMUNITY BANKS OF COLORADO,GREENWOOD VILLAGE,,10/21/2011,1280964,1239630,FAILURE,169247
34392,DECATUR FIRST BANK,DECATUR,,10/21/2011,184750,172042,FAILURE,24568
57036,COMMUNITY CAPITAL BANK,JONESBORO,,10/21/2011,165291,157808,FAILURE,64965
57537,OLD HARBOR BANK,CLEARWATER,,10/21/2011,209048,212184,FAILURE,26299
32347,"BLUE RIDGE SAVINGS BANK, INC.",ASHEVILLE,,10/14/2011,161430,159628,FAILURE,44112
35395,COUNTRY BANK,ALEDO,,10/14/2011,195034,180835,FAILURE,69305
57256,PIEDMONT COMMUNITY BANK,GRAY,,10/14/2011,198993,178773,FAILURE,88194
58046,FIRST STATE BANK,CRANFORD,,10/14/2011,191852,188099,FAILURE,45629
10216,THE RIVERBANK,WYOMING,,10/7/2011,419723,384120,FAILURE,71176
20115,SUN SECURITY BANK,ELLINGTON,,10/7/2011,351492,280649,FAILURE,93109
33513,FIRST INTERNATIONAL BANK,PLANO,,9/30/2011,239916,208775,FAILURE,58022
20408,BANK OF THE COMMONWEALTH,NORFOLK,,9/23/2011,985096,901845,FAILURE,238719
33983,CITIZENS BANK OF NORTHERN CALIFORNIA,NEVADA CITY,,9/23/2011,288765,253079,FAILURE,40895
25155,THE FIRST NATIONAL BANK OF FLORIDA,MILTON,,9/9/2011,296841,280095,FAILURE,75749
58226,CREEKSIDE BANK,WOODSTOCK,,9/2/2011,102338,96583,FAILURE,33845
58273,PATRIOT BANK OF GEORGIA,CUMMING,,9/2/2011,150751,140612,FAILURE,54248
35356,LYDIAN PRIVATE BANK,PALM BEACH,,8/19/2011,1700117,1253835,FAILURE,183624
57212,FIRST CHOICE BANK,GENEVA,,8/19/2011,141016,137215,FAILURE,34064
57239,FIRST SOUTHERN NATIONAL BANK,STATESBORO,,8/19/2011,164599,159673,FAILURE,22171
34130,PUBLIC SAVINGS BANK,HUNTINGDON VALLEY,,8/18/2011,46818,45770,FAILURE,15828
4744,THE FIRST NATIONAL BANK OF OLATHE,OLATHE,,8/12/2011,538091,524290,FAILURE,103328
22528,BANK OF WHITMAN,COLFAX,,8/5/2011,548570,515732,FAILURE,100914
22637,BANK OF SHOREWOOD,SHOREWOOD,,8/5/2011,110723,104021,FAILURE,29378
4392,INTEGRA BANK NATIONAL ASSOCIATION,EVANSVILLE,,7/29/2011,1994430,1693592,FAILURE,26334
58222,"BANKMERIDIAN, N.A.",COLUMBIA,,7/29/2011,232648,209737,FAILURE,49181
58283,VIRGINIA BUSINESS BANK,RICHMOND,,7/29/2011,83493,72955,FAILURE,19851
2994,BANK OF CHOICE,GREELEY,,7/22/2011,954106,818670,FAILURE,135593
35244,LANDMARK BANK OF FLORIDA,SARASOTA,,7/22/2011,266482,244362,FAILURE,37389
58056,SOUTHSHORE COMMUNITY BANK,APOLLO BEACH,,7/22/2011,41252,41434,FAILURE,11403
19554,HIGH TRUST BANK,STOCKBRIDGE,,7/15/2011,180340,177221,FAILURE,70772
34870,FIRST PEOPLES BANK,PORT SAINT LUCIE,,7/15/2011,225035,207621,FAILURE,13110
57442,SUMMIT BANK,PRESCOTT,,7/15/2011,73066,67471,FAILURE,14868
58238,ONE GEORGIA BANK,ATLANTA,,7/15/2011,177715,158123,FAILURE,40555
27935,FIRST CHICAGO BANK & TRUST,CHICAGO,,7/8/2011,896864,830530,FAILURE,192899
34522,COLORADO CAPITAL BANK,CASTLE ROCK,,7/8/2011,665806,635202,FAILURE,254944
57835,SIGNATURE  BANK,WINDSOR,,7/8/2011,62518,60349,FAILURE,23311
57593,MOUNTAIN HERITAGE BANK,CLAYTON,,6/24/2011,103716,89554,FAILURE,34480
19237,MCINTOSH STATE BANK,JACKSON,,6/17/2011,339929,324403,FAILURE,75418
27583,FIRST COMMERCIAL BANK OF TAMPA BAY,TAMPA,,6/17/2011,98624,92641,FAILURE,33477
58420,ATLANTIC BANK AND TRUST,CHARLESTON,,6/3/2011,208204,191614,FAILURE,31204
23626,FIRST HERITAGE BANK,SNOHOMISH,,5/27/2011,173478,163303,FAILURE,33596
513,SUMMIT BANK,BURLINGTON,,5/20/2011,142729,131631,FAILURE,24195
57213,ATLANTIC SOUTHERN BANK,MACON,,5/20/2011,741855,707643,FAILURE,280971
57647,FIRST GEORGIA BANKING COMPANY,FRANKLIN,,5/20/2011,730981,702231,FAILURE,134595
34898,COASTAL BANK,COCOA BEACH,,5/6/2011,129429,123950,FAILURE,18527
19797,THE PARK AVENUE BANK,VALDOSTA,,4/29/2011,849409,724483,FAILURE,212045
26297,FIRST NATIONAL BANK OF CENTRAL FLORIDA,WINTER PARK,,4/29/2011,342079,308784,FAILURE,42899
34234,COMMUNITY CENTRAL BANK,MOUNT CLEMENS,,4/29/2011,451683,371494,FAILURE,98636
57625,CORTEZ COMMUNITY  BANK,BROOKSVILLE,,4/29/2011,66282,65439,FAILURE,17194
58539,FIRST CHOICE COMMUNITY BANK,DALLAS,,4/29/2011,291196,294769,FAILURE,105180
14273,HERITAGE BANKING GROUP,CARTHAGE,,4/15/2011,228328,205035,FAILURE,37841
17750,SUPERIOR BANK,BIRMINGHAM,,4/15/2011,2977290,2736201,FAILURE,281381
19794,NEXITY BANK,BIRMINGHAM,,4/15/2011,757574,611681,FAILURE,182002
21495,BARTOW COUNTY BANK,CARTERSVILLE,,4/15/2011,314019,290005,FAILURE,83037
24099,ROSEMOUNT NATIONAL BANK,ROSEMOUNT,,4/15/2011,21454,20980,FAILURE,5398
57705,NEW HORIZONS BANK,EAST ELLIJAY,,4/15/2011,103055,99022,FAILURE,34708
10086,WESTERN SPRINGS NATIONAL BANK AND TRUST,WESTERN SPRINGS,,4/8/2011,186677,182441,FAILURE,38047
35418,NEVADA COMMERCE BANK,LAS VEGAS,,4/8/2011,135064,128573,FAILURE,38492
34292,THE BANK OF COMMERCE,WOOD DALE,,3/25/2011,163074,161379,FAILURE,44142
4077,THE FIRST NATIONAL BANK OF DAVIS,DAVIS,,3/11/2011,90183,68331,FAILURE,29846
34818,LEGACY BANK,MILWAUKEE,,3/11/2011,190418,183309,FAILURE,73718
34187,VALLEY COMMUNITY BANK,ST. CHARLES,,2/25/2011,123774,124179,FAILURE,28270
151,HABERSHAM BANK,CLARKESVILLE,,2/18/2011,387681,339934,FAILURE,119370
34601,CITIZENS BANK OF EFFINGHAM,SPRINGFIELD,,2/18/2011,214275,206490,FAILURE,48229
34783,"SAN LUIS TRUST BANK, FSB",SAN LUIS OBISPO,,2/18/2011,332596,272216,FAILURE,72906
57855,CHARTER OAK BANK,NAPA,,2/18/2011,120833,105309,FAILURE,20076
13272,BADGER STATE BANK,CASSVILLE,,2/11/2011,83828,78549,FAILURE,19454
14939,PEOPLES STATE BANK,HAMTRAMCK,,2/11/2011,390524,389868,FAILURE,103057
34692,CANYON NATIONAL BANK,PALM SPRINGS,,2/11/2011,210859,205285,FAILURE,15617
35478,SUNSHINE STATE COMMUNITY BANK,PORT ORANGE,,2/11/2011,125531,116715,FAILURE,32294
35242,NORTH GEORGIA BANK,WATKINSVILLE,,2/4/2011,153172,139672,FAILURE,48161
57432,AMERICAN TRUST BANK,ROSWELL,,2/4/2011,238205,222161,FAILURE,69323
57948,COMMUNITY FIRST BANK - CHICAGO,CHICAGO,,2/4/2011,51083,49504,FAILURE,10213
2303,THE FIRST STATE BANK,CAMARGO,,1/28/2011,44546,41204,FAILURE,33590
5328,EVERGREEN STATE BANK,STOUGHTON,,1/28/2011,240949,193694,FAILURE,28060
12261,FIRST COMMUNITY BANK,TAOS,,1/28/2011,2188154,1847851,FAILURE,230712
57646,FIRSTIER BANK,LOUISVILLE,,1/28/2011,764090,718797,FAILURE,232851
19758,ENTERPRISE BANKING COMPANY,MCDONOUGH,,1/21/2011,99461,94591,FAILURE,43538
31293,UNITED WESTERN BANK,DENVER,,1/21/2011,2153690,1535194,FAILURE,133359
34516,THE BANK OF ASHEVILLE,ASHEVILLE,,1/21/2011,204925,199394,FAILURE,43945
57868,COMMUNITYSOUTH BANK AND TRUST,EASLEY,,1/21/2011,340986,314250,FAILURE,45189
57440,OGLETHORPE BANK,BRUNSWICK,,1/14/2011,211149,201369,FAILURE,84066
34965,FIRST COMMERCIAL BANK OF FLORIDA,ORLANDO,,1/7/2011,578638,537223,FAILURE,88904
57820,LEGACY BANK,SCOTTSDALE,,1/7/2011,136446,119685,FAILURE,32224
19040,THE BANK OF MIAMI,CORAL GABLES,,12/17/2010,448150,374218,FAILURE,28965
23306,COMMUNITY NATIONAL BANK,LINO LAKES,,12/17/2010,31569,28844,FAILURE,5827
34578,CHESTATEE STATE BANK,DAWSONVILLE,,12/17/2010,244376,240476,FAILURE,83075
35065,UNITED AMERICAS BANK,ATLANTA,,12/17/2010,242339,193803,FAILURE,96415
58052,FIRST SOUTHERN BANK,BATESVILLE,,12/17/2010,191764,155803,FAILURE,24771
58495,"APPALACIAN COMMUNITY BANK, F.S.B.",MCCAYSVILLE,,12/17/2010,68201,76360,FAILURE,28452
34673,PARAMOUNT BANK,FARMINGTON HILLS,,12/10/2010,252744,213550,FAILURE,68586
35561,EARTHSTAR BANK,SOUTHAMPTON,,12/10/2010,112643,104505,FAILURE,22495
5287,FIRST BANKING CENTER,BURLINGTON,,11/19/2010,750724,664752,FAILURE,86071
20340,GULF STATE COMMUNITY BANK,CARRABELLE,,11/19/2010,112144,112193,FAILURE,44443
35078,ALLEGIANCE BANK OF NORTH AMERICA,BALA CYNWYD,,11/19/2010,106595,91996,FAILURE,12652
14580,DARBY BANK & TRUST COMPANY,VIDALIA,,11/12/2010,654714,587626,FAILURE,125908
35463,COPPER STAR BANK,SCOTTSDALE,,11/12/2010,203955,190182,FAILURE,52561
57831,TIFTON BANKING COMPANY,TIFTON,,11/12/2010,143729,141573,FAILURE,21383
31263,K BANK,RANDALLSTOWN,,11/5/2010,538258,500056,FAILURE,136316
34411,PIERCE COMMERCIAL BANK,TACOMA,,11/5/2010,221082,193473,FAILURE,26754
57885,FIRST VIETNAMESE AMERICAN BANK,WESTMINSTER,,11/5/2010,48000,47012,FAILURE,14264
58087,WESTERN COMMERCIAL BANK,WOODLAND HILLS,,11/5/2010,98635,101127,FAILURE,16943
2119,THE FIRST NATIONAL BANK OF BARNESVILLE,BARNESVILLE,,10/22/2010,126622,122880,FAILURE,46897
16089,FIRST SUBURBAN NATIONAL BANK,MAYWOOD,,10/22/2010,143451,135475,FAILURE,44303
22173,HILLCREST BANK,OVERLAND PARK,,10/22/2010,1583611,1488785,FAILURE,275262
27573,FIRST BANK OF JACKSONVILLE,JACKSONVILLE,,10/22/2010,73922,72198,FAILURE,14277
32251,PROGRESS BANK OF FLORIDA,TAMPA,,10/22/2010,94823,86861,FAILURE,34562
32582,"FIRST ARIZONA SAVINGS, A FSB",SCOTTSDALE,,10/22/2010,255920,190615,FAILURE,26776
33904,THE GORDON BANK,GORDON,,10/22/2010,29259,26867,FAILURE,10354
30898,"SECURITY SAVINGS BANK, F.S.B.",OLATHE,,10/15/2010,453349,347080,FAILURE,53100
34016,PREMIER BANK,JEFFERSON CITY,,10/15/2010,989382,869367,FAILURE,308543
58205,WESTBRIDGE BANK AND TRUST COMPANY,CHESTERFIELD,,10/15/2010,87782,70131,FAILURE,22436
21777,WAKULLA BANK,CRAWFORDVILLE,,10/1/2010,402205,367228,FAILURE,119933
35250,SHORELINE BANK,SHORELINE,,10/1/2010,92980,90644,FAILURE,23478
35053,NORTH COUNTY BANK,ARLINGTON,,9/24/2010,288776,276081,FAILURE,70800
58308,HAVEN TRUST BANK FLORIDA,PONTE VEDRA BEACH,,9/24/2010,148575,133561,FAILURE,34827
182,THE PEOPLES BANK,WINDER,,9/17/2010,447185,398181,FAILURE,101852
27808,BRAMBLE SAVINGS BANK,MILFORD,,9/17/2010,47523,41551,FAILURE,17928
28612,MARITIME SAVINGS BANK,WEST ALLIS,,9/17/2010,350488,248134,FAILURE,88384
57107,ISN BANK,CHERRY HILL,,9/17/2010,81564,79652,FAILURE,18856
57448,FIRST COMMERCE COMMUNITY BANK,DOUGLASVILLE,,9/17/2010,248151,242831,FAILURE,101039
58197,THE BANK OF ELLIJAY,ELLIJAY,,9/17/2010,168820,160718,FAILURE,79709
35061,HORIZON BANK,BRADENTON,,9/10/2010,187819,164594,FAILURE,61295
15640,SHOREBANK,CHICAGO,,8/20/2010,2166431,1547403,FAILURE,525962
25266,COMMUNITY NATIONAL BANK AT BARTOW,BARTOW,,8/20/2010,67918,63708,FAILURE,9170
27090,PACIFIC STATE BANK,STOCKTON,,8/20/2010,312077,278832,FAILURE,34038
27259,SONOMA VALLEY BANK,SONOMA,,8/20/2010,337113,255501,FAILURE,10285
27344,INDEPENDENT NATIONAL BANK,OCALA,,8/20/2010,156218,141877,FAILURE,11982
31623,IMPERIAL SAVINGS AND LOAN ASSOCIATION,MARTINSVILLE,,8/20/2010,9448,10090,FAILURE,4746
32165,LOS PADRES BANK,SOLVANG,,8/20/2010,866459,770899,FAILURE,3434
33219,BUTTE COMMUNITY BANK,CHICO,,8/20/2010,498751,471256,FAILURE,1663
17599,PALOS BANK AND TRUST COMPANY,PALOS HEIGHTS,,8/13/2010,493391,467784,FAILURE,66962
34231,RAVENSWOOD BANK,CHICAGO,,8/6/2010,264628,269448,FAILURE,67728
9619,COASTAL COMMUNITY BANK,PANAMA CITY BEACH,,7/30/2010,377469,370016,FAILURE,116866
22643,THE COWLITZ BANK,LONGVIEW,,7/30/2010,489019,474742,FAILURE,31361
31964,LIBERTYBANK,EUGENE,,7/30/2010,714574,692670,FAILURE,50954
57658,NORTHWEST BANK & TRUST,ACWORTH,,7/30/2010,160763,155531,FAILURE,33627
57669,BAYSIDE SAVINGS BANK,PORT SAINT JOE,,7/30/2010,64344,52720,FAILURE,12479
10506,THUNDER BANK,SYLVAN GROVE,,7/23/2010,28248,27048,FAILURE,6651
17837,WILLIAMSBURG FIRST NATIONAL BANK,KINGSTREE,,7/23/2010,130411,126993,FAILURE,2425
23181,HOME VALLEY BANK,CAVE JUNCTION,,7/23/2010,250488,227935,FAILURE,28068
27559,CRESCENT BANK AND TRUST COMPANY,JASPER,,7/23/2010,970235,932809,FAILURE,303698
32536,STERLING BANK,LANTANA,,7/23/2010,354966,329541,FAILURE,41792
34486,COMMUNITY SECURITY BANK,NEW PRAGUE,,7/23/2010,100649,95100,FAILURE,18495
35434,SOUTHWESTUSA BANK,LAS VEGAS,,7/23/2010,203690,183985,FAILURE,86297
25172,METRO BANK OF DADE COUNTY,MIAMI,,7/16/2010,399441,375522,FAILURE,64179
28136,"MAINSTREET SAVINGS BANK, FSB",HASTINGS,,7/16/2010,96584,63291,FAILURE,12789
28864,OLDE CYPRESS COMMUNITY BANK,CLEWISTON,,7/16/2010,161355,157997,FAILURE,25533
32280,TURNBERRY BANK,AVENTURA,,7/16/2010,240251,179169,FAILURE,28658
32571,WOODLANDS BANK,BLUFFTON,,7/16/2010,382803,364808,FAILURE,107349
35383,FIRST NATIONAL BANK OF THE SOUTH,SPARTANBURG,,7/16/2010,619374,550891,FAILURE,68274
11636,HOME NATIONAL BANK,BLACKWELL,,7/9/2010,585445,514038,FAILURE,65822
32456,IDEAL FEDERAL SAVINGS BANK,BALTIMORE,,7/9/2010,6177,5803,FAILURE,3694
35462,BAY NATIONAL BANK,BALTIMORE,,7/9/2010,217743,212612,FAILURE,21144
58072,USA BANK,PORT CHESTER,,7/9/2010,190678,188644,FAILURE,63537
26563,PENINSULA BANK,ENGLEWOOD,,6/25/2010,630179,580140,FAILURE,184045
34152,FIRST NATIONAL BANK,SAVANNAH,,6/25/2010,252520,231857,FAILURE,78167
35279,HIGH DESERT STATE BANK,ALBUQUERQUE,,6/25/2010,80343,80985,FAILURE,28392
57110,NEVADA SECURITY BANK,RENO,,6/18/2010,492491,479759,FAILURE,70039
32955,WASHINGTON FIRST INTERNATIONAL BANK,SEATTLE,,6/11/2010,520887,441362,FAILURE,95151
15814,FIRST NATIONAL BANK,ROSEDALE,,6/4/2010,60449,63483,FAILURE,18085
29341,TIERONE BANK,LINCOLN,,6/4/2010,2824737,2185817,FAILURE,0
31813,ARCOLA HOMESTEAD SAVINGS BANK,ARCOLA,,6/4/2010,17028,18092,FAILURE,11534
34785,SUN WEST BANK,LAS VEGAS,,5/28/2010,360662,353943,FAILURE,115960
35106,BANK OF FLORIDA - SOUTHWEST,NAPLES,,5/28/2010,640894,559897,FAILURE,87638
57315,"GRANITE COMMUNITY BANK, NATIONAL ASSOCIATION",GRANITE BAY,,5/28/2010,102913,94252,FAILURE,13175
57360,BANK OF FLORIDA - SOUTHEAST,FORT LAUDERDALE,,5/28/2010,595318,531752,FAILURE,60470
57814,BANK OF FLORIDA - TAMPA BAY,TAMPA BAY,,5/28/2010,240513,224024,FAILURE,30582
57735,PINEHURST BANK,ST. PAUL,,5/21/2010,61215,58288,FAILURE,8410
18117,MIDWEST BANK AND TRUST COMPANY,ELMWOOD PARK,,5/14/2010,3172915,2420738,FAILURE,0
34255,SOUTHWEST COMMUNITY BANK,SPRINGFIELD,,5/14/2010,100659,102463,FAILURE,25580
35114,SATILLA COMMUNITY BANK,SAINT MARYS,,5/14/2010,135688,134005,FAILURE,36321
35586,NEW LIBERTY BANK,PLYMOUTH,,5/14/2010,111239,101884,FAILURE,23558
14246,THE BANK OF BONIFAY,BONIFAY,,5/7/2010,242871,230190,FAILURE,65887
16476,ACCESS BANK,CHAMPLIN,,5/7/2010,31996,31969,FAILURE,7916
35517,1st PACIFIC BANK OF CALIFORNIA,SAN DIEGO,,5/7/2010,335798,291173,FAILURE,6342
57697,TOWNE BANK OF ARIZONA,MESA,,5/7/2010,120246,113243,FAILURE,44322
17792,BC NATIONAL BANKS,BUTLER,,4/30/2010,52204,43635,FAILURE,8620
22710,FRONTIER BANK,EVERETT,,4/30/2010,3250734,2846886,FAILURE,453920
27150,EUROBANK,SAN JUAN,,4/30/2010,2453138,1861350,FAILURE,539124
30005,CF BANCORP,PORT HURON,,4/30/2010,1599122,1418445,FAILURE,340615
31027,WESTERNBANK PUERTO RICO,MAYAGUEZ,,4/30/2010,10797345,8420357,FAILURE,2174156
32185,R-G PREMIER BANK OF PUERTO RICO,HATO REY,,4/30/2010,5681177,4220108,FAILURE,978974
58362,CHAMPION BANK,CREVE COEUR,,4/30/2010,195510,162816,FAILURE,57091
3735,"AMCORE BANK, NATIONAL ASSOCIATION",ROCKFORD,,4/23/2010,3066240,2743485,FAILURE,11098
10888,PEOTONE BANK AND TRUST COMPANY,PEOTONE,,4/23/2010,130165,124676,FAILURE,45596
22853,BROADWAY BANK,CHICAGO,,4/23/2010,1059194,1023421,FAILURE,377438
30600,LINCOLN PARK SAVINGS BANK,CHICAGO,,4/23/2010,194618,162627,FAILURE,37917
34658,CITIZENS BANK & TRUST COMPANY OF CHICAGO,CHICAGO,,4/23/2010,73490,72772,FAILURE,41327
34821,NEW CENTURY BANK,CHICAGO,,4/23/2010,447239,438999,FAILURE,132056
58429,WHEATLAND BANK,NAPERVILLE,,4/23/2010,441694,448917,FAILURE,189658
21521,CITY BANK,LYNNWOOD,,4/16/2010,981913,919606,FAILURE,154993
23876,INNOVATIVE BANK,OAKLAND,,4/16/2010,266816,223164,FAILURE,22715
24067,RIVERSIDE NATIONAL BANK OF FLORIDA,FORT PIERCE,,4/16/2010,3393818,2724475,FAILURE,0
26619,BUTLER BANK,LOWELL,,4/16/2010,245534,227420,FAILURE,18261
28886,FIRST FEDERAL BANK OF NORTH FLORIDA,PALATKA,,4/16/2010,440122,369617,FAILURE,11969
33493,TAMALPAIS BANK,SAN RAFAEL,,4/16/2010,611504,457206,FAILURE,0
34878,LAKESIDE COMMUNITY BANK,STERLING HEIGHTS,,4/16/2010,49173,48622,FAILURE,20977
57724,AMERICANFIRST BANK,CLERMONT,,4/16/2010,104034,100070,FAILURE,16404
34242,BEACH FIRST NATIONAL BANK,MYRTLE BEACH,,4/9/2010,590024,521138,FAILURE,164585
34678,UNITY NATIONAL BANK,CARTERSVILLE,,3/26/2010,300590,264286,FAILURE,73589
34684,KEY WEST BANK,KEY WEST,,3/26/2010,88031,67662,FAILURE,16210
57060,DESERT HILLS BANK,PHOENIX,,3/26/2010,496552,426473,FAILURE,108862
57399,MCINTOSH COMMERCIAL BANK,CARROLLTON,,3/26/2010,363405,343339,FAILURE,164026
8221,STATE BANK OF AURORA,AURORA,,3/19/2010,28159,27801,FAILURE,7026
10054,BANK OF HIAWASSEE,HIAWASSEE,,3/19/2010,377779,339597,FAILURE,107263
18806,AMERICAN NATIONAL BANK,PARMA,,3/19/2010,70318,66752,FAILURE,14960
24957,FIRST LOWNDES BANK,FORT DEPOSIT,,3/19/2010,137175,131117,FAILURE,11725
33535,ADVANTA BANK CORP.,DRAPER,,3/19/2010,1525931,1519471,FAILURE,521525
33989,APPALACHIAN COMMUNITY BANK,ELLIJAY,,3/19/2010,1010075,917575,FAILURE,456455
58104,CENTURY SECURITY BANK,DULUTH,,3/19/2010,96535,93967,FAILURE,37707
27096,THE PARK AVENUE BANK,NEW YORK,,3/12/2010,520146,494505,FAILURE,76368
29561,STATEWIDE BANK,COVINGTON,,3/12/2010,243215,207821,FAILURE,26124
58182,OLD SOUTHERN BANK,ORLANDO,,3/12/2010,336390,319746,FAILURE,76501
58071,LIBERTYPOINTE BANK,NEW YORK,,3/11/2010,216500,209477,FAILURE,18407
9268,BANK OF ILLINOIS,NORMAL,,3/5/2010,211711,198487,FAILURE,18737
27126,SUN AMERICAN BANK,BOCA RATON,,3/5/2010,535724,443481,FAILURE,122301
34430,CENTENNIAL BANK,OGDEN,,3/5/2010,212839,205076,FAILURE,70515
34976,WATERFIELD BANK,GERMANTOWN,,3/5/2010,155566,156188,FAILURE,11322
38129,RAINIER PACIFIC BANK,TACOMA,,2/26/2010,717806,446192,FAILURE,2752
58352,CARSON RIVER COMMUNITY BANK,CARSON CITY,,2/26/2010,51095,50024,FAILURE,14451
3287,THE LA COSTE NATIONAL BANK,LA COSTE,,2/19/2010,53936,49275,FAILURE,5709
29952,GEORGE WASHINGTON SAVINGS BANK,ORLAND PARK,,2/19/2010,413673,395310,FAILURE,118852
32423,"LA JOLLA BANK, FSB",LA JOLLA,,2/19/2010,3646071,2799362,FAILURE,560147
57586,MARCO COMMUNITY BANK,MARCO ISLAND,,2/19/2010,119578,117097,FAILURE,25614
15448,1ST AMERICAN STATE BANK OF MINNESOTA,HANCOCK,,2/5/2010,18155,16327,FAILURE,4521
5672,FLORIDA COMMUNITY BANK,IMMOKALEE,,1/29/2010,835701,776556,FAILURE,308984
5702,COMMUNITY BANK & TRUST,CORNELIA,,1/29/2010,1181717,1067957,FAILURE,477153
16133,"MARSHALL BANK, NATIONAL ASSOCIATION",HALLOCK,,1/29/2010,58566,55662,FAILURE,1063
16480,FIRST NATIONAL BANK OF GEORGIA,CARROLLTON,,1/29/2010,840633,780196,FAILURE,203881
16730,AMERICAN MARINE BANK,BAINBRIDGE ISLAND,,1/29/2010,329246,287443,FAILURE,28352
23011,FIRST REGIONAL BANK,LOS ANGELES,,1/29/2010,2082684,1664450,FAILURE,224134
8265,BANK OF LEETON,LEETON,,1/22/2010,20128,20335,FAILURE,7092
20501,EVERGREEN BANK,SEATTLE,,1/22/2010,395980,340378,FAILURE,43422
22469,COLUMBIA RIVER BANK,THE DALLES,,1/22/2010,955112,908132,FAILURE,54899
32498,CHARTER BANK,SANTA FE,,1/22/2010,1201922,859933,FAILURE,127197
57147,PREMIER AMERICAN BANK,MIAMI,,1/22/2010,299225,285554,FAILURE,84454
1252,BARNES BANKING COMPANY,KAYSVILLE,,1/15/2010,709171,697109,FAILURE,106769
17522,ST. STEPHEN STATE BANK,ST. STEPHEN,,1/15/2010,22895,23912,FAILURE,7707
34705,TOWN COMMUNITY BANK AND TRUST,ANTIOCH,,1/15/2010,70758,68323,FAILURE,23289
22977,HORIZON BANK,BELLINGHAM,,1/8/2010,1188956,1049063,FAILURE,205488
1006,CITIZENS STATE BANK,NEW BALTIMORE,,12/18/2009,168551,157149,FAILURE,68171
26348,IMPERIAL CAPITAL BANK,LA JOLLA,,12/18/2009,4046888,2822300,FAILURE,266543
26820,INDEPENDENT BANKERS' BANK,SPRINGFIELD,,12/18/2009,585508,511473,FAILURE,0
28536,"FIRST FEDERAL BANK OF CALIFORNIA,  A FEDERAL SAVINGS BANK",SANTA MONICA,,12/18/2009,6143903,4538607,FAILURE,0
32167,PEOPLES FIRST COMMUNITY BANK,PANAMA CITY,,12/18/2009,1795420,1684443,FAILURE,597058
32276,NEW SOUTH FEDERAL SAVINGS BANK,IRONDALE,,12/18/2009,1464127,1163916,FAILURE,311641
58315,ROCKBRIDGE COMMERCIAL BANK,ATLANTA,,12/18/2009,294024,291707,FAILURE,98837
4731,SOLUTIONSBANK,OVERLAND PARK,,12/11/2009,511103,421271,FAILURE,93393
22846,"REPUBLIC FEDERAL BANK, N.A.",MIAMI,,12/11/2009,433011,352695,FAILURE,77977
58399,"VALLEY CAPITAL BANK, N.A.",MESA,,12/11/2009,40270,41312,FAILURE,15047
10440,BENCHMARK BANK,AURORA,,12/4/2009,173062,182760,FAILURE,79321
12080,THE TATNALL BANK,REIDSVILLE,,12/4/2009,49612,47100,FAILURE,14705
26290,FIRST SECURITY NATIONAL BANK,NORCROSS,,12/4/2009,127455,121645,FAILURE,34282
29776,AMTRUST BANK,CLEVELAND,,12/4/2009,11438990,8558609,FAILURE,1686815
32583,GREATER ATLANTIC BANK,RESTON,,12/4/2009,203262,179248,FAILURE,26610
34663,THE BUCKHEAD COMMUNITY BANK,ATLANTA,,12/4/2009,856236,813668,FAILURE,310552
58016,COMMERCE BANK OF SOUTHWEST FLORIDA,FORT MYERS,,11/20/2009,70997,72821,FAILURE,32236
22427,ORION BANK,NAPLES,,11/13/2009,2612515,2169446,FAILURE,713129
32267,"CENTURY BANK, A FEDERAL SAVINGS BANK",SARASOTA,,11/13/2009,755923,659742,FAILURE,306877
57914,PACIFIC COAST NATIONAL BANK,SAN CLEMENTE,,11/13/2009,131418,128867,FAILURE,33470
19450,GATEWAY BANK OF ST LOUIS,ST LOUIS,,11/6/2009,26882,27534,FAILURE,11648
22286,UNITED SECURITY BANK,SPARTA,,11/6/2009,153639,149616,FAILURE,60895
30329,HOME FEDERAL SAVINGS BANK,DETROIT,,11/6/2009,12994,12730,FAILURE,8612
32469,UNITED COMMERCIAL BANK,SAN FRANCISCO,,11/6/2009,10895336,7653666,FAILURE,572640
35074,PROSPERAN BANK,OAKDALE,,11/6/2009,197442,182794,FAILURE,31685
11677,PARK NATIONAL BANK,CHICAGO,,10/30/2009,4680881,3716626,FAILURE,2992
18776,NORTH HOUSTON BANK,HOUSTON,,10/30/2009,325474,307166,FAILURE,12000
23594,SAN DIEGO NATIONAL BANK,SAN DIEGO,,10/30/2009,3594544,2891576,FAILURE,36350
25222,CITIZENS NATIONAL BANK,TEAGUE,,10/30/2009,118236,97590,FAILURE,5846
30006,PACIFIC NATIONAL BANK,SAN FRANCISCO,,10/30/2009,2319263,1757986,FAILURE,58567
32218,"BANK USA, NA",PHOENIX,,10/30/2009,213205,170685,FAILURE,11741
33782,MADISONVILLE STATE BANK,MADISONVILLE,,10/30/2009,256330,224653,FAILURE,0
34659,CALIFORNIA NATIONAL BANK,LOS ANGELES,,10/30/2009,7781100,6145207,FAILURE,182213
35291,COMMUNITY BANK OF LEMONT,LEMONT,,10/30/2009,81843,80688,FAILURE,25945
18321,BANK OF ELMWOOD,RACINE,,10/23/2009,327444,272782,FAILURE,99463
35038,FIRST DUPAGE BANK,WESTMONT,,10/23/2009,262093,253992,FAILURE,85319
35044,FLAGSHIP NATIONAL BANK,BRADENTON,,10/23/2009,177563,170118,FAILURE,62112
57525,RIVERVIEW COMMUNITY BANK,OSTEGO,,10/23/2009,99057,75012,FAILURE,23476
57794,AMERICAN UNITED BANK,LAWRENCEVILLE,,10/23/2009,110094,102386,FAILURE,44018
57959,PARTNERS BANK,NAPLES,,10/23/2009,65498,64798,FAILURE,31809
58336,HILLCREST BANK FLORIDA,NAPLES,,10/23/2009,82774,83254,FAILURE,42976
23266,SAN JOAQUIN BANK,BAKERSFIELD,,10/16/2009,766359,626359,FAILURE,79080
11416,JENNINGS STATE BANK,SPRING GROVE,,10/2/2009,52347,50801,FAILURE,18876
34824,WARREN BANK,WARREN,,10/2/2009,504816,467767,FAILURE,217487
57263,SOUTHERN COLORADO NATIONAL BANK,PUEBLO,,10/2/2009,37142,29568,FAILURE,8323
57151,GEORGIAN BANK,ATLANTA,,9/25/2009,2230230,1960123,FAILURE,960820
10100,IRWIN UNION BANK AND TRUST COMPANY,COLUMBUS,,9/18/2009,2839747,2254025,FAILURE,755962
57068,"IRWIN UNION BANK, FSB",LOUISVILLE,,9/18/2009,518151,462611,FAILURE,114006
13693,"CORUS BANK, N.A.",CHICAGO,,9/11/2009,7003321,7060693,FAILURE,0
22868,VENTURE BANK,LACEY,,9/11/2009,968385,917729,FAILURE,201128
57736,BRICKWELL COMMUNITY BANK,WOODBURY,,9/11/2009,72576,64981,FAILURE,24597
20203,INBANK,OAK FOREST,,9/4/2009,209848,209211,FAILURE,56911
25231,FIRST BANK OF KANSAS CITY,KANSAS CITY,,9/4/2009,15723,14479,FAILURE,7548
27732,VANTUS BANK,SIOUX CITY,,9/4/2009,503643,394369,FAILURE,101576
34875,FIRST STATE BANK,FLAGSTAFF,,9/4/2009,107235,95734,FAILURE,49833
35030,PLATINUM COMMUNITY BANK,ROLLING MEADOWS,,9/4/2009,147961,110186,FAILURE,0
1909,MAINSTREET BANK,FOREST LAKE,,8/28/2009,458533,432818,FAILURE,89930
27197,AFFINITY BANK,VENTURA,,8/28/2009,1211431,905593,FAILURE,234069
28312,BRADFORD BANK,BALTIMORE,,8/28/2009,451888,382159,FAILURE,46897
22130,CAPITALSOUTH BANK,BIRMINGHAM,,8/21/2009,586586,539422,FAILURE,126332
32618,GUARANTY BANK,AUSTIN,,8/21/2009,13464352,11984112,FAILURE,0
34682,EBANK,ATLANTA,,8/21/2009,144688,131510,FAILURE,49948
57702,FIRST COWETA,NEWNAN,,8/21/2009,163755,154903,FAILURE,66684
9609,COLONIAL BANK,MONTGOMERY,,8/14/2009,25455112,20072099,FAILURE,2368927
31559,DWELLING HOUSE SAVINGS AND LOAN,PITTSBURGH,,8/14/2009,12947,12984,FAILURE,8352
34043,COMMUNITY BANK OF NEVADA,LAS VEGAS,,8/14/2009,1397798,1372744,FAILURE,557962
34485,"UNION BANK, NATIONAL ASSOCIATION",GILBERT,,8/14/2009,119529,110362,FAILURE,51989
57645,COMMUNITY BANK OF ARIZONA,PHOENIX,,8/14/2009,158517,143834,FAILURE,26760
23268,COMMUNITY FIRST BANK,PRINEVILLE,,8/7/2009,199508,180691,FAILURE,73567
27183,COMMUNITY NATIONAL BANK OF SARASOTA COUNTY,VENICE,,8/7/2009,92528,92352,FAILURE,25369
27364,FIRST STATE BANK,SARASOTA,,8/7/2009,447667,394701,FAILURE,119466
9873,FIRST STATE BANK OF ALTUS,ALTUS,,7/31/2009,90867,98161,FAILURE,25969
18659,MUTUAL BANK,HARVEY,,7/31/2009,1595657,1546525,FAILURE,793841
32288,PEOPLES COMMUNITY BANK,WEST CHESTER,,7/31/2009,606153,538787,FAILURE,61523
34270,FIRST BANKAMERICANO,ELIZABTH,,7/31/2009,163372,155463,FAILURE,20048
57604,INTEGRITY BANK,JUPITER,,7/31/2009,105298,98511,FAILURE,36473
8486,SECURITY BANK OF JONES COUNTY,GRAY,,7/24/2009,432712,375238,FAILURE,98201
27048,SECURITY BANK OF HOUSTON COUNTY,PERRY,,7/24/2009,371624,313155,FAILURE,50980
27367,SECURITY BANK OF BIBB COUNTY,MACON,,7/24/2009,943744,831437,FAILURE,414269
57105,SECURITY BANK OF NORTH METRO,WOODSTOCK,,7/24/2009,184184,182413,FAILURE,102031
57346,SECURITY BANK OF GWINNETT COUNTY,SUWANNEE,,7/24/2009,259182,256578,FAILURE,193409
57430,SECURITY BANK OF NORTH FULTON,ALPHARETTA,,7/24/2009,190564,179523,FAILURE,49000
58065,WATERFORD VILLAGE BANK,WILLIAMSVILLE,,7/24/2009,55707,56145,FAILURE,7875
23556,"VINEYARD BANK, NATIONAL ASSOCIATION",RANCHO CUCAMONGA,,7/17/2009,1638378,1526186,FAILURE,278591
34103,BANKFIRST,SIOUX FALLS,,7/17/2009,210844,232203,FAILURE,110201
34341,TEMECULA VALLEY BANK,TEMECULA,,7/17/2009,1396622,1276287,FAILURE,227400
34594,FIRST PIEDMONT BANK,WINDER,,7/17/2009,114113,108499,FAILURE,37998
22754,BANK OF WYOMING,THERMOPOLIS,,7/10/2009,70188,66598,FAILURE,32543
3644,THE FIRST NATIONAL BANK OF DANVILLE,DANVILLE,,7/2/2009,148218,140185,FAILURE,24202
9262,THE ELIZABETH STATE BANK,ELIZABETH,,7/2/2009,55027,48131,FAILURE,9832
11710,THE FIRST STATE BANK OF WINCHESTER,WINCHESTER,,7/2/2009,30073,30806,FAILURE,8030
12093,THE JOHN WARNER BANK,CLINTON,,7/2/2009,69609,65179,FAILURE,14315
15302,ROCK RIVER BANK,OREGON,,7/2/2009,74808,74896,FAILURE,18558
18390,FOUNDERS BANK,WORTH,,7/2/2009,889172,832160,FAILURE,129512
57667,MILLENNIUM STATE BANK OF TEXAS,DALLAS,,7/2/2009,118601,115478,FAILURE,52700
9744,HORIZON BANK,PINE CITY,,6/26/2009,84763,69254,FAILURE,24010
35285,NEIGHBORHOOD COMMUNITY BANK,NEWNAN,,6/26/2009,212616,190070,FAILURE,80745
57332,MIRAE BANK,LOS ANGELES,,6/26/2009,480619,409951,FAILURE,45309
57436,COMMUNITY BANK OF WEST GEORGIA,VILLA RICA,,6/26/2009,201222,189398,FAILURE,71712
57893,METROPACIFIC BANK,IRVINE,,6/26/2009,75316,70078,FAILURE,32168
4614,FIRST NATIONAL BANK OF ANTHONY,ANTHONY,,6/19/2009,156954,142551,FAILURE,33230
27837,COOPERATIVE BANK,WILMINGTON,,6/19/2009,966778,768479,FAILURE,287345
35251,SOUTHERN COMMUNITY BANK,FAYETTEVILLE,,6/19/2009,371695,297962,FAILURE,136636
17309,BANK OF LINCOLNWOOD,LINCOLNWOOD,,6/5/2009,212718,209285,FAILURE,70928
5757,CITIZENS NATIONAL BANK,MACOMB,,5/22/2009,438560,393635,FAILURE,30439
35175,STRATEGIC CAPITAL BANK,CHAMPAIGN,,5/22/2009,546576,479384,FAILURE,92681
32247,"BANKUNITED, FSB",CORAL GABLES,,5/21/2009,13111463,8775985,FAILURE,5228684
34843,WESTSOUND BANK,BREMERTON,,5/8/2009,334608,304464,FAILURE,81050
26535,"SILVERTON BANK, NATIONAL ASSOCIATION",ATLANTA,,5/1/2009,4157246,3314928,FAILURE,639419
35461,AMERICA WEST BANK,LAYTON,,5/1/2009,281564,286040,FAILURE,114287
57563,CITIZENS COMMUNITY BANK,RIDGEWOOD,,5/1/2009,40657,40664,FAILURE,18187
32069,FIRST BANK OF BEVERLY HILLS,CALABASAS,,4/24/2009,1260354,866492,FAILURE,8430
34369,MICHIGAN HERITAGE BANK,FARMINGTON HILLS,,4/24/2009,167710,149065,FAILURE,48551
34396,"FIRST BANK OF IDAHO, FSB",KETCHUM,,4/24/2009,490656,370580,FAILURE,109230
57943,AMERICAN SOUTHERN BANK,KENNESAW,,4/24/2009,105950,105940,FAILURE,32820
8266,AMERICAN STERLING BANK,SUGAR CREEK,,4/17/2009,166456,170946,FAILURE,44669
33824,GREAT BASIN BANK OF NEVADA,ELKO,,4/17/2009,238940,220834,FAILURE,20023
34639,CAPE FEAR BANK,WILMINGTON,,4/10/2009,492418,402820,FAILURE,118565
34881,NEW FRONTIER BANK,GREELEY,,4/10/2009,1774588,1496347,FAILURE,913432
22238,OMNI NATIONAL BANK,ATLANTA,,3/27/2009,979585,813205,FAILURE,288415
4754,"TEAMBANK, N.A.",PAOLA,,3/20/2009,669830,532520,FAILURE,134593
18243,FIRSTCITY BANK,STOCKBRIDGE,,3/20/2009,285015,259056,FAILURE,135210
18896,COLORADO NATIONAL BANK,COLORADO SPRINGS,,3/20/2009,123508,85150,FAILURE,12687
57558,FREEDOM BANK OF GEORGIA,COMMERCE,,3/6/2009,172454,159048,FAILURE,43267
20078,HERITAGE COMMUNITY BANK,GLENWOOD,,2/27/2009,235154,225735,FAILURE,48231
34820,SECURITY SAVINGS BANK,HENDERSON,,2/27/2009,238307,174872,FAILURE,32328
35399,SILVER FALLS BANK,SILVERTON,,2/20/2009,134206,115976,FAILURE,39331
5431,SHERMAN COUNTY BANK,LOUP CITY,,2/13/2009,135431,90647,FAILURE,42684
16500,CORN BELT BANK AND TRUST COMPANY,PITTSFIELD,,2/13/2009,260201,233788,FAILURE,80894
34563,RIVERSIDE BANK OF THE GULF COAST,CAPE CORAL,,2/13/2009,523673,422708,FAILURE,199818
57342,PINNACLE BANK,BEAVERTON,,2/13/2009,71921,64168,FAILURE,10218
22574,COUNTY BANK,MERCED,,2/6/2009,1711552,1324635,FAILURE,61783
23124,ALLIANCE BANK,CULVER CITY,,2/6/2009,1113361,951106,FAILURE,118079
57017,FIRSTBANK FINANCIAL SERVICES,MCDONOUGH,,2/6/2009,317237,279308,FAILURE,151333
26538,OCALA NATIONAL BANK,OCALA,,1/30/2009,219424,204663,FAILURE,93552
30763,SUBURBAN FEDERAL SAVINGS BANK,CROFTON,,1/30/2009,347408,301847,FAILURE,73819
58001,MAGNET BANK,SALT LAKE CITY,,1/30/2009,300674,282578,FAILURE,170125
33025,1ST CENTENNIAL BANK,REDLANDS,,1/23/2009,797959,678570,FAILURE,136041
3510,BANK OF AMERICA N.A.,CHARLOTTE,,1/16/2009,1471631047,954677580,ASSISTANCE,
19733,NATIONAL BANK OF COMMERCE,BERKELEY,,1/16/2009,419741,395868,FAILURE,80488
25178,BANK OF AMERICA CALIFORNIA N.A.,SAN FRANCISCO,,1/16/2009,21502223,500,ASSISTANCE,
27374,MERRILL LYNCH BANK USA,SALT LAKE CITY,,1/16/2009,61809503,53620324,ASSISTANCE,
33143,COUNTRYWIDE BANK FSB,ALEXANDRIA,,1/16/2009,117978966,43663251,ASSISTANCE,
33318,FIA CARD SERVICES N.A.,WILMINGTON,,1/16/2009,159637136,9816599,ASSISTANCE,
34571,MERRILL LYNCH BANK & TRUST CO FSB,NEW YORK,,1/16/2009,37986413,28539028,ASSISTANCE,
34959,BANK OF CLARK COUNTY,VANCOUVER,,1/16/2009,441085,377506,FAILURE,150724
35453,BANK OF AMERICA OREGON N.A.,PORTLAND,,1/16/2009,11526309,500,ASSISTANCE,
58032,BANK OF AMERICA RHODE ISLAND N.A.,PROVIDENCE,,1/16/2009,35410586,500,ASSISTANCE,
11568,SANDERSON STATE BANK,SANDERSON,,12/12/2008,38217,32012,FAILURE,7710
35379,HAVEN TRUST BANK,DULUTH,,12/12/2008,559551,489692,FAILURE,246603
34301,FIRST GEORGIA COMMUNITY BANK,JACKSON,,12/5/2008,256371,215287,FAILURE,86315
7213,"CITIBANK, NATIONAL ASSOCIATION",LAS VEGAS,,11/23/2008,1207007000,230042000,ASSISTANCE,
18708,"CITICORP TRUST BANK, FSB",WILMINGTON,,11/23/2008,19599414,7231013,ASSISTANCE,
18923,CITIBANK (BANAMEX USA),CENTURY CITY,,11/23/2008,1322720,876086,ASSISTANCE,
23360,"CITIBANK (SOUTH DAKOTA), N.A.",SIOUX FALLS,,11/23/2008,77737957,42356986,ASSISTANCE,
58180,DEPARTMENT STORES NATIONAL BANK,SIOUX FALLS,,11/23/2008,374903,300881,ASSISTANCE,
16490,THE COMMUNITY BANK,LOGANVILLE,,11/21/2008,634901,603733,FAILURE,335062
28344,PFF BANK & TRUST,POMONA,,11/21/2008,3715433,2393845,FAILURE,258807
30968,"DOWNEY SAVINGS AND LOAN ASSOCIATION, F.A.",NEWPORT BEACH,,11/21/2008,12779371,9653169,FAILURE,151232
23595,SECURITY PACIFIC BANK,SAN DIEGO,,11/7/2008,527959,456472,FAILURE,148255
26870,"FRANKLIN BANK, SSB",HOUSTON,,11/7/2008,5089260,3692887,FAILURE,614111
57930,FREEDOM BANK,BRADENTON,,10/31/2008,270842,256793,FAILURE,113456
58241,ALPHA BANK & TRUST,ALPHARETTA,,10/24/2008,354090,344231,FAILURE,211264
13789,MERIDIAN BANK,ELDRED,,10/10/2008,38223,36090,FAILURE,16618
57654,MAIN STREET BANK,NORTHVILLE,,10/10/2008,112368,98934,FAILURE,56318
32633,WASHINGTON MUTUAL BANK,HENDERSON,,9/25/2008,307021614,188260793,FAILURE,0
6782,"AMERIBANK, INC.",NORTHFORK,,9/19/2008,103965,100901,FAILURE,38290
34194,SILVER STATE BANK,HENDERSON,,9/5/2008,1957120,1733091,FAILURE,722104
35469,INTEGRITY BANK,ALPHARETTA,,8/29/2008,1107514,962456,FAILURE,465942
22728,THE COLUMBIAN BANK AND TRUST COMPANY,TOPEKA,,8/22/2008,735071,620354,FAILURE,334277
57523,FIRST PRIORITY BANK,BRADENTON,,8/1/2008,258610,226698,FAILURE,95555
27011,FIRST NATIONAL BANK OF NEVADA,RENO,,7/25/2008,3411145,3038053,FAILURE,710037
57961,FIRST HERITAGE BANK N.A.,NEWPORT BEACH,,7/25/2008,255376,234812,FAILURE,92139
29730,INDYMAC BANK F.S.B,PASADENA,,7/11/2008,30698512,18941727,FAILURE,11982626
12736,"FIRST INTEGRITY BANK, N.A.",STAPLES,,5/30/2008,52916,50178,FAILURE,10305
33901,ANB FINANCIAL NATIONAL ASSOCIATION,BENTONVILLE,,5/9/2008,1895545,1815691,FAILURE,1025204
1971,HUME BANK,HUME,,3/7/2008,18682,13566,FAILURE,3755
24660,DOUGLASS NATIONAL BANK,KANSAS CITY,,1/25/2008,52824,50250,FAILURE,7157
16848,MIAMI VALLEY BANK,LAKEVIEW,,10/4/2007,125362,119601,FAILURE,28394
32575,NETBANK,ALPHARETTA,,9/28/2007,2473806,2290046,FAILURE,119608
35353,METROPOLITAN SAVINGS BANK,PITTSBURGH,,2/2/2007,15760,14540,FAILURE,9438
1249,BANK OF EPHRAIM,EPHRAIM,,6/25/2004,56774,52329,FAILURE,2998
26778,RELIANCE BANK,WHITE PLAINS,,3/19/2004,28637,27881,FAILURE,919
26838,GUARANTY NATIONAL BANK,TALLAHASSEE,,3/12/2004,71280,65614,FAILURE,0
31330,DOLLAR SAVINGS BANK,NEWARK,,2/14/2004,13408,10909,FAILURE,0
27203,PULASKI SAVINGS BANK,PHILADELPHIA,,11/14/2003,8487,9058,FAILURE,679
11639,THE FIRST NATIONAL BANK OF BLANCHARDVILLE,BLANCHARDVILLE,,5/9/2003,34536,28760,FAILURE,12788
27094,SOUTHERN PACIFIC BANK,TORRANCE,,2/7/2003,904294,864160,FAILURE,49179
16445,THE FARMERS BANK & TRUST OF CHENEYVILLE,CHENEYVILLE,,12/17/2002,35317,32103,FAILURE,12205
9961,BANK OF ALAMO,ALAMO,,11/8/2002,58454,52157,FAILURE,9316
33784,AMTRADE INTERNATIONAL BANK OF GEORGIA,ATLANTA,,9/30/2002,92144,73205,FAILURE,1326
29355,UNIVERSAL FSB,CHICAGO,,6/27/2002,51628,40340,FAILURE,274
19183,CONNECTICUT BANK OF COMMERCE,STAMFORD,,6/26/2002,384172,344416,FAILURE,53784
34979,NEW CENTURY BANK,SHELBY TOWNSHIP,,3/28/2002,21091,18902,FAILURE,4440
26652,NET FIRST NATIONAL BANK,BOCA RATON,,3/1/2002,37207,31601,FAILURE,0
22314,NEXTBANK,PHOENIX,,2/7/2002,700180,551297,FAILURE,164047
8966,OAKWOOD DEPOSIT BANK,OAKWOOD,,2/1/2002,72267,60168,FAILURE,63600
22002,BANK OF SIERRA BLANCA,SIERRA BLANCA,,1/18/2002,10764,9914,FAILURE,4574
24382,"HAMILTON BANK, NATIONAL ASSOCIATION",MIAMI,,1/11/2002,1409496,1298731,FAILURE,101748
34248,SINCLAIR NATIONAL BANK,GRAVETTE,,9/7/2001,29792,26054,FAILURE,4206
32646,"SUPERIOR BANK, FSB",HINSDALE,,7/27/2001,1765455,1609501,FAILURE,286673
6629,MALTA NATIONAL BANK,MALTA,,5/3/2001,9075,8728,FAILURE,769
34264,FIRST ALLIANCE BANK AND TRUST CO,MANCHESTER,,2/2/2001,17438,16931,FAILURE,817
3815,NATIONAL STATE BANK OF METROPOLIS,METROPOLIS,,12/14/2000,90397,71277,FAILURE,2670
21029,BANK OF HONOLULU,HONOLULU,,10/13/2000,63890,59037,FAILURE,400
338,BANK OF FALKNER,FALKNER,,9/29/2000,85485,77140,FAILURE,14592
10985,TOWN & COUNTRY BANK OF ALMELUND,ALMELUND,,7/14/2000,25942,26667,FAILURE,1363
25056,MONUMENT NATIONAL BANK,RIDGECREST,,6/2/2000,7923,7680,FAILURE,617
27886,MUTUAL FEDERAL SAVINGS BANK OF ATLANTA,ATLANTA,,3/10/2000,31479,32234,FAILURE,1322
14228,HARTFORD-CARLISLE SB,CARLISLE,,1/14/2000,105044,68549,FAILURE,11574
26748,GOLDEN CITY COMMERCIAL BANK,NEW YORK,,12/10/1999,87158,80365,FAILURE,
27415,PACIFIC THRIFT AND LOAN CO,WOODLAND HILLS,,11/22/1999,127342,119451,FAILURE,42049
18147,PEOPLES NB OF COMMERCE,MIAMI,,9/10/1999,36823,35946,FAILURE,3342
6771,FIRST NB OF KEYSTONE,KEYSTONE,,9/1/1999,1119865,880859,FAILURE,532198
25272,EAST TEXAS NB OF MARSHALL,MARSHALL,,7/9/1999,121564,113054,FAILURE,9855
32491,"OCEANMARK BANK, A FSB",NORTH MIAMI BEACH,,7/9/1999,68981,61303,FAILURE,1195
13300,ZIA NEW MEXICO BANK,TUCUMCARI,,4/23/1999,17251,16708,FAILURE,2222
17200,VICTORY STATE BANK,COLUMBIA,,3/26/1999,13205,12887,FAILURE,0
2174,Q BANK,FORT BENTON,,8/7/1998,14977,13888,FAILURE,1590
