cert,name,city,state,zip,charter_class,established_date,total_assets,total_deposits,total_equity,office_count,bank_class
628,"JPMorgan Chase Bank, National Association",Columbus,OH,43240,8,01/01/1824,3752662000,2697842000,335936000,5335,N
3510,"Bank of America, National Association",Charlotte,NC,28202,13044,10/17/1904,2636823000,2101968000,246250000,3840,N
7213,"Citibank, National Association",Sioux Falls,SD,57108,1461,06/16/1812,1836436000,1465300000,176530000,958,N
3511,"Wells Fargo Bank, National Association",Sioux Falls,SD,57104,1,01/01/1870,1822693000,1483390000,173751000,4203,N
6548,U.S. Bank National Association,Cincinnati,OH,45202,24,07/13/1863,676125227,533475213,67960628,2101,N
4297,"Capital One, National Association",Mclean,VA,22102,13688,05/22/1933,658464240,504752862,97584212,266,N
33124,Goldman Sachs Bank USA,New York,NY,10282,0,08/30/1990,644997000,438331000,65331000,5,SM
6384,"PNC Bank, National Association",Wilmington,DE,19801,1316,01/01/1804,568338163,450665135,59441103,2325,N
9846,Truist Bank,Charlotte,NC,28202,0,01/01/1872,539519000,409427000,63223000,1931,NM
639,The Bank of New York Mellon,New York,NY,10007,0,01/01/1851,380997000,332433000,29822000,26,SM
14,State Street Bank and Trust Company,Boston,MA,02114,0,01/01/1792,360681000,280582000,28919000,3,SM
18409,"TD Bank, National Association",Wilmington,DE,19808,24096,01/01/1852,346188188,283537865,49728084,1053,N
34221,"Morgan Stanley Private Bank, National Association",Purchase,NY,10577,24981,08/12/1996,254706000,222599000,17721000,1,N
57450,"Charles Schwab Bank, SSB",Westlake,TX,76262,0,04/28/2003,253772000,230499000,18658000,1,SM
32992,"Morgan Stanley Bank, National Association",Salt Lake City,UT,84111,24908,05/25/1990,253348000,205145000,25576000,1,N
16571,BMO Bank National Association,Chicago,IL,60606,14583,05/17/1947,252074150,196979273,37358799,990,N
11063,First-Citizens Bank & Trust Company,Raleigh,NC,27601,0,01/01/1898,229332000,162082000,23371000,518,NM
57957,"Citizens Bank, National Association",Providence,RI,02903,24571,05/13/2005,225863637,186283426,26838113,977,N
6560,The Huntington National Bank,Columbus,OH,43215,7745,01/06/1866,224047234,180595114,24293048,1623,N
6672,"Fifth Third Bank, National Association",Cincinnati,OH,45202,25190,01/01/1865,213730000,175203000,24648000,1510,N
588,Manufacturers and Traders Trust Company,Buffalo,NY,14203,0,01/01/1856,212887157,171492971,28333192,986,SM
27471,American Express National  Bank,Sandy,UT,84070,25151,03/20/1989,211275193,167788454,19010556,1,N
57803,Ally Bank,Sandy,UT,84070,0,08/02/2004,184648000,155037000,15277000,1,SM
17534,KeyBank National Association,Cleveland,OH,44114,14761,01/01/1849,181707510,153659819,19074946,953,N
913,The Northern Trust Company,Chicago,IL,60603,0,01/01/1889,176396321,145215355,11411586,67,SM
57890,"HSBC Bank USA, National Association",Tysons,VA,22102,24522,07/01/2004,165262283,137520133,16200640,41,N
12368,Regions Bank,Birmingham,AL,35203,0,01/01/1928,158218000,131987000,18071000,1261,SM
57565,"UBS Bank USA, National Association",Salt Lake City,UT,84111,25396,09/15/2003,119317920,104634334,9741941,1,N
27314,Synchrony Bank,Draper,UT,84020,715044,08/01/1988,112115000,83376000,14552000,2,SB
32188,USAA Federal Savings Bank,Phoenix,AZ,85085,707975,12/30/1983,107989000,93391000,5260000,2,SB
29950,"Santander Bank, N.A.",Wilmington,DE,19801,25022,01/01/1907,104148024,82137678,14170802,373,N
17281,City National Bank,Los Angeles,CA,90071,14695,12/04/1953,98429760,78538052,12386276,71,N
57512,Western Alliance Bank,Phoenix,AZ,85004,0,02/03/2003,92735703,77639392,7815796,38,SM
2270,"Zions Bancorporation, N.A.",Salt Lake City,UT,84133,4341,07/06/1873,88989689,75875678,7179703,414,N
32541,"Flagstar Bank, National Association",Hicksville,NY,11801,25282,05/20/1987,87511954,65999563,8144856,345,N
18221,"Webster Bank, National Association",Stamford,CT,06905,24469,01/01/1870,83985466,68898748,9774130,195,N
4977,First Horizon Bank,Memphis,TN,38103,0,01/01/1864,83572753,68096612,9188421,421,SM
31628,East West Bank,Pasadena,CA,91101,0,01/01/1972,79661753,67208343,8151065,98,SM
8273,"UMB Bank, National Association",Kansas City,MO,64106,23920,08/28/1902,72780016,61057431,7527586,210,N
3832,Old National Bank,Evansville,IN,47708,8846,08/27/1907,71771976,55594013,8112742,361,N
33555,"SouthState Bank, National Association",Winter Haven,FL,33880,22311,02/21/1992,67179734,55223931,9669919,372,N
17266,Columbia Bank,Roseburg,OR,97470,0,11/09/1953,66821352,54336279,8141845,376,NM
9396,Valley National Bank,Passaic,NJ,07055,15790,01/01/1927,64061947,52309907,8185196,234,N
33306,CIBC Bank USA,Chicago,IL,60603,0,02/06/1991,63978350,50773784,11175461,20,SM
33653,Bank of China,New York,NY,10018,80028,01/01/1912,61890846,23144543,,1,OI
34968,Banco Popular de Puerto Rico,San Juan,PR,00918,0,01/02/1999,59766000,54800000,3778000,166,SM
35583,Pinnacle Bank,Nashville,TN,37203,0,10/27/2000,57636946,47876135,6929788,442,SM
5510,Frost  Bank,San Antonio,TX,78205,0,02/20/1899,53127804,43333423,4541125,219,SM
4214,"BOKF, National Association",Tulsa,OK,74172,13679,02/10/1910,52005221,39680944,5495781,115,N
7888,First National Bank of Pennsylvania,Greenville,PA,16125,249,02/04/1864,50018001,39124307,6711049,364,N
57203,Barclays Bank Delaware,Wilmington,DE,19801,0,05/23/2001,47613000,38116000,6403000,1,NM
26881,"SoFi Bank, National Association",Cottonwood Heights,UT,84121,20862,12/29/1986,46568135,39706752,6030419,4,N
34775,"EverBank, National Association",Jacksonville,FL,32202,25290,10/01/1998,46033756,36963768,4100958,45,N
5296,"Associated Bank, National Association",Green Bay,WI,54301,23695,01/01/1874,45145405,35635550,4800581,222,N
33893,Raymond James Bank,Saint Petersburg,FL,33716,0,05/06/1994,43374103,39278356,3166096,1,SM
623,Deutsche Bank Trust Company Americas,New York,NY,10019,0,03/30/1903,43031000,30856000,9808000,1,SM
4063,MidFirst Bank,Oklahoma City,OK,73118,714191,02/28/1911,41367487,24559280,3903444,94,SB
110,Bank OZK,Little Rock,AR,72223,0,03/03/1903,40785840,33384965,6129851,276,NM
16835,Prosperity Bank,El Campo,TX,77437,0,09/13/1949,38458815,28768719,7369747,354,NM
34589,Atlantic Union Bank,Richmond City,VA,23219,0,11/04/1997,37497884,30494591,5716082,190,SM
12441,Hancock Whitney Bank,Gulfport,MS,39501,0,10/09/1899,35458426,29554747,4341452,185,NM
58979,"BankUnited, National Association",Miami Lakes,FL,33016,25028,05/21/2009,35027511,29611980,3166950,56,N
24045,Banc of California,Los Angeles,CA,90049,0,08/26/1982,34710463,27999648,3862210,88,SM
33947,"TD Bank USA, National Association",Wilmington,DE,19808,22611,10/13/1994,34631887,28737467,3863507,1,N
5452,First National Bank of Omaha,Omaha,NE,68102,209,01/01/1857,34573634,28157587,3749154,141,N
22858,United Bank,Fairfax,VA,22030,0,05/10/1979,33545963,27249096,5577829,237,SM
24998,Commerce Bank,Kansas City,MO,64106,0,02/21/1984,32722351,25937792,3280934,157,SM
7551,"Fulton Bank, National Association",Lancaster,PA,17602,24891,01/01/1882,31982120,26848886,3530379,208,N
30788,Glacier Bank,Kalispell,MT,59901,0,07/15/1955,31955659,24781560,4199764,265,NM
7946,"BNY Mellon, National Association",Pittsburgh,PA,15258,6301,01/01/1869,31329000,26728000,3496000,31,N
34383,Texas Capital Bank,Dallas,TX,75201,0,10/03/1997,31263826,26740905,3555602,10,SM
32773,Eastern Bank,Boston,MA,02110,0,10/19/1989,30579383,25666442,4143226,144,NM
58177,Sallie Mae Bank,Salt Lake City,UT,84101,0,11/28/2005,29734290,21522962,2889845,1,NM
20234,City National Bank of Florida,Miami,FL,33130,15977,08/12/1970,28048551,21943367,2907244,31,N
16889,United Community Bank,Greenville,SC,29601,0,03/01/1950,27929114,24136285,3391455,192,SM
8728,Arvest Bank,Fayetteville,AR,72701,0,01/01/1871,27787109,24329038,2303697,227,SM
803,"WesBanco Bank, Inc.",Wheeling,WV,26003,0,01/20/1870,27619827,21831113,4160466,254,NM
20504,Ameris Bank,Atlanta,GA,30305,0,10/01/1971,27432143,22459772,4070169,178,NM
28088,WaFd Bank,Seattle,WA,98101,0,01/01/1917,27269094,21505529,3055489,214,NM
35546,Axos Bank,San Diego,CA,92122,716456,07/04/2000,27205173,23506039,2604036,3,SB
33497,"Charles Schwab Premier Bank, SSB",Westlake,TX,76262,0,08/30/1991,27022000,25005000,1995000,1,SM
12437,Renasant Bank,Tupelo,MS,38804,0,02/27/1904,26747636,21774368,4049369,274,SM
1105,First Interstate Bank,Billings,MT,59101,0,10/09/1916,26568494,22396621,3371314,290,SM
18714,FirstBank,Lakewood,CO,80215,0,02/27/1963,26480975,23072950,1860280,95,SM
58303,"Ameriprise Bank, FSB",Minneapolis,MN,55402,718164,09/14/2006,25314311,23665150,1581355,2,SB
12010,Provident Bank,Jersey City,NJ,07302,0,02/28/1839,24946372,19322398,3165569,145,SI
9712,Rockland Trust Company,Rockland,MA,02370,0,09/10/1907,24909975,20256765,3875657,152,NM
34444,Customers Bank,Malvern,PA,19355,0,06/26/1997,24881148,21001171,2155427,7,SM
3890,Simmons Bank,Pine Bluff,AR,71601,0,03/23/1903,24498708,20726455,3197586,230,SM
18503,Cathay Bank,Los Angeles,CA,90012,0,04/19/1962,24213489,20911412,3013158,66,NM
18053,Bank of Hawaii,Honolulu,HI,96813,0,01/01/1897,24142511,21269027,1751664,51,SM
17985,First Hawaiian Bank,Honolulu,HI,96813,0,01/01/1858,23958223,20533140,2757205,49,NM
58457,TriState Capital Bank,Pittsburgh,PA,15219,0,01/22/2007,23338425,21481655,1613294,2,SM
17798,Beacon Bank and Trust,Brookline,MA,02445,0,01/01/1871,23181570,19711150,2508972,150,SM
11241,Centennial Bank,Conway,AR,72032,0,01/01/1903,22716797,17895325,3997010,242,SM
33682,State Bank of India,New York,NY,10022,0,07/05/1955,22604140,13187701,,1,OI
1768,Mechanics Bank,Walnut Creek,CA,94596,0,01/01/1905,22367624,19035000,3062588,170,NM
17838,"Wilmington Savings Fund Society, FSB",Wilmington,DE,19801,707938,02/18/1832,21217946,17933957,2678024,95,SB
6600,First Financial Bank,Cincinnati,OH,45202,0,01/01/1863,20985843,16764129,2736506,165,SM
131,Seacoast National Bank,Stuart,FL,34994,14838,01/01/1933,20830874,16264595,3036739,116,N
57408,"Optum Bank, Inc.",Draper,UT,84020,0,07/21/2003,20824000,16038000,2960000,1,NM
12633,The Central Trust Bank,Jefferson City,MO,65101,0,02/03/1902,20799746,16767703,1874332,174,SM
35095,TowneBank,Portsmouth,VA,23703,0,04/08/1999,19687341,16603306,2422066,93,NM
57311,Stifel Bank and Trust,Saint Louis,MO,63102,0,04/16/2002,19412996,17855157,1334746,2,SM
8056,Merchants Bank of Indiana,Carmel,IN,46032,0,06/23/1923,19390856,13101471,2235386,7,NM
16068,Apple Bank,New York,NY,10168,0,04/17/1863,19220381,15709760,1577446,82,SI
30387,FirstBank Puerto Rico,Santurce,PR,00909,0,01/17/1949,19111594,16723991,1898022,74,NM
4365,First Merchants Bank,Muncie,IN,47305,0,03/13/1893,19011326,15336558,2469036,137,NM
4988,Trustmark Bank,Jackson,MS,39201,0,12/19/1889,18922957,15640943,2215483,182,SM
26610,Bank of Hope,Los Angeles,CA,90010,0,03/18/1986,18526390,15620679,2366522,79,NM
16450,Busey Bank,Champaign,IL,61820,0,07/08/1946,18052735,15032901,2483450,81,SM
57993,ServisFirst Bank,Birmingham,AL,35209,0,05/02/2005,17725922,14245239,1878159,33,NM
30012,Third Federal Savings and Loan Association of Cleveland,Cleveland,OH,44105,704544,08/04/1938,17487528,10540199,1702152,36,SB
27237,Enterprise Bank & Trust,Clayton,MO,63105,0,05/09/1988,17269411,14764146,2006846,58,NM
6989,"Community Bank, National Association",Canton,NY,13617,8531,01/01/1866,17000592,14553206,1615176,203,N
28178,Northwest Bank,Warren,PA,16365,0,01/01/1896,16771847,14162843,1962200,166,SI
28489,Banner Bank,Walla Walla,WA,99362,0,01/01/1890,16347870,13812149,1951461,146,NM
4239,First United Bank and Trust Company,Durant,OK,74701,0,01/01/1900,16273258,13128243,1558770,85,SM
8663,FirstBank,Nashville,TN,37203,0,01/01/1906,16265349,13932191,1975296,133,SM
33681,Bank of Baroda,New York,NY,10016,0,01/01/1908,15915772,9968885,,1,OI
7230,"NBT Bank, National Association",Norwich,NY,13815,1354,03/03/1856,15879824,13632370,1848419,177,N
21716,"Citizens Business Bank, National Association",Ontario,CA,91764,25382,08/09/1974,15634835,12127912,2270968,70,N
25178,"Bank of America California, National Association",San Francisco,CA,94104,24077,05/18/1984,15505000,13089000,1886000,1,N
57542,Toyota Financial Savings Bank,Henderson,NV,89074,0,08/16/2004,15431880,13206169,1469328,1,NM
3066,First Financial Bank,Abilene,TX,79601,0,01/01/1889,15381581,13499192,1741154,83,SM
6976,Dime Community Bank,Hauppauge,NY,11788,0,02/19/1909,15332384,12949436,1645437,65,SM
34967,Popular Bank,New York,NY,10004,0,01/02/1999,15061146,12033706,2091633,38,SM
58665,Live Oak Banking Company,Wilmington,NC,28403,0,05/12/2008,15057824,13825105,1137648,1,NM
57833,Beal Bank USA,Las Vegas,NV,89134,0,08/02/2004,14512815,3550782,2787886,11,NM
28359,"OceanFirst Bank, National Association",Toms River,NJ,08753,25150,01/01/1902,14471649,11041860,1737430,42,N
19581,Bell Bank,Fargo,ND,58103,0,05/06/1966,14443599,12375717,1412593,34,NM
19977,Israel Discount Bank of New York,New York,NY,10036,0,01/01/1922,14430208,12510967,1429190,8,NM
57919,ConnectOne Bank,Englewood Cliffs,NJ,07632,0,01/15/2005,13993791,11296431,1711901,62,NM
29209,NexBank,Dallas,TX,75201,0,11/30/1934,13937262,10798449,1207876,3,NM
57570,Comenity Capital Bank,Draper,UT,84020,0,12/01/2003,13626906,10445771,1770490,1,NM
35141,BMW Bank of North America,Salt Lake City,UT,84121,0,11/12/1999,12814515,8618246,1739304,1,NM
17491,PlainsCapital Bank,University Park,TX,75205,0,09/15/1955,12749613,10914073,1505737,58,SM
15019,First Bank,Southern Pines,NC,28387,0,01/01/1934,12659342,10757586,1707303,116,SM
32245,"Dollar Bank, Federal Savings Bank",Pittsburgh,PA,15222,708043,09/21/1984,12513390,10127762,1280006,91,SB
26876,Safra National Bank of New York,New York,NY,10036,20948,01/01/1987,12464657,10758315,1329866,6,N
31469,Oriental Bank,San Juan,PR,00918,0,03/25/1965,12384752,10265021,1331724,45,NM
7468,First Commonwealth Bank,Indiana,PA,15701,0,09/21/1880,12311455,10343364,1510142,129,NM
27476,BancFirst,Oklahoma City,OK,73102,0,04/01/1989,12118977,10580144,1366130,123,SM
1225,Farmers and Merchants Bank of Long Beach,Long Beach,CA,90802,0,11/20/1907,11797060,8950794,1606287,27,SM
57358,Stifel Bank,Saint Louis,MO,63102,0,05/16/2002,11735326,10807482,812790,1,SM
32551,"LendingClub Bank, National Association",Lehi,UT,84043,25228,08/26/1987,11472011,9948426,1305655,3,N
28834,Columbia Bank,Fair Lawn,NJ,07410,702454,01/01/1926,11018560,8526735,1102652,69,SB
58629,Stellar Bank,Houston,TX,77046,0,10/15/2007,10792468,9073259,1636813,52,SM
1281,Washington Trust Bank,Spokane,WA,99201,0,11/03/1902,10682990,8946579,967306,45,NM
34742,EagleBank,Bethesda,MD,20814,0,07/20/1998,10445598,9142300,1159492,14,SM
59108,Charles Schwab Trust Bank,Westlake,TX,76262,0,07/02/2018,10434593,9640312,765803,1,SM
33686,Bank Hapoalim B.M.,New York,NY,10036,0,01/01/1921,10198054,7379612,,1,OI
11124,S&T Bank,Indiana,PA,15701,0,05/21/1902,9864607,7970793,1461635,76,NM
59052,NBH Bank,Greenwood Village,CO,80111,0,12/10/2010,9836878,8442428,1246458,107,SM
21943,Tri Counties Bank,Chico,CA,95973,0,03/11/1975,9820725,8270252,1362147,77,NM
27981,Capitol Federal Savings Bank,Topeka,KS,66603,700670,01/01/1893,9796570,6820869,994543,46,SB
22953,"Amerant Bank, National Association",Coral Gables,FL,33134,16804,09/17/1979,9757923,7804932,978367,24,N
19629,International Bank of Commerce,Laredo,TX,78040,0,09/02/1966,9753348,6545019,1971227,81,NM
6653,The Park National Bank,Newark,OH,43055,9179,07/08/1908,9742967,8344022,1181597,113,N
12854,Centier Bank,Whiting,IN,46394,0,04/21/1895,9663367,7841307,982190,62,NM
6544,Peoples Bank,Marietta,OH,45750,0,05/26/1902,9637101,7750473,1184257,135,SM
20624,Byline Bank,Chicago,IL,60601,0,03/01/1972,9630743,7687930,1354170,56,NM
12614,Origin Bank,Choudrant,LA,71227,0,11/23/1912,9620310,8348199,1130219,58,SM
33935,"Wintrust Bank, National Association",Chicago,IL,60604,25196,09/14/1994,9575716,8334919,1059419,37,N
14531,Amarillo National Bank,Amarillo,TX,79101,14206,01/01/1892,9551998,8336986,1077040,35,N
258,Stock Yards Bank & Trust Company,Louisville,KY,40206,0,06/01/1904,9533246,7793115,1074255,79,NM
27589,"Lake Forest Bank & Trust Company, National Association",Lake Forest,IL,60045,25149,05/21/1986,9386148,7366496,861379,10,N
35444,"The Bancorp Bank, National Association",Sioux Falls,SD,57103,25279,07/28/2000,9349048,8176103,870023,1,N
34507,Principal Bank,Des Moines,IA,50309,714225,02/12/1998,9333205,8790488,491065,1,SB
34519,Merrick Bank,South Jordan,UT,84095,0,09/22/1997,9251625,7251704,1878028,1,NM
23220,Woodforest National Bank,The Woodlands,TX,77380,16892,09/05/1980,9248621,8440909,756563,743,N
57038,Nicolet National Bank,Green Bay,WI,54301,24107,10/31/2000,9170369,7919883,1190618,120,N
13421,Union Bank and Trust Company,Lincoln,NE,68506,0,02/28/1917,9093084,7734474,955606,37,NM
9087,1st Source Bank,South Bend,IN,46601,0,01/01/1922,9052654,7226078,1218532,81,SM
27389,Wells Fargo National Bank West,Las Vegas,NV,89102,21099,12/01/1988,9005208,7253406,1603560,1,N
17943,Liberty Bank,Middletown,CT,06457,0,05/15/1825,8984131,6949290,1172614,51,SI
32526,"American Savings Bank, National Association",Honolulu,HI,96817,708384,01/23/1987,8979486,8180399,669876,35,N
622,Amalgamated Bank,New York,NY,10001,0,04/14/1923,8867199,7992617,812710,6,NM
10634,Pinnacle Bank,Lincoln,NE,68508,0,01/01/1880,8860281,7840122,857917,72,NM
58564,Flushing Bank,Uniondale,NY,11556,0,05/01/2007,8692562,7342429,913216,30,NM
609,Tompkins Community Bank,Ithaca,NY,14850,0,01/01/1934,8678169,7133907,791954,59,NM
33661,"Mizrahi Tefahot Bank, Ltd.",Los Angeles,CA,90071,0,06/01/1923,8660666,4044553,,1,OI
23296,Salem Five Cents Savings Bank,Salem,MA,01970,0,03/09/1855,8538245,5955731,963423,34,NM
18297,Southside Bank,Tyler,TX,75701,0,10/03/1960,8508720,6942818,1064248,58,NM
4767,"Sunflower Bank, National Association",Dallas,TX,75225,4742,05/24/1892,8473383,7174386,1111067,103,N
34697,WEX Bank,Sandy,UT,84070,0,06/01/1998,8449841,6276206,766567,1,NM
7759,Univest  Bank and Trust Co.,Souderton,PA,18964,0,04/01/1876,8404657,7199956,907055,51,SM
17393,German American Bank,Jasper,IN,47546,0,11/10/1910,8376930,7048051,1119548,97,NM
13876,CNB Bank,Clearfield,PA,16830,0,01/27/1934,8372231,7131555,932937,82,SM
5633,First Security Bank,Searcy,AR,72143,0,02/06/1932,8360743,6564353,1189776,80,SM
34699,Metropolitan Commercial Bank,New York,NY,10016,0,06/21/1999,8254538,7432272,726723,10,SM
58228,b1BANK,Baton Rouge,LA,70801,0,02/01/2006,8208187,6715517,969217,63,NM
3657,First American Bank,Elk Grove Village,IL,60007,0,03/26/1901,8113852,5096835,688880,60,NM
5903,BankPlus,Belzoni,MS,39038,0,01/01/1909,8074068,7008555,921813,76,NM
58410,Cross River Bank,Fort Lee,NJ,07024,0,06/23/2008,8057896,6189239,1064323,2,NM
26342,"RBC Bank, (Georgia) National Association",Atlanta,GA,30326,23416,08/30/1985,8044396,7059129,881476,1,N
57614,Forbright Bank,Potomac,MD,20854,0,10/17/2003,7918576,6801160,923028,3,NM
3705,"First Mid Bank & Trust, National Association",Mattoon,IL,61938,10045,02/08/1865,7901511,6458077,935216,73,N
11578,Burke & Herbert Bank & Trust Company,Alexandria,VA,22314,0,01/01/1852,7900774,6410806,923510,80,SM
24170,Hanmi Bank,Los Angeles,CA,90010,0,12/15/1982,7822274,6686435,872646,34,NM
