permit_id,job_id,bbl,borough,permit_type,permit_status,work_type,filing_date,issuance_date,expiration_date,bldg_type,owner_business_name,owner_business_type,permittee_business_name
1688411,401749756,4006730016,QUEENS,SG,ISSUED,,01/08/2004,01/08/2004,06/30/2004,2,HIGH PERFORMANCE FITNESS CENTER,PARTNERSHIP,PAUL SIGNS INC
1756781,301820661,3026080079,BROOKLYN,EW,ISSUED,MH,09/02/2004,09/10/2004,09/10/2005,2,,2022-05-09 00:00:00,APEX REALTY CO. LLC 7183915300 O
3136,402213289,4095540029,QUEENS,SG,ISSUED,,01/30/2006,04/11/2006,06/30/2006,2,Doral Bank:      7188507290 2022,INDIVIDUAL,WNITECH DESIGN INC DBA SPACESIGN
3244,402213270,4095540029,QUEENS,SG,ISSUED,,01/30/2006,01/30/2006,03/05/2006,2,Doral Bank:      7188507290 2022,INDIVIDUAL,UNITECH DESIGN INC DBA SPACESIGN
3761682,520368263,5029220001,STATEN ISLAND,EW,ISSUED,MH,2020-06-05 ,2020-06-05 ,2021-04-03,2,SR. REAL ESTATE AND CONSTRUCTION,PARTNERSHIP,L.E.C.INC
3761684,220659213,2049730005,BRONX,EW,ISSUED,OT,2020-06-05 ,2020-06-05 ,2021-05-14,2,"THE ZEEZEEZEE GROUP, LLC",PARTNERSHIP,GALAXY GENERAL CONTRACTIN
3761833,240099433,2030810048,BRONX,EW,ISSUED,MH,2020-06-05 ,2020-06-05 ,2021-06-29,2,666 LLC,CORPORATION,C & J CONST AND PAINTING
3761893,440551485,4096810064,QUEENS,EQ,ISSUED,EQ,2020-06-05 ,2020-06-05 ,2021-06-05,2,N/A,INDIVIDUAL,ROCK GROUP NY CORP
3761971,520451261,5007630158,STATEN ISLAND,AL,ISSUED,OT,2020-06-05 ,2020-06-05 ,2021-06-05,1,HOMEOWNER,INDIVIDUAL,HOMEOWNER
3761972,123868886,1000940001,MANHATTAN,EW,ISSUED,OT,2020-06-05 ,2020-06-05 ,2021-03-29,2,NA,INDIVIDUAL,YILIN CONSTRUCTION INC
3762180,220660693,2028780208,BRONX,EW,ISSUED,OT,2020-06-05 ,2020-06-05 ,2020-11-26,2,GINGI REALTY CORP,CORPORATION,RASCO CONTRACTING CORP
3761546,520367077,5005000022,STATEN ISLAND,DM,ISSUED,,2020-06-04 ,2020-06-05 ,2021-01-26,2,HOUSING PRESERVATION & DEVELOPME,NYC AGENCY,"GRANITE ENVIRONMENT, LLC"
3755674,340730178,3018030112,BROOKLYN,EW,ISSUED,OT,2020-06-04 ,2020-06-04 ,2020-11-08,1,BROOKLYN PACT II HDFC,CORPORATION,CHATEAU GC LLC
3761076,123569432,1014030001,MANHATTAN,EW,ISSUED,OT,2020-06-04 ,2020-06-04 ,2020-11-01,2,CITY UNIVERSITY OF NEW YORK,OTHER GOV'T AGENCY,VOLMAR CONSTRUCTION INC
3761361,321718655,3077100016,BROOKLYN,EW,ISSUED,OT,2020-06-04 ,2020-06-04 ,2021-01-10,1,N/A,INDIVIDUAL,CEYLON CONSTRUCTION LLC
3761417,421940207,4048630043,QUEENS,EW,ISSUED,OT,2020-06-04 ,2020-06-04 ,2021-04-11,1,N/A,INDIVIDUAL,FINE FINISH CONSTRUCTION
3761437,340730203,3018030115,BROOKLYN,EW,ISSUED,OT,2020-06-04 ,2020-06-04 ,2020-11-08,1,BROOKLYN PACT II HDFC,CORPORATION,CHATEAU GC LLC
3761545,340729206,3017940115,BROOKLYN,EW,ISSUED,OT,2020-06-04 ,2020-06-04 ,2020-11-08,1,BROOKLYN PACT II HDFC,CORPORATION,CHATEAU GC LLC
3761547,440592976,4073210006,QUEENS,EW,ISSUED,OT,2020-06-04 ,2020-06-04 ,2020-10-21,1,N/A,INDIVIDUAL,KAMTECH RESTORATION CORP
3761565,220666580,2042610015,BRONX,PL,ISSUED,PL,2020-06-04 ,2020-06-04 ,2021-06-04,1,NANETTI AND FORESTER LLC,INDIVIDUAL,HORBRIDGE PLUMBING & HEAT
3761636,421622818,4052480004,QUEENS,FO,ISSUED,,2020-06-04 ,2020-06-04 ,2021-06-11,1,N/A,INDIVIDUAL,ARMANI DESIGN AND DEVELOP
3761028,122810725,1019070025,MANHATTAN,AL,ISSUED,,2020-06-03 ,2020-06-03 ,2020-12-21,1,N/A,INDIVIDUAL,NORANDA SPECIAL PROJECTS
3761032,440363027,4097930079,QUEENS,EW,ISSUED,SD,2020-06-03 ,2020-06-03 ,2021-06-03,2,FIRST JAMAICA COMMUNITY & URBAN,CORPORATION,ARISTA PLBG & HTG CORP
3761230,421798567,4000160008,QUEENS,EW,ISSUED,OT,2020-06-03 ,2020-06-03 ,2021-04-01,2,50-01 2ND STREET ASSOCIATES LLC,CORPORATION,MICHAEL ANTHONY CONTRACTI
3761231,123889845,1016020069,MANHATTAN,EW,ISSUED,OT,2020-06-03 ,2020-06-03 ,2021-04-01,2,1158 5TH AVENUE CORP.,CONDO/CO-OP,URBAN BUILDERS GROUP LTD
3761275,123480214,1009999062,MANHATTAN,EW,ISSUED,OT,2020-06-03 ,2020-06-03 ,2021-06-11,2,"TIMES SQUARE HOTEL ,OWNER LLC",CORPORATION,BREEZE NATIONAL INC
1614185,201045831,2045550026,BRONX,EW,ISSUED,MH,2007-02-13 ,2007-02-13 ,2008-01-01,2,"2955 BOSTON ROAD REALTY, LLC",CORPORATION,"GEM TOOL, INC."
3760794,302573668,3058500030,BROOKLYN,EW,ISSUED,MH,2020-06-02 ,2020-06-02 ,2021-05-01,2,SCHOOL CONSTRUCTION AUTHORITY,OTHER GOV'T AGENCY,ACS SYSTEM ASSOCIATES INC
3760804,123707382,1012627501,MANHATTAN,EW,ISSUED,MH,2020-06-02 ,2020-06-02 ,2021-01-01,2,NW 1180 AOA LLC,CORPORATION,LSL CONSTRUCT SERV INC
3760807,421921843,4010920028,QUEENS,AL,ISSUED,,2020-06-02 ,2020-06-02 ,2020-08-10,1,G&B MECHANICAL CORP.,INDIVIDUAL,ALSS CONSTRUCTION INC
3760902,140891845,1012060001,MANHATTAN,EW,ISSUED,OT,2020-06-02 ,2020-06-02 ,2021-04-01,2,STELLAR MANAGEMENT,PARTNERSHIP,THE HARVEY GROUP LLC
3760943,340727985,3064910011,BROOKLYN,EQ,ISSUED,EQ,2020-06-02 ,2020-06-02 ,2021-06-02,2,SCHIMENTI COSTRUCTION COMPANY,CORPORATION,SCHIMENTI CONSTRUCTION CO
3760969,321527914,3054940111,BROOKLYN,AL,ISSUED,,2020-06-02 ,2020-06-02 ,2021-06-12,1,N/A,INDIVIDUAL,RELIANT BUILDERS CORP
3760973,103649713,1010380014,MANHATTAN,EW,ISSUED,OT,2020-06-02 ,2020-06-02 ,2021-05-31,2,NYC SCA,OTHER GOV'T AGENCY,WDF INC
3760976,302572605,3013670022,BROOKLYN,EW,ISSUED,OT,2020-06-02 ,2020-06-02 ,2021-05-31,2,NYC SCA,OTHER GOV'T AGENCY,WDF INC
3760550,123491961,1015160024,MANHATTAN,EW,ISSUED,OT,2020-06-01 ,2020-06-01 ,2021-01-01,2,WARHOL HOOK AND LADDER 13 LLC,PARTNERSHIP,SMI CONSTRUCTION MANGEMEN
296394,104413207,1006330006,MANHATTAN,EW,ISSUED,OT,2006-04-24 ,2006-04-24 ,2007-01-18,2,Washington W 11 Street Owners Co,CORPORATION,ADBNY LLC
3760253,122136474,1003670001,MANHATTAN,EW,ISSUED,MH,2020-05-29 ,2020-05-29 ,2021-05-31,2,NEW YORK CITY HOUSING AUTHORITY,NYCHA,WDF INC
3760313,140834408,1020610022,MANHATTAN,EW,ISSUED,MH,2020-05-29 ,2020-05-29 ,2020-08-14,1,N/A,INDIVIDUAL,TMG CONSTRUCTION CORP
3760314,122136170,1003620010,MANHATTAN,EW,ISSUED,OT,2020-05-29 ,2020-05-29 ,2021-05-31,2,NEW YORK CITY HOUSING AUTHORITY,NYCHA,WDF INC
3760315,123658611,1020610022,MANHATTAN,AL,ISSUED,,2020-05-29 ,2020-05-29 ,2020-08-14,1,N/A,INDIVIDUAL,TMG CONSTRUCTION CORP
3760358,122901100,1003230001,MANHATTAN,AL,ISSUED,,2020-05-29 ,2020-05-29 ,2021-05-31,2,NYC HOUSING AUTHORITY,NYCHA/HHC,WDF INC
1654511,302263592,3020450055,BROOKLYN,EQ,ISSUED,EQ,2007-05-10 ,2007-05-10 ,2007-12-31,2,Clermont Development LLC,CORPORATION,CONEY ISLAND CONSTRUCTION LLC
3760050,140879397,1011670055,MANHATTAN,EW,ISSUED,OT,2020-05-28 ,2020-05-28 ,2021-02-01,2,"MILBURN HOTEL,LLC",PARTNERSHIP,BUILD UP RESTORATION LLC
3760052,123293596,1011670055,MANHATTAN,EW,ISSUED,OT,2020-05-28 ,2020-05-28 ,2021-02-01,2,"MILBURN HOTEL, LLC",PARTNERSHIP,BUILD UP RESTORATION LLC
3759707,103588565,1001470002,MANHATTAN,AL,ISSUED,,2020-05-27 ,2020-05-27 ,2021-06-01,2,DUANE 131 LLC,CORPORATION,SCIAME CONSTRUCTION LLC
3759054,123809012,1013250017,MANHATTAN,AL,ISSUED,,2020-05-19 ,2020-05-26 ,2020-09-01,2,"231 EAST 51ST STREET, LLC",CORPORATION,CLUNE CONSTRUCTION CO LP
3759234,322060586,3023670038,BROOKLYN,EW,ISSUED,OT,2020-05-21 ,2020-05-21 ,2021-01-05,1,N/A,INDIVIDUAL,MC FLEMING GROUP INC
3759238,140829566,1021370080,MANHATTAN,EW,ISSUED,FS,2020-05-21 ,2020-05-21 ,2021-01-01,2,"GVS PROPERTIES, LLC",CORPORATION,CAM ENERGY HTG AND MECH
3759320,123779599,1008810001,MANHATTAN,EW,ISSUED,SD,2020-05-21 ,2020-05-21 ,2021-05-21,2,"345 PAS OWNER, LLC",CORPORATION,MIDNIGHT EXPRESS MECH CRP
3759321,340687395,3021110015,BROOKLYN,EW,ISSUED,OT,2020-05-21 ,2020-05-21 ,2021-01-01,2,BROOKLYN ACADEMY OF MUSIC,NYC AGENCY,"NICHOLSON & GALLOWAY, INC"
3758862,123788035,1007750064,MANHATTAN,EW,ISSUED,OT,2020-05-18 ,2020-05-21 ,2021-05-21,2,HAG REALTY LLC & PARK MANAGMENT,CORPORATION,AGL CONTRACTING LTD
3752847,421721364,4021790024,QUEENS,AL,ISSUED,,2020-03-27 ,2020-05-20 ,2020-08-09,1,NA,INDIVIDUAL,THOMAS M RANERI
3759179,123214896,1011570001,MANHATTAN,EW,ISSUED,OT,2020-05-20 ,2020-05-20 ,2021-04-09,2,CON EDISON COMPANY OF NEW YORK,CORPORATION,O'LEARY CONSTRUCTION INC
3759027,321554331,3017340070,BROOKLYN,NB,ISSUED,,2020-05-19 ,2020-05-19 ,2020-08-09,2,801 BEDFORD REALTY LLC,CORPORATION,PRESTIGE CONSTRUCTION NY
328264,500787767,5002130036,STATEN ISLAND,AL,ISSUED,,2005-08-11 ,2005-08-11 ,2006-08-11,2,N/A,INDIVIDUAL,STEVEN J. CALVANICO AIA ARCHITEC
3758861,123767085,1012630071,MANHATTAN,PL,ISSUED,PL,2020-05-18 ,2020-05-18 ,2021-05-18,2,48TH AMERICAS LLC,CORPORATION,ARIEL SERVICES INC
3758863,140886325,1021770130,MANHATTAN,EW,ISSUED,OT,2020-05-18 ,2020-05-18 ,2020-09-21,2,815 WEST 180TH GROUP LLC,CORPORATION,DUAL FUEL CORP
3758887,220723457,2053360043,BRONX,EW,ISSUED,OT,2020-05-18 ,2020-05-18 ,2020-10-11,1,N/A,INDIVIDUAL,BD CONSTRUCTION & BUILDER
3757399,321594351,3030500035,BROOKLYN,FO,ISSUED,,2020-05-06 ,2020-05-18 ,2021-05-18,2,61 MONTROSE REALTY LLC,CORPORATION,CHESS BUILDERS LLC
1718083,210016891,2032580128,BRONX,EQ,ISSUED,EQ,2007-10-04 ,2007-10-04 ,2007-12-31,2,INDEPENDENCE CONDOS LLC,PARTNERSHIP,CSC OF NEW YORK
3758628,121663887,1014067503,MANHATTAN,EW,ISSUED,OT,2020-05-15 ,2020-05-15 ,2021-04-01,2,"VITRUVIUS ESTATES, LLC",CORPORATION,FOUNDATIONS INTERIOR DESI
3741373,123817502,1018320025,MANHATTAN,EW,ISSUED,OT,2020-02-19 ,2020-05-14 ,2021-04-01,2,7 WEST 96TH STREET CORP,CORPORATION,KING WORLD ENTERPRISES IN
3758230,322062842,3031630001,BROOKLYN,EW,ISSUED,SP,2020-05-13 ,2020-05-13 ,2021-05-13,2,STORAGE DELUXE,PARTNERSHIP,ABCO PLUMBING HEATING & S
3758277,340274456,3012350071,BROOKLYN,EW,ISSUED,BL,2020-05-13 ,2020-05-13 ,2021-04-01,2,NEIGHBORHOOD RESTORE HDFC,OTHER GOV'T AGENCY,J-J PLUMBING CORP
3758281,322088218,3011180004,BROOKLYN,EQ,ISSUED,EQ,2020-05-13 ,2020-05-13 ,2021-05-13,2,THE BRODSKY ORGANIZATION,CORPORATION,UNIVERSAL BUILDERS SUPPLY
3704383,122215370,1011830053,MANHATTAN,EW,ISSUED,OT,2019-10-25 ,2019-10-25 ,2020-06-07,2,HFZ 344 WEST 72ND STREET OWNER,PARTNERSHIP,NAF CONSTRUCTION MANAGEME
3710102,122136535,1003670001,MANHATTAN,EW,ISSUED,OT,2019-11-08 ,2019-11-18 ,2020-06-07,2,NEW YORK CITY HOUSING AUTHORITY,NYCHA,WDF INC
3644030,320912697,3033310005,BROOKLYN,NB,ISSUED,,2019-06-03 ,2019-06-03 ,2020-06-07,2,GABORONE PROPERTIES CORP,CORPORATION,W.JAKE CONSTRUCTION CORP
3647124,123676469,1007100001,MANHATTAN,PL,ISSUED,PL,2019-06-07 ,2019-06-07 ,2020-06-07,2,WEST 38 RES L.L.C.,PARTNERSHIP,MEDCO PLUMBING INC
3660248,321972834,3009360037,BROOKLYN,EW,ISSUED,OT,2019-07-03 ,2019-07-03 ,2020-06-07,1,"LA VENTA, LLC",PARTNERSHIP,HIICOMPANY CORP
3724962,240236810,2037250001,BRONX,EW,ISSUED,OT,2019-12-26 ,2019-12-26 ,2020-06-07,2,NYC HOUSING AUTHORITY,NYCHA/HHC,WDF INC
3726919,302570527,3056530021,BROOKLYN,EW,ISSUED,OT,2020-01-03 ,2020-01-03 ,2020-06-07,2,NYCSCA,OTHER GOV'T AGENCY,NEHAL CONTRACTING INC
3750730,440589506,4020880001,QUEENS,EW,ISSUED,OT,2020-03-18 ,2020-03-18 ,2020-06-07,2,DII ENTERPRISES LLC,CORPORATION,DOMOVOY LLC
3485819,220546620,2028100017,BRONX,PL,ISSUED,PL,2019-04-08 ,2019-04-08 ,2020-06-07,2,220E178 LLC,PARTNERSHIP,NAF PAK PLBG & HTG CORP
3619199,321771418,3050750029,BROOKLYN,EW,ISSUED,SP,2019-04-12 ,2019-04-12 ,2020-06-07,1,ESP MARLBOROUGH LLP,INDIVIDUAL,MEGA PLBG CORP
3628513,302578716,3018230038,BROOKLYN,PL,ISSUED,PL,2019-05-01 ,2019-05-01 ,2020-06-07,2,NYCSCA,OTHER GOV'T AGENCY,"MAR-SAL PLBG & HTG, INC"
3631284,520300086,5069440134,STATEN ISLAND,NB,ISSUED,,2019-05-07 ,2019-05-07 ,2020-06-07,1,"SLCR ASSOCIATES, LLC",PARTNERSHIP,BEYER CONSTRUCTION CORP
3638455,123805338,1000160140,MANHATTAN,EW,ISSUED,SD,2019-05-21 ,2019-05-21 ,2020-06-07,2,CBRE / GLOBAL WORKPLACE SOLUTION,CORPORATION,RAEL AUTOMATIC SPR.CO INC
3640615,123469086,1001737501,MANHATTAN,EW,ISSUED,OT,2019-05-24 ,2019-05-29 ,2020-06-07,2,THE TEXTILE BUILDING CONDOMINIUM,CORPORATION,ROMO CONSTRUCTION CORP
3643988,421436459,4044370008,QUEENS,EQ,ISSUED,EQ,2019-06-03 ,2019-06-03 ,2020-06-07,1,N/A,INDIVIDUAL,SAFETY PRO CONSTRUCTION
3650650,123520751,1014650001,MANHATTAN,AL,ISSUED,,2019-06-14 ,2019-06-21 ,2020-06-07,2,TRANS WORLD EQUITIES,PARTNERSHIP,TARCON GENERAL CONTRACTIN
3710122,321956601,3006300022,BROOKLYN,DM,ISSUED,,2019-11-08 ,2019-11-08 ,2020-06-07,2,160 17TH STREET LLC,CORPORATION,CELTIC SERVICES NYC INC
3710582,123743100,1003620010,MANHATTAN,EW,ISSUED,OT,2019-11-12 ,2019-11-12 ,2020-06-07,2,NEW YORK CITY HOUSING AUTHORITY,NYCHA/HHC,WDF INC
3711981,121897929,1011830053,MANHATTAN,EW,ISSUED,MH,2019-11-14 ,2019-11-14 ,2020-06-07,2,HFZ 344 WEST 72ND STREET OWNER,PARTNERSHIP,NAF CONSTRUCTION MANAGEME
3713934,123791110,1012180001,MANHATTAN,EW,ISSUED,OT,2019-11-20 ,2019-11-20 ,2020-06-07,2,"UWS VENTURES IV, LLC",INDIVIDUAL,JW DEVELOPMENT HOLDINGS L
3728199,123817502,1018320025,MANHATTAN,EW,ISSUED,OT,2020-01-08 ,2020-01-10 ,2020-06-07,2,7 WEST 96TH STREET CORP,CORPORATION,TOPLINE NYC CONTRACTING
3728913,440570614,4021010024,QUEENS,EW,ISSUED,OT,2020-01-10 ,2020-01-10 ,2020-06-07,2,KUO-CHUNG CHANG,INDIVIDUAL,HAPPY HOUSE CONSTRUCTION
3733725,123085124,1003230001,MANHATTAN,FO,ISSUED,,2020-01-24 ,2020-01-24 ,2020-06-07,2,NYC HOUSING AUTHORITY,NYCHA/HHC,WDF INC
3746343,123251550,1012670028,MANHATTAN,EW,ISSUED,OT,2020-03-04 ,2020-03-04 ,2020-06-07,2,PREF 7 WEST 51 STREET LLC,PARTNERSHIP,JRM CONSTRUCTION MGMT LLC
3752557,500876581,5077600001,STATEN ISLAND,EW,ISSUED,OT,2020-03-26 ,2020-03-26 ,2020-06-07,2,NYC SCA,OTHER GOV'T AGENCY,WDF INC
3753448,321730677,3070640016,BROOKLYN,EW,ISSUED,OT,2020-03-31 ,2020-03-31 ,2020-06-07,2,SHORE TOWER GROUP LLC,CORPORATION,HPD CONSTRUCTION INC
3758040,410081236,4041710039,QUEENS,EW,ISSUED,OT,2020-05-11 ,2020-05-11 ,2021-05-18,1,NONE,INDIVIDUAL,MNR GROUP INC
3758041,421920425,4033410024,QUEENS,EW,ISSUED,OT,2020-05-11 ,2020-05-11 ,2021-05-18,2,ROCKINGHAM TENANTS CORP,CORPORATION,MNR GROUP INC
3758095,123862418,1008610044,MANHATTAN,EW,ISSUED,OT,2020-05-11 ,2020-05-11 ,2020-10-04,2,"PRII SJP 470 PARK AVENUE SOUTH,",CORPORATION,UPGRADE CONTR. CO. INC
3755252,123376523,1004920008,MANHATTAN,AL,ISSUED,,2020-04-15 ,2020-04-15 ,2020-06-07,2,S.W. MANAGEMENT,CORPORATION,HUDSON MERIDIAN CONSTRUCT
3757662,420366320,4051920051,QUEENS,NB,ISSUED,,2020-05-07 ,2020-05-07 ,2020-09-11,2,N/A,PARTNERSHIP,STRUCTURE R US INC
3757563,121193047,1008720078,MANHATTAN,AL,ISSUED,,2020-05-07 ,2020-05-07 ,2021-04-01,2,LIBERTY THEATERS LLC,CORPORATION,CNY CONSTRUCTION LLC
3757607,123792486,1012740011,MANHATTAN,EW,ISSUED,OT,2020-05-07 ,2020-05-07 ,2021-05-01,2,THE WITKOFF GROUP,PARTNERSHIP,PLAZA CONSTRUCTION LLC
3757643,321936312,3001867502,BROOKLYN,EW,ISSUED,OT,2020-05-07 ,2020-05-07 ,2021-03-31,2,522-528 LLC,PARTNERSHIP,"TRITON CONSTRUCTION CO.,"
3757644,123720081,1013790001,MANHATTAN,EQ,ISSUED,EQ,2020-05-07 ,2020-05-07 ,2021-05-07,2,WEST NEW YORK RESTORATION OF CT,CORPORATION,WEST NEW YORK RESTORATION
3757091,321795848,3077960011,BROOKLYN,PL,ISSUED,PL,2020-05-05 ,2020-05-05 ,2021-05-05,1,OWNER,INDIVIDUAL,ALL PRO PLBG & HTG INC
3757249,220465841,2032910004,BRONX,EQ,ISSUED,EQ,2020-05-05 ,2020-05-05 ,2021-05-05,2,URSULINE BEDFORD PARK CONVENT,CORPORATION,"GALAXY G.C. GROUP, LLC"
3757279,421894436,4007160070,QUEENS,AL,ISSUED,,2020-05-05 ,2020-05-05 ,2021-01-03,1,N/A,INDIVIDUAL,ALMONTE HOME IMPROVEMENTS
3756995,140797742,1010390027,MANHATTAN,EW,ISSUED,MH,2020-05-04 ,2020-05-04 ,2021-02-22,2,"BRIGHT MANAGEMENT, INC",CORPORATION,JOY CONSTRUCTION CORP
3757000,123768743,1012727503,MANHATTAN,EQ,ISSUED,EQ,2020-05-04 ,2020-05-04 ,2021-05-04,2,"CROWN 730 INVEST, LLC",CORPORATION,UNIVERSAL BUILDERS SUPPLY
3757067,220603997,2024580013,BRONX,AL,ISSUED,OT,2020-05-04 ,2020-05-04 ,2021-02-22,2,CONCOURSE VILLAGE WEST OWNER LLC,PARTNERSHIP,JOY CONSTRUCTION CORP
3757068,220603988,2024580035,BRONX,AL,ISSUED,OT,2020-05-04 ,2020-05-04 ,2021-02-22,2,CONCOURSE VILLAGE WEST OWNER LLC,PARTNERSHIP,JOY CONSTRUCTION CORP
3756715,122938394,1016730006,MANHATTAN,EW,ISSUED,MH,2020-05-01 ,2020-05-01 ,2021-05-01,2,NEW YORK CITY HOUSING AUTHORITY,NYCHA/HHC,ACS SYSTEM ASSOCIATES INC
3756762,140602881,1012790023,MANHATTAN,EQ,ISSUED,EQ,2020-05-01 ,2020-05-01 ,2021-05-01,2,MTA,NYC AGENCY,PRATT CONSTRUCTION & RES*
1015618,401075091,4026570040,QUEENS,AL,ISSUED,,2000-03-03 ,2000-03-03 ,2001-02-03,2,Dir. of Fa,CORPORATION,"CRISTOM CONSTRUCTION SERVICES,IN"
3756520,123076991,1015630043,MANHATTAN,AL,ISSUED,,2020-04-30 ,2020-04-30 ,2021-03-02,2,EUNATE REAL ESTATE NY LLC,CORPORATION,STRUCTURELINE INC
3756620,123818743,1001270018,MANHATTAN,EW,ISSUED,OT,2020-04-30 ,2020-04-30 ,2021-04-06,2,"RESNICK 255 GREENWICH, LLC",PARTNERSHIP,WEWORK CONSTRUCTION LLC
3756443,220547576,2032090079,BRONX,AL,ISSUED,,2020-04-29 ,2020-04-29 ,2021-05-04,2,BYM HOLDING CORP.,INDIVIDUAL,RASHBI DEVELOPMENT INC
3756454,402413205,4157010110,QUEENS,EQ,ISSUED,EQ,2020-04-29 ,2020-04-29 ,2021-04-29,1,"Impressive Home Sales, Inc.",PARTNERSHIP,RASHBI DEVELOPMENT INC
3756466,321189101,3008860058,BROOKLYN,FO,ISSUED,,2020-04-29 ,2020-04-29 ,2020-06-27,2,353 20TH STREET LLC,CORPORATION,HOME EVOLUTIONS CORP
1389219,200838941,2032730257,BRONX,EW,ISSUED,OT,2004-11-15 ,2004-12-06 ,2005-04-01,2,WAREX TERMINALS CORP.,CORPORATION,"LARRY E TYREE CO., INC."
351652,200930136,2032730257,BRONX,EW,ISSUED,OT,2005-06-03 ,2005-06-03 ,2006-04-01,2,WAREX TERMINALS,CORPORATION,"LARRY E. TYREE CO., INC"
492980,200930190,2032730257,BRONX,SG,ISSUED,,2005-07-01 ,2005-11-15 ,2006-06-30,2,WAREX TERMINALS CORP.,CORPORATION,NATIONAL MAINTENANCE CO
3756323,440278423,4155010002,QUEENS,EW,ISSUED,MH,2020-04-28 ,2020-04-28 ,2021-05-01,2,NYC HOUSING AUTHORITY,NYCHA/HHC,ACS SYSTEM ASSOCIATES INC
3756118,240260114,2054520001,BRONX,EW,ISSUED,FS,2020-04-27 ,2020-04-27 ,2021-04-27,2,SAINT FRANCES DE CHANTAL SCHOOL,CORPORATION,MARLANDE HEATING CORP
3756121,540154704,5019740009,STATEN ISLAND,PL,ISSUED,PL,2020-04-27 ,2020-04-27 ,2021-04-27,1,N/A,INDIVIDUAL,GW MECHANICAL CORP
3756192,123187559,1020800031,MANHATTAN,EQ,ISSUED,EQ,2020-04-27 ,2020-04-27 ,2021-04-27,2,EDGECOMBE PRESERVATION LLC,PARTNERSHIP,L & M BUILDERS GROUP LLC
3756070,421026669,4008120027,QUEENS,EW,ISSUED,BL,2020-04-24 ,2020-04-24 ,2021-04-24,2,MARIC MECHANICAL INC.,CORPORATION,DOUGLAS SIMMONS
3756073,421020111,4008120027,QUEENS,EW,ISSUED,BL,2020-04-24 ,2020-04-24 ,2021-04-24,2,MARIC MECHANICAL INC.,CORPORATION,DOUGLAS SIMMONS
3677714,140802095,1006900029,MANHATTAN,EQ,ISSUED,EQ,2019-08-14 ,2019-08-14 ,2020-08-13,2,"18TH HIGHLINE ASSOCIATES, LLC",CORPORATION,ROCKLEDGE SCAFFOLD CORP
3633995,321194523,3019680049,BROOKLYN,NB,ISSUED,,2019-05-13 ,2019-05-13 ,2020-05-09,2,N/A,INDIVIDUAL,STEEL TONE CONSTRUCTION
3747929,321941654,3008160037,BROOKLYN,EW,ISSUED,OT,2020-03-10 ,2020-03-10 ,2020-05-09,2,SUNSET PARK OWNER I LLC,CORPORATION,FRANKLYLOFTY CONSTRUCTION
3608939,122193223,1001467505,MANHATTAN,AL,ISSUED,,2019-03-26 ,2019-03-26 ,2020-05-09,2,"148 DUANE, LLC",CORPORATION,FALCON PACIFIC CONSTRUCT*
3623659,123475596,1013850037,MANHATTAN,EW,ISSUED,MH,2019-04-22 ,2019-04-22 ,2020-05-09,2,PARK 71ST COPORATION,CONDO/CO-OP,V. DISALVO CONTRACTING CO
3625193,421100089,4034900001,QUEENS,EQ,ISSUED,EQ,2019-04-24 ,2019-04-24 ,2020-05-09,2,NYC SCHOOL CONSTRUCTION AUTHORIT,OTHER GOV'T AGENCY,EVERLAST SCAFFOLDING INC
3626500,123594002,1010710042,MANHATTAN,EW,ISSUED,OT,2019-04-26 ,2019-04-26 ,2020-05-09,2,"520 WEST 43RD STREET REIT, LLC",PARTNERSHIP,SHANNON CONTRACTING LLC
3626574,420999272,4008120031,QUEENS,EW,ISSUED,FS,2019-04-26 ,2019-04-26 ,2020-05-09,2,MARIC MECHANICAL INC.,CORPORATION,DOUGLAS SIMMONS
3727536,322013129,3033860050,BROOKLYN,EW,ISSUED,OT,2020-01-07 ,2020-01-07 ,2020-05-09,1,N/A,INDIVIDUAL,SMVP MGMT INC
3632778,321049815,3012030010,BROOKLYN,NB,ISSUED,,2019-05-09 ,2019-05-09 ,2020-05-09,2,1462 ATLANTIC AVENUE LLC,PARTNERSHIP,TRIBOROUGH CONSTRUCTION S
3632813,340498107,3033690006,BROOKLYN,EQ,ISSUED,EQ,2019-05-09 ,2019-05-09 ,2020-05-09,2,PHOENIX SUTTON STR INC,INDIVIDUAL,PHOENIX SUTTON STR INC
3633067,421700369,4114310015,QUEENS,EW,ISSUED,OT,2019-05-09 ,2019-05-09 ,2020-05-09,2,GREENWOOD ARMS COOPERATIVE CORP,CONDO/CO-OP,DINAM DEVELOPMENT CORP
3648772,121189515,1007940009,MANHATTAN,AL,ISSUED,,2019-06-12 ,2019-06-12 ,2020-05-09,2,157 W18 OWNER LLC,CORPORATION,SHANNON CONTRACTING LLC
3670937,421697792,4085200002,QUEENS,EW,ISSUED,OT,2019-07-30 ,2019-07-30 ,2020-05-09,2,NORTH SHORE LIJ MEDICAL CENTER /,CORPORATION,TALISEN CONSTRUCTION CORP
3671084,123128757,1007870084,MANHATTAN,EW,ISSUED,OT,2019-07-30 ,2019-07-30 ,2020-05-09,2,270 REALTY LLC,PARTNERSHIP,CENTRAL INTERIORS INC
3677240,240260114,2054520001,BRONX,EW,ISSUED,FB,2019-08-13 ,2019-08-13 ,2020-05-09,2,SAINT FRANCES DE CHANTAL SCHOOL,CORPORATION,MARLANDE HEATING CORP
3708458,123110864,1012347503,MANHATTAN,EW,ISSUED,OT,2019-11-06 ,2019-11-06 ,2020-05-09,2,BELNORD PARTNERS LLC,PARTNERSHIP,NAF CONSTRUCTION MANAGEME
3709156,123110882,1012347503,MANHATTAN,EW,ISSUED,MH,2019-11-07 ,2019-11-07 ,2020-05-09,2,BELNORD PARTNERS LLC,PARTNERSHIP,NAF CONSTRUCTION MANAGEME
3710362,321192348,3014680056,BROOKLYN,NB,ISSUED,,2019-11-08 ,2019-11-08 ,2020-05-09,2,HABITAT FOR HUMANITY LATENT,CORPORATION,FG-PH CORP
3727537,321174625,3060870009,BROOKLYN,AL,ISSUED,,2020-01-07 ,2020-01-07 ,2020-05-09,2,"9107 4TH AVENUE, LLC",PARTNERSHIP,DONNELLY INDUSTRIES INC
3755772,322014510,3034400035,BROOKLYN,EQ,ISSUED,EQ,2020-04-22 ,2020-04-22 ,2021-04-22,1,HOUSING PRESERVATION & DEVELOPME,NYC AGENCY,STATEWIDE DEMOLITION CORP
3755846,320934058,3022790034,BROOKLYN,AL,ISSUED,,2020-04-22 ,2020-04-22 ,2020-07-08,2,RABSKY DEVELOPMENT,CORPORATION,GALAXY DEVELOPERS LLC
3755718,340531295,3039740001,BROOKLYN,EW,ISSUED,OT,2020-04-21 ,2020-04-21 ,2021-05-02,1,ARLINGTON VILLAGE JV LLC,PARTNERSHIP,LIBERTY ONE CONSTRUCTION
3755738,320923131,3039740001,BROOKLYN,EW,ISSUED,MH,2020-04-21 ,2020-04-21 ,2021-05-02,1,ARLINGTON VILLAGE JV LLC,PARTNERSHIP,LIBERTY ONE CONSTRUCTION
3748588,220659641,2031960010,BRONX,PL,ISSUED,PL,2020-04-20 ,2020-04-20 ,2021-04-20,2,BPG PROPERTIES I LLC,PARTNERSHIP,ARISTA PLBG & HTG CORP
3755371,520329877,5055150103,STATEN ISLAND,PL,ISSUED,PL,2020-04-16 ,2020-04-16 ,2021-04-16,1,HEART SHARE HUMAN SERVICES,CORPORATION,KCM PLUMBING & HEATING CO
3755370,520334326,5056870052,STATEN ISLAND,PL,ISSUED,PL,2020-04-16 ,2020-04-16 ,2021-04-16,2,HEALTH & HUMAN SERVICES,CORPORATION,KCM PLUMBING & HEATING CO
3755372,104160774,1006970042,MANHATTAN,EW,ISSUED,OT,2020-04-16 ,2020-04-16 ,2021-04-09,2,"West Chelsea Building, LLC",INDIVIDUAL,WEST CHELSEA BUILDING LLC
3755374,520353297,5044680016,STATEN ISLAND,PL,ISSUED,PL,2020-04-16 ,2020-04-16 ,2021-04-16,1,HEALTH & HUMAN SERVICES,CORPORATION,KCM PLUMBING & HEATING CO
985247,102456717,1007070020,MANHATTAN,PL,ISSUED,PL,1999-12-09 ,1999-12-15 ,2000-12-14,2,HORTENSE L,,JOHN RAGOUSSIS & SONS
209056,300142398,3025220016,BROOKLYN,EW,ISSUED,MH,1992-01-21 ,1992-01-21 ,1992-12-31,2,NULUX,INDIVIDUAL,GIL MECH. CO
3754117,121191361,1015560002,MANHATTAN,NB,ISSUED,,2020-04-06 ,2020-04-15 ,2020-12-30,2,"OHI ASSET (NY) 2ND AVENUE, LLC",CORPORATION,CONSIGLI & ASSOCIATES LLC
655668,400631839,4012390001,QUEENS,EW,ISSUED,OT,1996-11-27 ,1996-11-27 ,1997-01-01,2,NY SCHOOL CONSTRUCTION AUTHORITY,OTHER,QDR DEVELOPMENT CORPORATION
95797,401345610,4012390001,QUEENS,PL,ISSUED,PL,2000-08-16 ,2000-08-16 ,2001-08-16,2,NY SCHOOL CONSTRUCTION AUTHORITY,OTHER,JCC CONSTRUCTION CORPORATION
3438324,421240534,4073340001,QUEENS,EQ,ISSUED,EQ,2018-04-05 ,2018-04-05 ,2019-04-05,2,"BAYSIDE GROUP, LLC",PARTNERSHIP,ISLAND INTERIORS DESIGN L
3754735,123862409,1008310042,MANHATTAN,EW,ISSUED,OT,2020-04-10 ,2020-04-10 ,2021-04-01,2,COLLIERS INTERNATIONAL,CORPORATION,SUMMIT DEVELOPMENT CORP
3754752,120152618,1011410025,MANHATTAN,EW,ISSUED,OT,2020-04-10 ,2020-04-10 ,2021-04-01,2,"11969 REALTY , LLC",PARTNERSHIP,BRUSCO CONTRACTING CORP
154801,401564419,4001700058,QUEENS,EW,ISSUED,MH,2002-11-19 ,2002-11-19 ,2003-07-01,2,,INDIVIDUAL,"DCAS CONTRACTING ,INC"
3754370,421797318,4019960034,QUEENS,FO,ISSUED,,2020-04-08 ,2020-04-08 ,2021-04-13,2,111 ROOSEVELT DEVELOPMENT LLC.,PARTNERSHIP,DLC DEVELOPMENT CORP
3754495,320909861,3014540066,BROOKLYN,FO,ISSUED,,2020-04-08 ,2020-04-08 ,2021-04-08,1,HP MJM HOUSING DEVELOPMENT F,CORPORATION,APEX BUILDING COMPANY INC
3754225,520331819,5012700007,STATEN ISLAND,PL,ISSUED,PL,2020-04-07 ,2020-04-07 ,2021-04-07,2,WALDMAN PARTNERS,PARTNERSHIP,CAPITAL CONTR P&H CORP
3754119,123455670,1021170059,MANHATTAN,PL,ISSUED,PL,2020-04-06 ,2020-04-06 ,2021-04-06,2,N/A,INDIVIDUAL,L&J PLG & HTG CO OF NY IN
3754034,123680114,1015160024,MANHATTAN,EW,ISSUED,OT,2020-04-06 ,2020-04-06 ,2021-01-01,2,WARHOL HOOK AND LADDER 13 LLC,PARTNERSHIP,SMI CONSTRUCTION MANGEMEN
3754091,121332673,1007000053,MANHATTAN,PL,ISSUED,PL,2020-04-06 ,2020-04-06 ,2021-04-06,2,"W29 534 HIGHLINE OWNERS, LLC",CORPORATION,WNW & SONS PLBG & HTG INC
3754118,123789392,1016120001,MANHATTAN,EW,ISSUED,OT,2020-04-06 ,2020-04-06 ,2020-10-01,2,LIHC INVESTMENT GROUP,CORPORATION,STRUCTURECRAFT CONTRACTIN
3754161,123791539,1012827501,MANHATTAN,EW,ISSUED,OT,2020-04-06 ,2020-04-06 ,2021-03-27,2,575 OFFICE OWNER LLC,PARTNERSHIP,INTERIOR BUILDING SERVICE
3330380,320724524,3022100038,BROOKLYN,AL,ISSUED,,2017-09-01 ,2017-09-12 ,2018-07-01,2,YESHIVA KEHILATH YAKOV,CORPORATION,YESHIVA KEHILATH YAKOV IN
3753821,340581212,3078590003,BROOKLYN,EW,ISSUED,BL,2020-04-02 ,2020-04-02 ,2021-04-02,2,CONGREGATION TIFERES AVRAHOM,CORPORATION,B&B  MECH PLBG & HTG LLC
3753681,302583274,3007280036,BROOKLYN,DM,ISSUED,,2020-04-01 ,2020-04-01 ,2021-04-01,2,NYC SCHOOL CONSTRUCTION AUTHORIT,OTHER GOV'T AGENCY,NATIONAL ENVIROMENTAL SAF
3753366,421107769,4118820001,QUEENS,EW,ISSUED,OT,2020-03-31 ,2020-03-31 ,2021-03-27,2,NYC SCHOOL CONSTRUCTION AUTHORIT,OTHER GOV'T AGENCY,INDEPENDENT TEMPERATURE
3753368,520236922,5031000020,STATEN ISLAND,EQ,ISSUED,EQ,2020-03-31 ,2020-03-31 ,2021-03-31,2,N/A,INDIVIDUAL,A & A BUILDING RENOVATION
3753447,520116909,5008820041,STATEN ISLAND,NB,ISSUED,,2020-03-31 ,2020-03-31 ,2020-10-26,1,N/A,INDIVIDUAL,KADAR ELITE CONSTRUCTION
3753456,321667102,3055090036,BROOKLYN,EQ,ISSUED,EQ,2020-03-31 ,2020-03-31 ,2021-03-31,1,RESIDENCE,INDIVIDUAL,M-A-C-HOME DESIGN AND CON
3753459,321734389,3017930035,BROOKLYN,PL,ISSUED,PL,2020-03-31 ,2020-03-31 ,2021-03-31,1,NA,INDIVIDUAL,ONOFRIO LODUCA PLBG CORP
3753082,520397179,5079870001,STATEN ISLAND,EW,ISSUED,OT,2020-03-30 ,2020-03-30 ,2020-11-04,2,ELLIS STORAGE LLC,CORPORATION,HEMUNINU CONSTRUCTION SOL
3753188,123552477,1020600035,MANHATTAN,AL,ISSUED,,2020-03-30 ,2020-03-30 ,2020-11-13,2,HEIGHTS CLUB RUUM LLC,INDIVIDUAL,BEN'S HOME IMPROVEMENT IN
3753189,421680498,4041010056,QUEENS,EW,ISSUED,OT,2020-03-30 ,2020-03-30 ,2020-10-05,2,NYC DEPT OF PARKS AND RECREATION,NYC AGENCY,KELCO CONSTRUCTION INC
3752442,421778053,4073110040,QUEENS,EW,ISSUED,OT,2020-03-26 ,2020-03-26 ,2021-03-29,2,CHENG DI REALTY.LLC,INDIVIDUAL,YILIN CONSTRUCTION INC
3752443,201199256,2031040007,BRONX,FO,ISSUED,,2020-03-26 ,2020-03-26 ,2021-03-26,2,NYC SCHOOL CONSTRUCTION AUTHORIT,OTHER GOV'T AGENCY,TECHNICO CONSTRUCTION
3696763,321431759,3024170016,BROOKLYN,AL,ISSUED,,2019-10-03 ,2020-03-26 ,2021-03-11,1,N/A,INDIVIDUAL,RICHIE'S CABINET AND HOME
3752279,340527567,3088090030,BROOKLYN,EQ,ISSUED,EQ,2020-03-25 ,2020-03-25 ,2021-03-25,2,RJ HIGH SKY LLC,CORPORATION,"JASCO, INC"
3752340,321193178,3045860203,BROOKLYN,PL,ISSUED,PL,2020-03-25 ,2020-03-25 ,2021-03-25,2,"FOUNTAIN SEAVIEW ONE HDFC, INC.",CORPORATION,ONLINE MECHANICAL CORP
3752389,140886094,1006930037,MANHATTAN,EQ,ISSUED,EQ,2020-03-25 ,2020-03-25 ,2021-03-25,2,COLGATE ENTERPRISE CORP,CORPORATION,COLGATE ENTERPRISE CORP
3751847,421104780,4096840008,QUEENS,EQ,ISSUED,EQ,2020-03-24 ,2020-03-24 ,2021-03-24,2,NYC SCA,OTHER GOV'T AGENCY,AMCON CONTRACTING CORP
3751955,220639236,2023950001,BRONX,EW,ISSUED,OT,2020-03-24 ,2020-03-24 ,2021-04-01,2,NYCHA CAPITAL PROJECTS,NYCHA/HHC,NEELAM CONSTRUCTION CORP
3751992,122778173,1002320012,MANHATTAN,EW,ISSUED,OT,2020-03-24 ,2020-03-24 ,2021-03-24,2,458 GRAND BROADWAY OWNERS CORP,CONDO/CO-OP,FRANCO REMODELING CORP
3751280,210180267,2032490216,BRONX,AL,ISSUED,,2020-03-20 ,2020-03-24 ,2020-10-19,2,2973 WEBB AVE LLC,INDIVIDUAL,BH GENERAL CONTRACTING IN
368307,100647070,1005120017,MANHATTAN,AL,ISSUED,OT,1993-10-05 ,1993-10-05 ,1994-06-08,2,C.H.H. REALTY,PARTNERSHIP,NY FLAG & POLE CO INC
290771,200073400,2030230005,BRONX,PL,ISSUED,PL,1992-12-16 ,1992-12-16 ,1993-09-01,2,TIEBOUT ASSOCIATES INC,,ELI-WOODSON PLUMBING
65722,200852327,2028770255,BRONX,NB,ISSUED,,2004-09-15 ,2004-09-15 ,2004-12-01,1,N/A,INDIVIDUAL,E. BROWN G.C.
3751358,302574355,3033650098,BROOKLYN,EW,ISSUED,OT,2020-03-20 ,2020-03-20 ,2021-03-20,2,NYCSCA,OTHER GOV'T AGENCY,PADILLA CONSTRUCTION SERV
2754253,340120933,3021100003,BROOKLYN,PL,ISSUED,PL,2014-08-20 ,2014-08-20 ,2015-08-20,2,"20 LAFAYETTE, LLC",INDIVIDUAL,PACE PLUMBING CORP
2939276,320592328,3021107501,BROOKLYN,EQ,ISSUED,EQ,2015-09-02 ,2015-09-02 ,2016-09-01,2,"20 LAFAYETTE, LLC",INDIVIDUAL,20 LAFAYETTE CONST LLC
3741015,322042883,3058610003,BROOKLYN,EW,ISSUED,OT,2020-02-18 ,2020-03-19 ,2021-01-16,2,N/A,INDIVIDUAL,CEKAJ CONSTRUCTION CORP
3750969,421401986,4116540047,QUEENS,EW,ISSUED,MH,2020-03-19 ,2020-03-19 ,2020-09-19,1,MEC PROPERTIES INC,CORPORATION,VELAR CORP
3750971,421401986,4116540047,QUEENS,EW,ISSUED,OT,2020-03-19 ,2020-03-19 ,2020-09-19,1,MEC PROPERTIES INC,CORPORATION,VELAR CORP
3751203,201195161,2024240001,BRONX,EW,ISSUED,OT,2020-03-19 ,2020-03-19 ,2021-03-19,2,SCHOOL CONSTRUCTION AUTHORITY,OTHER GOV'T AGENCY,ADAM'S EUROPEAN CONTRACTI
3751206,520389286,5023940064,STATEN ISLAND,EW,ISSUED,OT,2020-03-19 ,2020-03-19 ,2020-08-29,1,N/A,INDIVIDUAL,SMVP MGMT INC
3750524,123444488,1007380015,MANHATTAN,EW,ISSUED,OT,2020-03-18 ,2020-03-18 ,2021-04-01,2,N/A,PARTNERSHIP,B & A RESTORATION CONTRA
3750635,402890608,4122610001,QUEENS,EW,ISSUED,OT,2020-03-18 ,2020-03-18 ,2021-03-18,2,NYCSCA,OTHER GOV'T AGENCY,ADAM'S EUROPEAN CONTRACTI
3750190,421717681,4000827501,QUEENS,EW,ISSUED,OT,2020-03-17 ,2020-03-17 ,2021-03-02,2,NA,INDIVIDUAL,ARTEC CONSTRUCTION CORP
3750191,123495299,1000160180,MANHATTAN,EW,ISSUED,OT,2020-03-17 ,2020-03-17 ,2020-12-19,2,"RIVER TERRACE ASSOCIATES, LLC",CORPORATION,KLARACON LLC
484287,100945471,1021380040,MANHATTAN,EW,ISSUED,MH,1994-12-16 ,1994-12-16 ,1995-10-04,2,COLUMBIA UNVERSITY,,HELLMAN CONSTRUCTIONCO INC
515244,100962692,1021380040,MANHATTAN,PL,ISSUED,PL,1995-03-31 ,1995-03-31 ,1997-03-31,2,TRUSTEE OF COLO UNIV.,,A.MCPHEE & SONS INC
3749643,321823210,3032760001,BROOKLYN,EW,ISSUED,BL,2020-03-16 ,2020-03-16 ,2021-02-10,2,NEW YORK CITY HOUSING AUTHORITY,NYCHA/HHC,WATERMARK PLUMBING CORP
3749219,220660746,2024320047,BRONX,PL,ISSUED,PL,2020-03-13 ,2020-03-13 ,2021-03-13,2,B6B PARTNERS LP C/O LEEDS ASSOC,PARTNERSHIP,HAY MECHANICAL SOLUTIONS
3749380,123699257,1008510035,MANHATTAN,EW,ISSUED,OT,2020-03-13 ,2020-03-13 ,2021-03-01,2,300 PARK AVE. SO. L.L.C.,CORPORATION,SKYLINE RESTORATION INC
3697075,440585458,4140210058,QUEENS,EW,ISSUED,OT,2020-03-13 ,2020-03-13 ,2020-10-01,1,N/A,INDIVIDUAL,SUNRUN INSTALLATION SVC
3747579,421003345,4007760150,QUEENS,EW,ISSUED,OT,2020-03-09 ,2020-03-13 ,2021-03-01,2,NYC DEP,NYC AGENCY,JETT INDUSTRIES INC
3748864,220152144,2023840043,BRONX,EQ,ISSUED,EQ,2020-03-12 ,2020-03-12 ,2021-03-12,2,BRONX COMMONS LLC,PARTNERSHIP,BRONX COMMONS BUILDERS LL
3748966,121187731,1005800052,MANHATTAN,EQ,ISSUED,EQ,2020-03-12 ,2020-03-12 ,2021-03-12,2,TOLL NY II LLC,CORPORATION,TOLL GC LLC
3749014,421258203,4028820021,QUEENS,FO,ISSUED,,2020-03-12 ,2020-03-12 ,2021-02-21,1,ELMJURST TOWER LLC,PARTNERSHIP,MASTER WORKS CONTRACTOR I
1015449,301046794,3006990001,BROOKLYN,PL,ISSUED,PL,2000-09-27 ,2000-09-27 ,2001-09-27,2,MULVANNY PARTNERSHIP,PARTNERSHIP,VENEZIANO PLBG & HTG CORP
3748335,140680573,1019570105,MANHATTAN,EW,ISSUED,MH,2020-03-11 ,2020-03-11 ,2021-02-15,2,DORMITORY AUTHORITY STATE OF NY,OTHER GOV'T AGENCY,NEW STYLE CONTRACTORS INC
3748512,340721142,3023270022,BROOKLYN,EW,ISSUED,OT,2020-03-11 ,2020-03-11 ,2020-10-05,2,"CRYSTAL CAROUSEL, INC.",CORPORATION,MICHELLE KUO CORP
3748561,123046907,1015710022,MANHATTAN,EW,ISSUED,OT,2020-03-11 ,2020-03-11 ,2020-10-17,2,GLENWOOD MANAGEMENT,CORPORATION,YORK RESTORATION CORP
3748562,421650145,4099500044,QUEENS,PL,ISSUED,PL,2020-03-11 ,2020-03-11 ,2021-03-11,1,N/A,INDIVIDUAL,L&J PLG & HTG CO OF NY IN
3748589,421756807,4031530020,QUEENS,EW,ISSUED,OT,2020-03-11 ,2020-03-11 ,2021-02-01,1,N/A,INDIVIDUAL,JYNY CONSTRUCTION CORP
3748649,421682076,4080460033,QUEENS,EW,ISSUED,OT,2020-03-11 ,2020-03-11 ,2021-03-09,1,N/A,INDIVIDUAL,CHAMPION 1 CONSTRUCTION O
3747306,440588062,4021590020,QUEENS,EQ,ISSUED,EQ,2020-03-06 ,2020-03-11 ,2021-03-11,2,APEX PLACE ASSOCIATES LP,CORPORATION,HDK CONSTRUCTION LLC
3748104,421582807,4122690016,QUEENS,FO,ISSUED,,2020-03-10 ,2020-03-10 ,2021-03-01,1,-,INDIVIDUAL,KAIETEUR CONSTRUCTION INC
3747921,140890169,1013660001,MANHATTAN,EQ,ISSUED,EQ,2020-03-10 ,2020-03-10 ,2021-03-10,2,REPUBLIC SCAFFOLD & HOIST,CORPORATION,REPUBLIC SCAFFOLD&HOIST C
3748073,421424863,4013780033,QUEENS,AL,ISSUED,,2020-03-10 ,2020-03-10 ,2020-12-30,2,"98-18 ASTORIA BLVD REALTY, LLC",CORPORATION,B GREEN CONSTRUCTION CORP
3748223,540174531,5035720053,STATEN ISLAND,EW,ISSUED,OT,2020-03-10 ,2020-03-10 ,2020-11-15,1,N/A,INDIVIDUAL,VENTURE HOME SOLAR LLC
3748226,340507366,3017920034,BROOKLYN,EW,ISSUED,OT,2020-03-10 ,2020-03-10 ,2021-01-30,2,NONE,INDIVIDUAL,5D ARCHITECT AND ENGINEER
3743145,321946150,3011440050,BROOKLYN,PL,ISSUED,PL,2020-02-25 ,2020-03-10 ,2021-03-10,1,N/A,INDIVIDUAL,"AMC PLBG, HTG & CLNG, INC"
3747382,123689357,1010087503,MANHATTAN,EW,ISSUED,OT,2020-03-08 ,2020-03-08 ,2021-04-01,2,TISHMAN SPEYER,PARTNERSHIP,FINALY GENL CONTR CORP
3747391,123844313,1010240038,MANHATTAN,EW,ISSUED,OT,2020-03-09 ,2020-03-09 ,2021-04-01,2,SL GREEN REALTY CORP.,CORPORATION,FINALY GENL CONTR CORP
3747393,123856586,1013010023,MANHATTAN,EW,ISSUED,OT,2020-03-09 ,2020-03-09 ,2021-04-01,2,SL GREEN REALTY CORP.,CORPORATION,FINALY GENL CONTR CORP
3747542,440543798,4012720069,QUEENS,AL,ISSUED,OT,2020-03-09 ,2020-03-09 ,2021-03-09,2,GMP ENTERPRISES INC.,CORPORATION,GMP ENTERPRISES INC
3747657,103651264,1004220072,MANHATTAN,EQ,ISSUED,EQ,2020-03-09 ,2020-03-09 ,2021-03-09,2,NYC SCA,OTHER GOV'T AGENCY,LADI CONSTRUCTION INC
3747666,520330963,5057750056,STATEN ISLAND,NB,ISSUED,,2020-03-09 ,2020-03-09 ,2021-02-19,1,"ANAROSE ESTATES, LLC",PARTNERSHIP,MAXIMUM CONTRACTING INC
3747760,340683941,3080010033,BROOKLYN,EW,ISSUED,OT,2020-03-09 ,2020-03-09 ,2020-12-01,1,N/A,INDIVIDUAL,1ST LIGHT ENERGY INC
3747326,421600618,4052650001,QUEENS,FO,ISSUED,,2020-03-06 ,2020-03-09 ,2021-01-25,2,KNY 154 PROPERTY LLC,CORPORATION,US ONE CONSTRUCTION INC
2947887,520241079,5036730001,STATEN ISLAND,EQ,ISSUED,EQ,2015-09-22 ,2015-09-22 ,2016-09-21,1,N/A,INDIVIDUAL,ULTIMATE PAVERS CORP
408966,300264130,3001740001,BROOKLYN,EW,ISSUED,OT,1994-02-18 ,1994-02-18 ,1997-01-01,2,NY SCHOOL CONSTRUCTION AUTHORITY,OTHER,MERIS CONSTRUCTION CORPORATION
562269,101098349,1015190036,MANHATTAN,EW,ISSUED,BL,1995-09-07 ,1995-09-07 ,1996-09-04,2,1612 3RD AVE,PARTNERSHIP,DUAL FUEL PLUMBING & HEATING
3747298,220706029,2049050360,BRONX,EW,ISSUED,OT,2020-03-06 ,2020-03-06 ,2021-04-01,2,NEW YORK CITY HOUSING AUTHORITY,NYCHA/HHC,L & M BUILDERS GROUP LLC
3747301,440585760,4129390210,QUEENS,EW,ISSUED,OT,2020-03-06 ,2020-03-06 ,2020-12-31,1,N/A,INDIVIDUAL,"TRINITY HTG & AIR,INC"
3747307,123545226,1015290024,MANHATTAN,EW,ISSUED,OT,2020-03-06 ,2020-03-06 ,2020-10-12,2,N/A,INDIVIDUAL,WINWAY DEVELOPMENT LLC
3747318,321922915,3025780001,BROOKLYN,PL,ISSUED,PL,2020-03-06 ,2020-03-06 ,2021-03-06,2,"NEW CINGULAR WIRELESS PCS, LLC",PARTNERSHIP,P.A.C. HEATING INC
3747320,320910582,3003620001,BROOKLYN,PL,ISSUED,PL,2020-03-06 ,2020-03-06 ,2021-03-06,2,113 HAMILTON AVENUE LLC,PARTNERSHIP,B&B  MECH PLBG & HTG LLC
3747323,340498376,3021860001,BROOKLYN,EQ,ISSUED,EQ,2020-03-06 ,2020-03-06 ,2021-03-06,2,SKYWORX CONTRACTING INC,CORPORATION,JJS BUILDERS
3747324,340505180,3021860001,BROOKLYN,EQ,ISSUED,EQ,2020-03-06 ,2020-03-06 ,2021-03-06,2,SKYWORX CONTRACTING INC,PARTNERSHIP,JJS BUILDERS
3747325,321945295,3038820055,BROOKLYN,PL,ISSUED,PL,2020-03-06 ,2020-03-06 ,2021-03-06,2,"NEW CINGULAR WIRELESS PCS, LLC",PARTNERSHIP,P.A.C. HEATING INC
3747327,440588179,4054530017,QUEENS,EW,ISSUED,OT,2020-03-06 ,2020-03-06 ,2020-10-01,1,N/A,INDIVIDUAL,SUNRUN INSTALLATION SVC
3747330,440588231,4127200133,QUEENS,EW,ISSUED,OT,2020-03-06 ,2020-03-06 ,2020-11-15,1,N/A,INDIVIDUAL,VENTURE HOME SOLAR LLC
191777,400205210,4051340005,QUEENS,PL,ISSUED,PL,1991-11-26 ,1991-11-26 ,1992-04-20,2,A & V FOOD MARKET INC.,CORPORATION,MAGOR PLUMBING & HEATING
3746888,440585537,4022450046,QUEENS,EW,ISSUED,OT,2020-03-05 ,2020-03-06 ,2021-03-06,2,GRAND CENTRAL PARKWAY REALTY LLC,CORPORATION,MAMAN CONSTRUCTION CO.LLC
3746525,321656374,3022310014,BROOKLYN,FO,ISSUED,,2020-03-05 ,2020-03-05 ,2021-03-04,1,N/A,INDIVIDUAL,GS INTERIORS LLC
3746463,140888868,1012360029,MANHATTAN,EW,ISSUED,OT,2020-03-05 ,2020-03-05 ,2020-12-04,2,WEST 88 STREET LLC,PARTNERSHIP,NJF CONTRACTING CORP
3746543,440520090,4060010021,QUEENS,EW,ISSUED,OT,2020-03-05 ,2020-03-05 ,2021-03-01,1,CHABAD OF NORTHEASTERN QUEENS,CORPORATION,KAIETEUR CONSTRUCTION INC
3746663,123513536,1012000031,MANHATTAN,PL,ISSUED,PL,2020-03-05 ,2020-03-05 ,2021-03-05,2,N/A,CONDO/CO-OP,PAL-MAR PLBG & HTG INC
3746613,421858181,4096970012,QUEENS,EW,ISSUED,OT,2020-03-05 ,2020-03-05 ,2021-03-01,2,VENTURE HOUSE,CORPORATION,CHAMPION INTERNATIONAL CO
3746676,520315285,5066620016,STATEN ISLAND,NB,ISSUED,,2020-03-05 ,2020-03-05 ,2021-03-05,1,"PRINCES POINT VENTURE, LLC",PARTNERSHIP,KDC OF STATEN ISLAND INC
3746695,321778536,3054110001,BROOKLYN,EW,ISSUED,OT,2020-03-05 ,2020-03-05 ,2020-10-19,2,"LEVON LION EQUITIES AT 18TH, LLC",CORPORATION,CLASSIC BUILDERS CORP
3746784,321835699,3066140015,BROOKLYN,PL,ISSUED,PL,2020-03-05 ,2020-03-05 ,2021-03-05,1,NA,INDIVIDUAL,ENYQ CORP
3746806,421605141,4113760023,QUEENS,EW,ISSUED,MH,2020-03-05 ,2020-03-05 ,2020-04-16,2,N/A,INDIVIDUAL,GREENSIDE CORP
3746846,321821695,3042050010,BROOKLYN,EW,ISSUED,OT,2020-03-05 ,2020-03-05 ,2020-12-03,1,N/A,INDIVIDUAL,RF CONSTRUCTION NY CORP
3306842,421390907,4163500400,QUEENS,FO,ISSUED,,2017-07-25 ,2017-07-25 ,2017-11-12,1,"BREEZY POINT COOPERATIVE, INC.",CONDO/CO-OP,SAND-BAR CONTRACTORS INC
3746118,123462298,1001747505,MANHATTAN,EW,ISSUED,OT,2020-03-04 ,2020-03-04 ,2021-03-01,2,CAST IRON HOUSE CONDOMINIUM,CONDO/CO-OP,INTERIOR MANAGEMENT LLC
3746180,122182850,1008310019,MANHATTAN,EW,ISSUED,SP,2020-03-04 ,2020-03-04 ,2021-03-04,2,"1204 BROADWAY MANHATTAN, LLC",PARTNERSHIP,S & S PLUMBING CORP
3746184,401622669,4049580048,QUEENS,EQ,ISSUED,EQ,2020-03-04 ,2020-03-04 ,2021-03-04,2,XINYUAN USA,PARTNERSHIP,GILBANE RESIDENTIAL CONST
3746335,321490258,3069640002,BROOKLYN,PL,ISSUED,PL,2020-03-04 ,2020-03-04 ,2021-03-04,2,OFFICE OF THE VP FOR DISASTER RE,NYCHA/HHC,"VITAL PLUMBING, INC"
3746345,220724866,2032730001,BRONX,EW,ISSUED,OT,2020-03-04 ,2020-03-04 ,2020-10-01,2,FORDHAM UNIVERSITY,CORPORATION,TISHMAN INTERIORS CORP
3746348,140087616,1019060033,MANHATTAN,EW,ISSUED,OT,2020-03-04 ,2020-03-04 ,2020-10-18,2,N/A,INDIVIDUAL,2260 MAG CORP
3746353,321490294,3069640002,BROOKLYN,PL,ISSUED,PL,2020-03-04 ,2020-03-04 ,2021-03-04,2,OFFICE OF THE VP FOR DISASTER RE,NYCHA/HHC,"VITAL PLUMBING, INC"
3746360,123590300,1004160063,MANHATTAN,PL,ISSUED,PL,2020-03-04 ,2020-03-04 ,2021-03-04,2,ORCHARD REALTY,CORPORATION,APPROVED PLUMBING AND FIR
3744544,122765800,1001740037,MANHATTAN,AL,ISSUED,,2020-02-28 ,2020-03-04 ,2020-11-06,2,95 LEONARD ST.,PARTNERSHIP,"Z & K RENOVATION, CORP"
3744562,220723493,2031890001,BRONX,EW,ISSUED,OT,2020-02-28 ,2020-03-04 ,2021-03-01,2,1-27 EAST FORDHAM RD REALTY ASSO,PARTNERSHIP,RIDGE CONSTRUCTION CORP
3745610,321925333,3031710028,BROOKLYN,NB,ISSUED,,2020-03-03 ,2020-03-03 ,2021-01-15,2,N/A,INDIVIDUAL,UNIQUE DEVELOPERS CORP
3745777,220680573,2030920051,BRONX,EW,ISSUED,MH,2020-03-03 ,2020-03-03 ,2021-02-13,2,709 E TREMONT REATY,INDIVIDUAL,CLIFF REFRIGERATION & A/C
3745888,123171254,1018660001,MANHATTAN,EW,ISSUED,SP,2020-03-03 ,2020-03-03 ,2021-03-03,2,MOUNT SINAI HEALTH SYSTEM,CORPORATION,S & J INDUSTRIAL CORP
3745924,440586885,4036520002,QUEENS,EW,ISSUED,OT,2020-03-03 ,2020-03-03 ,2020-11-01,1,N/A,INDIVIDUAL,"SUNPOWER CORPORATION, SYS"
3745168,421928196,4068020006,QUEENS,DM,ISSUED,,2020-03-02 ,2020-03-03 ,2021-02-06,1,TOP ONE DEVELOPMENT LLC,CORPORATION,SUPREME BUILDERS CORP
3745072,121380362,1013820009,MANHATTAN,PL,ISSUED,PL,2020-03-02 ,2020-03-02 ,2021-03-02,1,SINGLETON ASSETS GROUP LTD,PARTNERSHIP,NYC PLUMBING & HEATING IN
3745078,123679705,1012790057,MANHATTAN,EW,ISSUED,SP,2020-03-02 ,2020-03-02 ,2021-03-02,2,350 MADISON ACQUISITION LLC,CORPORATION,PAR FIRE PROTECTION LLC
3745089,123569334,1008550037,MANHATTAN,EW,ISSUED,OT,2020-03-02 ,2020-03-02 ,2020-08-26,2,"RUDIN MGMT CO., INC/ 41 MADISON",PARTNERSHIP,THEODORE WILLIAMS CONSTR
3745092,123852624,1013137501,MANHATTAN,EW,ISSUED,SP,2020-03-02 ,2020-03-02 ,2021-03-02,2,VORNADO REALTY TRUST,CORPORATION,PAR FIRE PROTECTION LLC
3745099,123234204,1013137501,MANHATTAN,EW,ISSUED,SP,2020-03-02 ,2020-03-02 ,2021-03-02,2,VORNADO OFFICE MANAGEMENT,CORPORATION,PAR FIRE PROTECTION LLC
3745124,421393708,4013490006,QUEENS,NB,ISSUED,,2020-03-02 ,2020-03-02 ,2020-09-07,2,"UTOKILEN, LLC",CORPORATION,ALL STATE 12 GENERAL CONT
3745127,420658559,4006650034,QUEENS,FO,ISSUED,,2020-03-02 ,2020-03-02 ,2021-03-02,2,"STEINWAY STREET LIC, LLC",CORPORATION,RAY BUILDERS INC
3745352,123570830,1012687503,MANHATTAN,EW,ISSUED,OT,2020-03-02 ,2020-03-02 ,2020-10-11,2,SUNFLOWER AMERICAN CAPITAL LTD,CORPORATION,TOJI DEVELOP NY INC
3745363,421653758,4163500400,QUEENS,PL,ISSUED,PL,2020-03-02 ,2020-03-02 ,2021-03-02,1,BREEZY POINT COOPERATIVE INC,CORPORATION,JOSEPH O'GRADY P & H INC
3745376,321314975,3037170006,BROOKLYN,NB,ISSUED,,2020-03-02 ,2020-03-02 ,2020-09-27,2,N/A,INDIVIDUAL,JIU ZHOU INC
3745441,440587349,4120270108,QUEENS,EW,ISSUED,OT,2020-03-02 ,2020-03-02 ,2020-10-01,1,N/A,INDIVIDUAL,SUNRUN INSTALLATION SVC
3745464,123569316,1012630041,MANHATTAN,EW,ISSUED,OT,2020-03-02 ,2020-03-02 ,2020-10-03,2,UOB REALTY (USA) LTD PARTNERSHIP,CORPORATION,NK INTERIOR CORP
3745466,540174256,5028560045,STATEN ISLAND,EW,ISSUED,OT,2020-03-02 ,2020-03-02 ,2020-10-01,1,N/A,INDIVIDUAL,SUNRUN INSTALLATION SVC
3745516,321962391,3007060001,BROOKLYN,PL,ISSUED,PL,2020-03-02 ,2020-03-02 ,2021-03-02,2,19-20 BUSH TERMINAL OWNER LP,CORPORATION,PRO STAR PLBG HTG & MECH
3744485,321594912,3002140025,BROOKLYN,FO,ISSUED,,2020-02-28 ,2020-02-28 ,2020-05-16,1,N/A,INDIVIDUAL,SAPOL CONSTRUCTION LLC
3744552,123237942,1012847501,MANHATTAN,EW,ISSUED,OT,2020-02-28 ,2020-02-28 ,2021-03-01,2,SL GREEN REALTY CORP.,CORPORATION,DNA CONTRACTING LLC
3744558,140617081,1006320045,MANHATTAN,EQ,ISSUED,EQ,2020-02-28 ,2020-02-28 ,2021-02-27,2,GREENWICH PERRY ST /MAXWELL KATE,CORPORATION,EVEREST SCAFFOLDING INC
3744559,340688036,3070240029,BROOKLYN,EW,ISSUED,OT,2020-02-28 ,2020-02-28 ,2021-02-27,1,N/A,INDIVIDUAL,DIMEX GROUP INC
3744711,122817416,1008510035,MANHATTAN,EW,ISSUED,OT,2020-02-28 ,2020-02-28 ,2021-03-01,2,ROCKROSE,PARTNERSHIP,SKYLINE RESTORATION INC
3744741,220694050,2035670001,BRONX,EW,ISSUED,OT,2020-02-28 ,2020-02-28 ,2021-03-01,2,JAMIE TOWERS,CORPORATION,SKYLINE RESTORATION INC
3744851,421682968,4161660299,QUEENS,PL,ISSUED,PL,2020-02-28 ,2020-02-28 ,2021-02-27,2,BE ROCKAWAY ENTERPRISES LLC,,MCMANUS MECH MAINT P&H IN
3744946,201199327,2027100001,BRONX,PL,ISSUED,PL,2020-02-28 ,2020-02-28 ,2021-02-27,2,NYC SCA,OTHER GOV'T AGENCY,VARSITY PLBG AND HTG INC
3745032,421660964,4083750040,QUEENS,FO,ISSUED,,2020-02-28 ,2020-02-28 ,2021-01-14,1,MICHAEL LIU,INDIVIDUAL,ROBOT CONSTRUCTION INC
3743896,122553245,1008140015,MANHATTAN,EW,ISSUED,SP,2020-02-27 ,2020-02-27 ,2021-02-26,2,"SHORENSTEIN REALTY SERVICES, LP",PARTNERSHIP,GRUSHINSKY PLBG & HTG INC
3743915,340350907,3009750017,BROOKLYN,EW,ISSUED,OT,2020-02-27 ,2020-02-27 ,2021-03-27,2,N/A,INDIVIDUAL,EG ENTERPRISES NY INC
3743973,123500844,1011520013,MANHATTAN,EW,ISSUED,OT,2020-02-27 ,2020-02-27 ,2020-12-18,2,ALGIN MANAGEMENT CO. LLC,PARTNERSHIP,CANIDO BASONAS CONST SVC
3744068,123840086,1013087501,MANHATTAN,EW,ISSUED,OT,2020-02-27 ,2020-02-27 ,2020-09-30,2,"BOSTON PROPERTIES, INC.",CORPORATION,JT MAGEN & COMPANY INC
3744069,302585879,3007280036,BROOKLYN,EQ,ISSUED,EQ,2020-02-27 ,2020-02-27 ,2021-02-26,2,NYC SCHOOL CONSTRUCTION AUTHORIT,OTHER GOV'T AGENCY,NATIONAL ENVIROMENTAL SAF
3744393,421797336,4019960031,QUEENS,FO,ISSUED,,2020-02-27 ,2020-02-27 ,2020-04-11,2,111 ROOSEVELT DEVELOPMENT LLC.,PARTNERSHIP,DLC DEVELOPMENT CORP
75365,101384388,1006430043,MANHATTAN,EW,ISSUED,MH,1996-10-03 ,1996-10-03 ,1997-05-29,2,N/A,INDIVIDUAL,BEST IRON WORK
3742331,421795105,4038250025,QUEENS,EW,ISSUED,OT,2020-02-21 ,2020-02-26 ,2020-09-28,2,N/A,INDIVIDUAL,ART.KT CONSTRUCTION CORP
3743457,340479075,3037240029,BROOKLYN,EQ,ISSUED,EQ,2020-02-26 ,2020-02-26 ,2021-02-25,2,SKYWORX CONTRACTING INC,NYCHA/HHC,SKYWORX CONTRACTING INC
3743487,123154772,1008380001,MANHATTAN,PL,ISSUED,PL,2020-02-26 ,2020-02-26 ,2021-02-25,2,VBG 990 AOA LLC,CORPORATION,PRACTICAL PLBG & HTG INC
3743493,123867100,1009930036,MANHATTAN,EW,ISSUED,OT,2020-02-26 ,2020-02-26 ,2021-02-08,2,"ADAMS & CO. REAL ESTATE, LLC",PARTNERSHIP,BURA CONSTRUCTION CORP
3743584,123597857,1001327503,MANHATTAN,PL,ISSUED,PL,2020-02-26 ,2020-02-26 ,2021-02-25,2,THE HASTINGS CONDOMINIUM,CONDO/CO-OP,GALICJA PLBG AND HTG.CORP
3743585,421667878,4103280025,QUEENS,DM,ISSUED,,2020-02-26 ,2020-02-26 ,2020-08-21,2,OWNER,INDIVIDUAL,SANDHU BUILDERS 1 INC
3743589,220716848,2027240186,BRONX,EW,ISSUED,OT,2020-02-26 ,2020-02-26 ,2020-12-01,2,AAC MANAGEMENT CORP.,CORPORATION,TOM RECTENWALD CONSTRUCTI
3743628,123242008,1012927502,MANHATTAN,EQ,ISSUED,EQ,2020-02-26 ,2020-02-26 ,2021-02-25,2,SAFWAY ATLANTIC LLC,PARTNERSHIP,"SAFWAY ATLANTIC, LLC"
3743757,321090948,3057340045,BROOKLYN,EW,ISSUED,SD,2020-02-26 ,2020-02-26 ,2021-02-25,2,1462 62ND STREET REALTY LLC,PARTNERSHIP,WNW & SONS PLUMBING & HTG
3743146,321946150,3011440050,BROOKLYN,EW,ISSUED,SP,2020-02-25 ,2020-02-25 ,2021-02-24,1,N/A,INDIVIDUAL,VIP FIRE SPRINKLER INC
3743147,421782850,4008500300,QUEENS,EW,ISSUED,OT,2020-02-25 ,2020-02-25 ,2021-02-24,2,ASTORIA GENERATING COMAPNY,CORPORATION,KIEWIT INFRASTRUCTURE CO
3743149,420253040,4051810017,QUEENS,NB,ISSUED,,2020-02-25 ,2020-02-25 ,2021-02-19,2,FIRST BAPTIST CHURCH OF FLUSHING,CORPORATION,GREEN JJ MANAGEMENT INC
3743155,421685395,4003120089,QUEENS,AL,ISSUED,,2020-02-25 ,2020-02-25 ,2021-02-24,2,REVIEW ASSOCIATES LLC,CORPORATION,FPS CONTRACTING INC
3743258,340704303,3087210350,BROOKLYN,EW,ISSUED,OT,2020-02-25 ,2020-02-25 ,2021-02-24,2,UNITED MANAGEMENT,CORPORATION,MARLEX MANAGEMENT INC
3743304,140837913,1008300062,MANHATTAN,EQ,ISSUED,EQ,2020-02-25 ,2020-02-25 ,2021-02-24,2,SAFWAY ATLANTIC LLC,PARTNERSHIP,"SAFWAY ATLANTIC, LLC"
3743321,421756237,4053440021,QUEENS,EW,ISSUED,OT,2020-02-25 ,2020-02-25 ,2020-03-28,1,NA,INDIVIDUAL,RONG MAINTENANCE INC
3743324,123760304,1020250001,MANHATTAN,AL,ISSUED,OT,2020-02-25 ,2020-02-25 ,2021-02-12,2,267 WEST 139TH PROPERTY LLC,CORPORATION,ARTISTRY AWNING CORP
3743350,421691137,4154840001,QUEENS,PL,ISSUED,PL,2020-02-25 ,2020-02-25 ,2021-02-24,1,NONE,INDIVIDUAL,NORTON MECHANICAL II INC
3743360,220726962,2022860001,BRONX,EW,ISSUED,OT,2020-02-25 ,2020-02-25 ,2020-12-18,2,WORLD OLIVET ASSEMBLY,CORPORATION,Q&F CONSTRUCTION INC
3742697,421717039,4067920600,QUEENS,PL,ISSUED,PL,2020-02-24 ,2020-02-24 ,2021-02-23,2,"SECOND HOUSING COMPANY, INC.",CORPORATION,VARSITY PLBG AND HTG INC
3742701,421025036,4033330003,QUEENS,PL,ISSUED,PL,2020-02-24 ,2020-02-24 ,2021-02-23,2,N/A,INDIVIDUAL,BBM PLUMBING & HTNG INC
3742713,421315687,4037770001,QUEENS,EW,ISSUED,OT,2020-02-24 ,2020-02-24 ,2020-10-18,2,NONE,INDIVIDUAL,SJ EMPIRE CORP
3742872,201197524,2026250001,BRONX,EW,ISSUED,OT,2020-02-24 ,2020-02-24 ,2021-02-23,2,NYC SCA,NYC AGENCY,ARMSTRONG ROOFING CORP
3742129,420513199,4094150051,QUEENS,EW,ISSUED,BL,2020-02-21 ,2020-02-21 ,2020-08-28,2,113-07_LLC,PARTNERSHIP,LLOYD G DRUMMOND PLBG&GEN
3742131,321387281,3086650525,BROOKLYN,PL,ISSUED,PL,2020-02-21 ,2020-02-21 ,2021-02-20,2,"2955 BRIGHTON 5 STREET, LLC",PARTNERSHIP,AMOK INC
3742143,421253823,4050370089,QUEENS,PL,ISSUED,PL,2020-02-21 ,2020-02-21 ,2021-02-20,2,CALGARY 8990 LLC,PARTNERSHIP,WHITESTONE PLUMBING CORP
3742148,421400308,4062990017,QUEENS,EW,ISSUED,SP,2020-02-21 ,2020-02-21 ,2021-02-20,1,NONE,INDIVIDUAL,RRP PLUMBING CORP
3742150,220719079,2039300071,BRONX,EW,ISSUED,OT,2020-02-21 ,2020-02-21 ,2021-02-18,2,USA VEIN CLINICS,CORPORATION,FIRST CNSTRCTION ZONE INC
3742151,123741978,1007467506,MANHATTAN,EW,ISSUED,OT,2020-02-21 ,2020-02-21 ,2021-02-18,2,USA VEIN CLINICS,CORPORATION,FIRST CNSTRCTION ZONE INC
3742171,322004825,3070740450,BROOKLYN,EW,ISSUED,OT,2020-02-21 ,2020-02-21 ,2021-01-01,2,CITY OF NEW YORK DEPARTMENT OF P,NYC AGENCY,HUNTER ROBERTS CONSTRUCTI
3742175,322017571,3009580004,BROOKLYN,EW,ISSUED,OT,2020-02-21 ,2020-02-21 ,2021-02-20,2,243 DEVELOPMENT LLC,PARTNERSHIP,C AND E BUILDERS INC
3742307,240269375,2048430069,BRONX,EW,ISSUED,OT,2020-02-21 ,2020-02-21 ,2020-10-01,1,N/A,INDIVIDUAL,SUNRUN INSTALLATION SVC
3742328,123869117,1012480001,MANHATTAN,EW,ISSUED,OT,2020-02-21 ,2020-02-21 ,2021-02-20,2,UNIT OWNER,CONDO/CO-OP,MA KITCHEN & BATH INC
3742329,123669681,1005500022,MANHATTAN,EW,ISSUED,OT,2020-02-21 ,2020-02-21 ,2021-02-20,2,N/A,CONDO/CO-OP,MA KITCHEN & BATH INC
3742380,123684334,1006077502,MANHATTAN,EW,ISSUED,OT,2020-02-21 ,2020-02-21 ,2021-02-20,2,130 WEST 12TH STREET CONDOMINIUM,CONDO/CO-OP,FARO BUILDING CORPORATION
3742427,322029498,3011370056,BROOKLYN,EW,ISSUED,OT,2020-02-21 ,2020-02-21 ,2020-12-31,2,570 VANDERBILT LLC,INDIVIDUAL,COOPER WORKS INC
3742477,440586233,4091920030,QUEENS,EW,ISSUED,OT,2020-02-21 ,2020-02-21 ,2020-12-01,1,N/A,INDIVIDUAL,1ST LIGHT ENERGY INC
416700,140854671,1020900029,MANHATTAN,PL,ISSUED,PL,2019-12-12 ,2020-02-20 ,2021-02-19,2,STELLAR MANAGEMENT,PARTNERSHIP,AP PLUMBING & HVAC LLC
3741704,140851442,1011190029,MANHATTAN,EW,ISSUED,OT,2020-02-20 ,2020-02-20 ,2021-02-19,2,LAURY FRIEBER,CONDO/CO-OP,IP STATE BUILDER INC
3741801,123477558,1011387501,MANHATTAN,EW,ISSUED,OT,2020-02-20 ,2020-02-20 ,2021-02-16,2,FS RESIDENTIAL,CORPORATION,YATES REST GROUP LTD
3741851,121099872,1008100001,MANHATTAN,EW,ISSUED,SD,2020-02-20 ,2020-02-20 ,2021-02-19,2,MACY'S INC.,INDIVIDUAL,NEW YORK PLBG-HTG-COOL C
3742081,421642100,4050510075,QUEENS,NB,ISSUED,,2020-02-20 ,2020-02-20 ,2021-02-19,2,RONG XIN SANFORD REALTY,CORPORATION,GREEN HOUSE TOWN CORP
3741338,123737812,1002147503,MANHATTAN,EW,ISSUED,MH,2020-02-19 ,2020-02-19 ,2021-02-10,2,N/A,CONDO/CO-OP,TARGET NEW YORK CONST.INC
3741369,140887707,1012920069,MANHATTAN,EQ,ISSUED,EQ,2020-02-19 ,2020-02-19 ,2021-02-18,2,"PLATFORMS SOLUTIONS, INC",CORPORATION,"PLATFORM SOLUTIONS, INC"
3741488,302585771,3039900001,BROOKLYN,EQ,ISSUED,EQ,2020-02-19 ,2020-02-19 ,2021-02-18,2,NYC SCHOOL CONSTRUCTION AUTHORIT,NYC AGENCY,INDEPENDENT TEMPERATURE
3741521,123490301,1013947501,MANHATTAN,PL,ISSUED,PL,2020-02-19 ,2020-02-19 ,2021-02-18,2,MICHAEL WEINSTOCK,CONDO/CO-OP,GOLDS PLUMBING CORP
3740907,123842280,1012730001,MANHATTAN,EW,ISSUED,OT,2020-02-18 ,2020-02-18 ,2021-02-05,2,AVAMER 57 FEE LLC,CORPORATION,OPTIMUS CONSTRUCTION & *
3740927,123850118,1004640048,MANHATTAN,EW,ISSUED,OT,2020-02-18 ,2020-02-18 ,2020-03-29,2,TESOLIFE ST MARKS INC,CORPORATION,SMVP MGMT INC
3740929,520374443,5029730029,STATEN ISLAND,AL,ISSUED,,2020-02-18 ,2020-02-18 ,2021-02-17,1,NA,INDIVIDUAL,PISILI INC
3740947,123772140,1013737505,MANHATTAN,EW,ISSUED,OT,2020-02-18 ,2020-02-18 ,2021-02-12,2,ISLAND HOUSE TENANTS CORP.,CONDO/CO-OP,K.J. REMODELING OF NY CO*
3741122,321254110,3025700001,BROOKLYN,EW,ISSUED,SD,2020-02-18 ,2020-02-18 ,2021-02-17,2,M&H REALTY LLC,INDIVIDUAL,TRISTATE FIRE SPRINKLER
3738717,123816086,1000730010,MANHATTAN,EW,ISSUED,OT,2020-02-10 ,2020-02-18 ,2020-09-20,2,NYCEDC,CORPORATION,MASS CONTRACTING CORP
3740350,123870276,1019210024,MANHATTAN,PL,ISSUED,PL,2020-02-14 ,2020-02-14 ,2021-02-13,2,EOM CAPITAL GROUP,CORPORATION,"WATSON'S PLBG, HTG, & BDG"
3740510,421612026,4163500300,QUEENS,PL,ISSUED,PL,2020-02-14 ,2020-02-14 ,2021-02-13,2,"BREEZY POINT COOPERATIVE, INC.",CORPORATION,JOSEPH O'GRADY P & H INC
3740584,123747945,1008680016,MANHATTAN,EW,ISSUED,OT,2020-02-14 ,2020-02-14 ,2021-02-05,2,260-261 MADISON AVENUE LLC,CORPORATION,SFM CONSTRUCTION LLC
3739868,140882203,1018840043,MANHATTAN,EW,ISSUED,OT,2020-02-13 ,2020-02-13 ,2020-08-07,2,TRUSTEES OF COLUMBIA UNIVERSITY,CORPORATION,BILTMORE GENERAL CONTRACT
3739869,320998159,3042000013,BROOKLYN,PL,ISSUED,PL,2020-02-13 ,2020-02-13 ,2021-02-12,2,N/A,INDIVIDUAL,INFINITI ESC PLUMBING COR
3739870,220690303,2027430019,BRONX,EW,ISSUED,OT,2020-02-13 ,2020-02-13 ,2020-12-04,2,SOUTHERN 634 LLC,PARTNERSHIP,PEARL CONTRACTING INC
3739939,123347878,1012920033,MANHATTAN,EW,ISSUED,SP,2020-02-13 ,2020-02-13 ,2021-02-12,2,"PARKLIGHT, LLC",CONDO/CO-OP,RAEL AUTOMATIC SPR.CO INC
3739979,104374428,1012740025,MANHATTAN,EW,ISSUED,SP,2020-02-13 ,2020-02-13 ,2021-02-12,2,CPS1 REALTY LP,PARTNERSHIP,I.M.P. PLBG & HTG CORP
3740090,123725754,1000680036,MANHATTAN,EW,ISSUED,OT,2020-02-13 ,2020-02-13 ,2020-09-25,2,JOHN HANCOCK LIFE INSURANCE CO.,PARTNERSHIP,OMARA ORGANIZATION INC
3740236,322066018,3030610001,BROOKLYN,PL,ISSUED,PL,2020-02-13 ,2020-02-13 ,2021-02-12,1,N/A,INDIVIDUAL,"JMW PLUMBING, INC"
791747,103140897,1003720028,MANHATTAN,PL,ISSUED,PL,2004-12-17 ,2004-12-17 ,2005-12-17,2,NYC HOUSING PRES. & DEV.,,JES PLBG AND HTG CORP
3739714,123885037,1007860051,MANHATTAN,EW,ISSUED,OT,2020-02-12 ,2020-02-12 ,2020-08-12,2,GEORGE COMFORT & SONS,CORPORATION,EXCEL INTERIOR CONSTRUCTI
3738924,321908281,3013460001,BROOKLYN,FO,ISSUED,,2020-02-11 ,2020-02-11 ,2020-10-31,2,SUW 5 LLC,CORPORATION,BIG DREAM DEVELOPERS LLC
3738957,123151855,1001240004,MANHATTAN,EW,ISSUED,SP,2020-02-11 ,2020-02-11 ,2021-02-10,2,11 PARK PLACE LLC C/O COLLIER,CORPORATION,ALLSTATE SPRINKLER CORP
3738990,123787740,1008690016,MANHATTAN,EW,ISSUED,OT,2020-02-11 ,2020-02-11 ,2021-02-09,2,"270 MADISON AVENUE ASSOCIATES, L",PARTNERSHIP,SARK FLOORING LLC
3739134,122607241,1008510028,MANHATTAN,EW,ISSUED,OT,2020-02-11 ,2020-02-11 ,2020-11-06,2,33 EAST 22ND STREET TENANTS CORP,CONDO/CO-OP,HIGHER PLANE CORPORATION
3739241,140419802,1011540101,MANHATTAN,EQ,ISSUED,EQ,2020-02-11 ,2020-02-11 ,2021-02-10,2,NYC HOUSING AUTHORITY,NYCHA/HHC,PIZZAROTTI LLC
3738386,121205187,1015080004,MANHATTAN,NB,ISSUED,,2020-02-10 ,2020-02-10 ,2021-02-09,2,"79TH OWNER, LLC",CORPORATION,CAULDWELL WINGATE CO LLC
3738418,240247988,2045810001,BRONX,EW,ISSUED,OT,2020-02-10 ,2020-02-10 ,2021-02-09,2,NEW YORK CITY HOUSING AUTHORITY,NYCHA/HHC,ROMA SCAFFOLDING INC
3738466,220707448,2024220047,BRONX,EW,ISSUED,BL,2020-02-10 ,2020-02-10 ,2021-02-09,1,GLOBAL REALTY DEVELOPMENT,CORPORATION,A P PLUMBING&HEATING INC
3738496,420909011,4055230018,QUEENS,PL,ISSUED,PL,2020-02-10 ,2020-02-10 ,2021-02-09,2,"KAMP NY PLAZA, LLC",OTHER,PETER PLUMBING ASSOC. INC
3738607,123701761,1022150700,MANHATTAN,EW,ISSUED,OT,2020-02-10 ,2020-02-10 ,2020-10-09,2,KINGSBRIDGE ASSOCIATES LLC.,PARTNERSHIP,CMP CONTRACTING INC
3738724,340716853,3004090038,BROOKLYN,EQ,ISSUED,EQ,2020-02-10 ,2020-02-10 ,2021-02-09,2,TRIBOROUGH SCAFFOLDING & HOISTIN,PARTNERSHIP,TRI BOROUGH SCAFFOLDING.&
3738725,321191660,3027310018,BROOKLYN,FO,ISSUED,,2020-02-10 ,2020-02-10 ,2020-06-27,2,SQUADRA 30 RICHARDSON LLC,PARTNERSHIP,HYPER STRUCTURE CORP
3738771,123679518,1002187501,MANHATTAN,EW,ISSUED,OT,2020-02-10 ,2020-02-10 ,2020-09-18,2,N/A,CONDO/CO-OP,WILMAN CUSTOM DESIGN.LLC
3738772,103649367,1018520099,MANHATTAN,EW,ISSUED,OT,2020-02-10 ,2020-02-10 ,2020-11-16,2,NYC SCA,OTHER GOV'T AGENCY,PMY CONSTRUCTION CORP
3738773,440584707,4135430001,QUEENS,EW,ISSUED,OT,2020-02-10 ,2020-02-10 ,2020-11-15,1,NA,INDIVIDUAL,VENTURE HOME SOLAR LLC
3738788,302586752,3063910024,BROOKLYN,PL,ISSUED,PL,2020-02-10 ,2020-02-10 ,2021-02-09,2,NYC SCHOOL CONST. AUTHORITY,NYC AGENCY,VARSITY PLBG AND HTG INC
3738793,321468979,3010270005,BROOKLYN,AL,ISSUED,,2020-02-10 ,2020-02-10 ,2021-01-28,2,"304, LLC",PARTNERSHIP,THE MANAGEMENT GROUP OF
3738811,220406638,2022810001,BRONX,EW,ISSUED,BL,2020-02-10 ,2020-02-10 ,2020-08-12,2,"SOBRO 401 REALTY, LLC",PARTNERSHIP,CLEAN TECH MECHANICAL INC
3738055,123728840,1003030006,MANHATTAN,EW,ISSUED,OT,2020-02-07 ,2020-02-07 ,2020-12-03,2,"151 CANAL STREET, LLC",CORPORATION,SPK/LEWIS CONSTRUCTION LL
3738079,321806391,3060230066,BROOKLYN,PL,ISSUED,PL,2020-02-07 ,2020-02-07 ,2021-02-06,1,N/A,INDIVIDUAL,NASTASI PLBG & HTG INC
3738092,340251603,3036870012,BROOKLYN,EW,ISSUED,SD,2020-02-07 ,2020-02-07 ,2021-02-06,2,ATLANTIC 2644 LLC,PARTNERSHIP,PEAK FIRE PROTECTION LLC
3738276,421199116,4161140002,QUEENS,EW,ISSUED,MH,2020-02-07 ,2020-02-07 ,2020-12-21,2,NEW YORK CITY HOUSING AUTHORITY,NYCHA/HHC,ARC ELECTRICAL & MECH CON
3738304,103651380,1019250019,MANHATTAN,PL,ISSUED,PL,2020-02-07 ,2020-02-07 ,2021-02-06,2,NY SCHOOL CONSTRUCTION AUTHORITY,OTHER GOV'T AGENCY,FORSYTHE P&H CORP
3738328,220613744,2026380001,BRONX,EW,ISSUED,OT,2020-02-07 ,2020-02-07 ,2021-05-20,2,WOODSTOCK TERRACE MUTUAL HOUSING,CORPORATION,FUTURA BUILDERS GROUP INC
3197362,421418781,4050480025,QUEENS,PL,ISSUED,PL,2017-01-09 ,2017-01-11 ,2018-01-11,2,143-48 41ST AVE LLC,PARTNERSHIP,"HENRY MYERS P & H, INC"
37355,321396958,3083590038,BROOKLYN,PL,ISSUED,PL,2020-02-06 ,2020-02-06 ,2021-02-05,1,REGINAL GUERRIER,INDIVIDUAL,VSP MECHANICAL INC
3737630,220583018,2027370102,BRONX,PL,ISSUED,PL,2020-02-06 ,2020-02-06 ,2021-02-05,2,ELRO II INC.,CORPORATION,EXPRESS PLBG SEWR AND WTR
3737643,421615737,4066890025,QUEENS,AL,ISSUED,,2020-02-06 ,2020-02-06 ,2020-10-08,1,N/A,INDIVIDUAL,SAFETY PRO CONSTRUCTION
3737644,140669328,1019150032,MANHATTAN,EW,ISSUED,BL,2020-02-06 ,2020-02-06 ,2020-10-07,2,407 LENOX AVENUE LLC,CORPORATION,BLETSAS PLBNG & HTG CORP
3735816,321996300,3023840017,BROOKLYN,EW,ISSUED,OT,2020-01-31 ,2020-02-05 ,2020-12-17,2,40 MARCY AVE LLC,CORPORATION,EAST END BUILDERS AND AS
3737164,420850895,4027350068,QUEENS,AL,ISSUED,,2020-02-05 ,2020-02-05 ,2020-10-26,2,RIDGEWOOD REALTY MANAGEMENT LLC,PARTNERSHIP,EVEREST REALTY HOLDINGS I
3737262,123846534,1012807501,MANHATTAN,EW,ISSUED,OT,2020-02-05 ,2020-02-05 ,2021-01-15,2,SL GREEN REALTY CORP.,CORPORATION,SYNERGY CONSTRUCTION INC
3737341,123781504,1005280037,MANHATTAN,EW,ISSUED,MH,2020-02-05 ,2020-02-05 ,2020-12-15,2,UNION SQUARE HOSPITALITY GROUP,CONDO/CO-OP,NEWGRANGE CONSTRUCTION CO
3737455,123800789,1006367502,MANHATTAN,EW,ISSUED,OT,2020-02-05 ,2020-02-05 ,2020-10-01,2,3-5 WEEHAWKEN CONDOMINIUM,CORPORATION,PRESERV BLD RESTOR MGT IN
294184,200232881,2036530050,BRONX,EW,ISSUED,MH,1993-01-04 ,1993-01-04 ,1993-12-19,2,ROYAL FRMS INC.,CORPORATION,THE MAIN CONNECTION
3477186,421394468,4005890029,QUEENS,FO,ISSUED,,2018-06-19 ,2018-06-19 ,2019-01-14,2,N/A,INDIVIDUAL,DYNASTY CONTRACTING LLC
3697497,421858216,4163500400,QUEENS,NB,ISSUED,,2019-10-07 ,2019-10-07 ,2019-11-12,1,"BREEZY POINT COOPERATIVE, INC",CORPORATION,SAND-BAR CONTRACTORS INC
3710638,121088170,1002740001,MANHATTAN,AL,ISSUED,,2019-11-12 ,2020-02-04 ,2020-02-22,2,47 MONROE REALTY LLC.,INDIVIDUAL,SAHARA BUILDERS CORP
3736540,123722686,1020310054,MANHATTAN,EW,ISSUED,MH,2020-02-04 ,2020-02-04 ,2020-09-08,2,MALCOLM X APARTMENT INC.,CORPORATION,HI-TECH HEATING CORP
3736565,121187820,1006920053,MANHATTAN,FO,ISSUED,,2020-02-04 ,2020-02-04 ,2021-02-03,2,"540 W 21ST STREET HOLDINGS, LLC",CORPORATION,SUFFOLK CONSTRUCTION COMP
3736567,321826262,3015340050,BROOKLYN,PL,ISSUED,PL,2020-02-04 ,2020-02-04 ,2021-02-03,1,N/A,INDIVIDUAL,BT'S PLUMBING AND HEATING
3736649,220693514,2048240041,BRONX,PL,ISSUED,PL,2020-02-04 ,2020-02-04 ,2021-02-03,2,FRANCIOSA 222 LLC,CORPORATION,NEW PLBG & HTG CORP
3736667,421652385,4142310819,QUEENS,DM,ISSUED,,2020-02-04 ,2020-02-04 ,2021-01-26,1,"PROJECT REBUILD, INC.",CORPORATION,"GRANITE ENVIRONMENT, LLC"
3736708,123774718,1018747501,MANHATTAN,PL,ISSUED,PL,2020-02-04 ,2020-02-04 ,2021-02-03,2,BELAIR CORP,CORPORATION,F1 MECHANICAL INC
3736985,220670860,2022720005,BRONX,EW,ISSUED,MH,2020-02-04 ,2020-02-04 ,2021-02-04,2,NEW YORK CITY HOUSING AUTHORITY,NYCHA/HHC,MDG DESIGN & CONSTR LLC
3736213,123135589,1012097502,MANHATTAN,PL,ISSUED,PL,2020-02-03 ,2020-02-03 ,2021-02-02,2,NA,CONDO/CO-OP,PAL-MAR PLBG & HTG INC
3736359,104465865,1000310011,MANHATTAN,PL,ISSUED,PL,2020-02-03 ,2020-02-03 ,2021-02-02,2,"75 Wall Street Associates, LLC",,PACE PLUMBING CORP
3736373,140851200,1016027501,MANHATTAN,EW,ISSUED,OT,2020-02-03 ,2020-02-03 ,2020-08-10,2,ALTA APARTMENTS,CONDO/CO-OP,PREMIER SOURCE CONSTRUCT
3728167,520291997,5001860221,STATEN ISLAND,EW,ISSUED,OT,2020-01-08 ,2020-02-03 ,2021-01-17,2,VAN STREET REALTY,INDIVIDUAL,REGAL RECONSTRUCTION CORP
3733449,122091235,1009150006,MANHATTAN,DM,ISSUED,,2020-01-24 ,2020-02-03 ,2021-01-17,2,THIRD AND THIRTY FOUR LLC,PARTNERSHIP,REGAL RECONSTRUCTION CORP
3735667,140885594,1018940001,MANHATTAN,EW,ISSUED,OT,2020-01-31 ,2020-01-31 ,2020-02-28,2,380 RIVERSIDE DRIVE TENANTS CORP,CORPORATION,L & Z CONSULTING CORP
3735820,123756337,1012657501,MANHATTAN,EW,ISSUED,OT,2020-01-31 ,2020-01-31 ,2021-01-30,2,"RCPI LANDMARK PROPERTIES, LLC",CORPORATION,HOLT CONSTRUCTION CORP
3735856,121968601,1001760011,MANHATTAN,PL,ISSUED,PL,2020-01-31 ,2020-01-31 ,2021-01-30,2,WHITE ROSE ARTISTS CORP.,PARTNERSHIP,R.J.C. MECHANICAL CORP
3736040,440580373,4035290025,QUEENS,EW,ISSUED,OT,2020-01-31 ,2020-01-31 ,2020-10-19,1,N/A,INDIVIDUAL,PREMIER SOLAR SOLUTIONS L
3735201,140885406,1007027501,MANHATTAN,EQ,ISSUED,EQ,2020-01-30 ,2020-01-30 ,2021-01-29,2,SAFWAY ATLANTIC LLC,PARTNERSHIP,"SAFWAY ATLANTIC, LLC"
3735583,123151365,1014050072,MANHATTAN,PL,ISSUED,PL,2020-01-30 ,2020-01-30 ,2021-01-29,2,"WITHERS BERGMAN, LLP",CONDO/CO-OP,NEW MILLENNIUM P & H CORP
3735001,140884906,1017550050,MANHATTAN,EW,ISSUED,OT,2020-01-29 ,2020-01-29 ,2020-08-25,2,"2059 MADISON, LP",PARTNERSHIP,INTERSTATE RESTORATION LL
3735078,321669832,3019820077,BROOKLYN,PL,ISSUED,PL,2020-01-29 ,2020-01-29 ,2021-01-28,2,"29 PUTNAM AVE, LP",PARTNERSHIP,INNOVATIVE HEATING SOLUTI
3734231,220699554,2057740240,BRONX,EW,ISSUED,OT,2020-01-28 ,2020-01-28 ,2021-01-01,2,MANHATTAN COLLEGE,CORPORATION,PAVARINI NORTH EAST CONST
3734397,140884041,1012300036,MANHATTAN,EW,ISSUED,OT,2020-01-28 ,2020-01-28 ,2020-11-19,2,AIMCO 464-466 AMSTERDAM 200-10 W,PARTNERSHIP,"KING ROSE OF NY, INC"
3734504,220152670,2026740009,BRONX,NB,ISSUED,,2020-01-28 ,2020-01-28 ,2020-04-08,2,VALDESIA HOLDING CORP.,CORPORATION,BAEZ HUGHES DEVELOPMENT
3734623,123844331,1008750070,MANHATTAN,EW,ISSUED,OT,2020-01-28 ,2020-01-28 ,2020-03-28,2,THE NATIONAL ARTS CLUB,CORPORATION,ZOOM CONTRACTING INC
3734637,220342573,2040220020,BRONX,EW,ISSUED,OT,2020-01-28 ,2020-01-28 ,2020-04-01,1,GGG REALTY GROUP LLC,INDIVIDUAL,UA BUILDERS CORP
3733777,321909887,3046160006,BROOKLYN,PL,ISSUED,PL,2020-01-27 ,2020-01-27 ,2021-01-26,2,THAMAR CORP.,PARTNERSHIP,SUPERIOR PLUMBING & HEATI
3733800,140882098,1007730012,MANHATTAN,EW,ISSUED,OT,2020-01-27 ,2020-01-27 ,2020-10-17,2,CHELSEA GARDENS OWNERS CORP.,CORPORATION,K.E.S CONSTRUCTION CO INC
3733859,520220403,5010740043,STATEN ISLAND,NB,ISSUED,,2020-01-27 ,2020-01-27 ,2020-02-15,2,M & B CONSTRUCTION OF NY INC,CORPORATION,ALKA CONTRACTING INC
3734055,520265249,5080050030,STATEN ISLAND,EQ,ISSUED,EQ,2020-01-27 ,2020-01-27 ,2021-01-26,1,"5517 ARTHUR KILL ROAD, LLC",CORPORATION,"MARK D. LIPTON ASSOC INC,"
3734071,421888461,4029370067,QUEENS,PL,ISSUED,PL,2020-01-27 ,2020-01-27 ,2021-01-26,1,N/A,INDIVIDUAL,SO PLUMBING & HEATING INC
3734097,402891055,4037820027,QUEENS,EW,ISSUED,OT,2020-01-27 ,2020-01-27 ,2020-11-01,2,NYC SCHOOL CONSTRUCTION AUTHORIT,OTHER GOV'T AGENCY,IANNELLI CONSTRUCTION CO
3734098,402888808,4037820027,QUEENS,EW,ISSUED,OT,2020-01-27 ,2020-01-27 ,2020-11-01,2,NYC SCA,DOE,IANNELLI CONSTRUCTION CO
3734117,302582364,3046690037,BROOKLYN,PL,ISSUED,PL,2020-01-27 ,2020-01-27 ,2021-01-26,2,NYC SCA,NYC AGENCY,FORSYTHE P&H CORP
3734152,123897006,1007360039,MANHATTAN,EW,ISSUED,OT,2020-01-27 ,2020-01-27 ,2020-08-30,2,"406 WEST 39TH STREET, LLC",PARTNERSHIP,EXCLUSIVE CARPENTRY INC
3731240,402494350,4156600068,QUEENS,EQ,ISSUED,EQ,2020-01-17 ,2020-01-27 ,2021-01-26,1,NA/,INDIVIDUAL,RAMANAND CHANDRABALI
3733693,121189579,1019320005,MANHATTAN,NB,ISSUED,,2020-01-24 ,2020-01-27 ,2021-01-26,2,HOUSING PRESERVATION AND DEVELOP,NYC AGENCY,APEX BUILDING COMPANY INC
3733334,321933985,3043020001,BROOKLYN,EW,ISSUED,OT,2020-01-24 ,2020-01-24 ,2020-09-10,2,CACTUS HOLDINGS INC.,CORPORATION,"E.W. HOWELL CO, LLC"
3733349,321971121,3067070016,BROOKLYN,PL,ISSUED,PL,2020-01-24 ,2020-01-24 ,2021-01-23,1,N/A,INDIVIDUAL,BT'S PLUMBING AND HEATING
3733451,440582870,4008420068,QUEENS,EW,ISSUED,OT,2020-01-24 ,2020-01-24 ,2020-08-07,2,NES 23 LLC,CORPORATION,MK CONTRACTING GROUP INC
3733456,440582889,4070050024,QUEENS,EW,ISSUED,OT,2020-01-24 ,2020-01-24 ,2020-10-01,1,N/A,INDIVIDUAL,SUNRUN INSTALLATION SVC
3733493,520383175,5032840076,STATEN ISLAND,NB,ISSUED,,2020-01-24 ,2020-01-24 ,2021-01-23,1,SAND LANE CORPORATION,CORPORATION,"WAHLER PLACE,LLC"
3733625,421883741,4119800026,QUEENS,PL,ISSUED,PL,2020-01-24 ,2020-01-24 ,2021-01-23,2,N/A,INDIVIDUAL,ROCK E SMALL PLBG&HTG INC
3733671,421104842,4050020001,QUEENS,EW,ISSUED,OT,2020-01-24 ,2020-01-24 ,2021-01-23,2,NYC SCA,OTHER GOV'T AGENCY,RICI CORP
3732726,321794484,3063450051,BROOKLYN,PL,ISSUED,PL,2020-01-23 ,2020-01-23 ,2021-01-22,2,"MOON PM REALTY, LLC",CORPORATION,"PIPESTYLISTS, INC"
3732799,321967270,3087070070,BROOKLYN,PL,ISSUED,PL,2020-01-23 ,2020-01-23 ,2021-01-22,2,N/A,INDIVIDUAL,NICE PLUMBING CORP
3732866,220679987,2047830070,BRONX,PL,ISSUED,PL,2020-01-23 ,2020-01-23 ,2021-01-22,1,N/A,INDIVIDUAL,CAPE PLUMBING INC
3732869,140858221,1011430049,MANHATTAN,EW,ISSUED,OT,2020-01-23 ,2020-01-23 ,2021-01-22,2,140-154 W. 72 REALTY LLC,PARTNERSHIP,ARUUM INTERIOR LLC
3732872,421252245,4078180057,QUEENS,PL,ISSUED,PL,2020-01-23 ,2020-01-23 ,2021-01-22,1,N/A,INDIVIDUAL,PLBG INC
3732999,123897836,1009780001,MANHATTAN,PL,ISSUED,PL,2020-01-23 ,2020-01-23 ,2021-01-22,2,BPP PCV OWNER LLC,CORPORATION,CROSSFIELD PLBG & HTG COR
3732387,122768237,1000210006,MANHATTAN,EW,ISSUED,OT,2020-01-22 ,2020-01-23 ,2020-11-27,2,EQUITY RESIDENTIAL,CORPORATION,AMAZING BUILDERS AND RENO
3732156,104027580,1004827501,MANHATTAN,AL,ISSUED,,2020-01-22 ,2020-01-22 ,2020-09-01,2,Estrategia Corp,CORPORATION,RENOVATION STATION INC
3732596,321199305,3009350065,BROOKLYN,PL,ISSUED,PL,2020-01-22 ,2020-01-22 ,2021-01-21,1,27 PROSPECT PLACE OWNERS CORP,CORPORATION,PACIFIC PLBG&HTG CORP
3732608,321021130,3029130016,BROOKLYN,FO,ISSUED,,2020-01-22 ,2020-01-22 ,2020-06-20,1,OWNERS OF 42 SHARON STREET,INDIVIDUAL,COMPOSITE FABRICATION AND
3730773,220607038,2026690080,BRONX,DM,ISSUED,,2020-01-16 ,2020-01-16 ,2020-10-01,2,VICTORY BAPTIST EQUITIES LLC,PARTNERSHIP,ERIN CONSTRUCTION & DEVEL
3730733,321965254,3047770001,BROOKLYN,EW,ISSUED,OT,2020-01-16 ,2020-01-16 ,2020-01-30,2,MARPHIL REALTY CORP,CORPORATION,M. MARIN RESTORATION INC
3730811,122204462,1010740018,MANHATTAN,AL,ISSUED,,2020-01-16 ,2020-01-16 ,2020-10-29,2,"517-525 WEST 45TH STREET, LLC",PARTNERSHIP,ARCH-FORM DESIGN BUILD IN
3730832,123240965,1003847503,MANHATTAN,EW,ISSUED,OT,2020-01-16 ,2020-01-16 ,2021-01-15,2,ONE AVENUE B CONDOMINIUM,CONDO/CO-OP,RUSK RENOVATIONS INC
3731141,123697972,1007530012,MANHATTAN,EW,ISSUED,OT,2020-01-17 ,2020-01-17 ,2020-06-30,2,MMJ 36 REALTY LLC,CORPORATION,SCS UNION REALTY CO LLC
3731194,121189604,1017280002,MANHATTAN,AL,ISSUED,,2020-01-17 ,2020-01-17 ,2020-04-04,2,HOUSING PRESERVATION AND DEV.,NYC AGENCY,AVANTE CONTRACTING CORP
3731391,421941858,4120450034,QUEENS,EW,ISSUED,OT,2020-01-17 ,2020-01-17 ,2020-10-03,1,N/A,INDIVIDUAL,RAVI CONSTRUCTION AND EXP
3731455,421265311,4004020024,QUEENS,FO,ISSUED,,2020-01-17 ,2020-01-17 ,2021-01-16,2,N/A,INDIVIDUAL,US ONE CONSTRUCTION INC
3731746,123215840,1013070023,MANHATTAN,AL,ISSUED,,2020-01-21 ,2020-01-21 ,2021-01-01,2,"BOSTON PROPERTIES, INC.",CORPORATION,"STRUCTURE TONE, LLC"
3731855,220696352,2041080001,BRONX,EW,ISSUED,OT,2020-01-21 ,2020-01-21 ,2021-01-12,2,NA,INDIVIDUAL,D.D.S. MECHANICAL PLUMBIN
3625759,320894939,3074220501,BROOKLYN,PL,ISSUED,PL,2020-01-21 ,2020-01-21 ,2021-01-20,2,NYC DEPT OF PARKS & RECREATION,OTHER GOV'T AGENCY,D.D.S. MECH PBG&HTG CORP
3726677,123712250,1014960054,MANHATTAN,EW,ISSUED,OT,2020-01-21 ,2020-01-21 ,2020-08-21,2,"38 EAST 85TH ST, INC C/O DERMER",CONDO/CO-OP,"BOLSTER.US,INC"
3728987,321850546,3063450039,BROOKLYN,EW,ISSUED,MH,2020-01-10 ,2020-01-17 ,2021-01-01,2,"JOSH REALTY, LLC",CORPORATION,VARDARO CONSTRUCTION CORP
3730338,123381553,1012747504,MANHATTAN,EW,ISSUED,OT,2020-01-15 ,2020-01-15 ,2021-01-14,2,BAIKUNTH LLC,CONDO/CO-OP,RUSK RENOVATIONS INC
3730498,240250937,2028670070,BRONX,EW,ISSUED,OT,2020-01-15 ,2020-01-15 ,2020-11-20,2,1700 HARRISON LLC,CORPORATION,RSG CONSTRUCTION CORP
3730562,421413535,4121360047,QUEENS,NB,ISSUED,,2020-01-15 ,2020-01-15 ,2020-12-02,1,152-11 136TH AVE LLC,CORPORATION,"GBI CONTRACTING, LLC"
3730620,421605329,4100210007,QUEENS,PL,ISSUED,PL,2020-01-15 ,2020-01-15 ,2021-01-14,1,N/A,INDIVIDUAL,L&J PLG & HTG CO OF NY IN
3726416,220675179,2048540004,BRONX,EW,ISSUED,OT,2020-01-02 ,2020-01-15 ,2020-02-05,1,N/A,INDIVIDUAL,URENA CONST & DESIGN INC
668030,400708542,4097540029,QUEENS,SG,ISSUED,,1997-02-13 ,1997-02-13 ,1997-06-30,,HAR-JO CHECK CACHING,INDIVIDUAL,SIGN WORLD INC. T/A BEST SIGN CO
3729064,440578885,4131710058,QUEENS,EW,ISSUED,OT,2020-01-10 ,2020-01-14 ,2020-12-31,1,N/A,INDIVIDUAL,"TRINITY HTG & AIR,INC"
3729873,123817281,1015080031,MANHATTAN,EW,ISSUED,OT,2020-01-14 ,2020-01-14 ,2020-03-28,2,N/A,CONDO/CO-OP,ZOOM CONTRACTING INC
3729916,121192949,1010120029,MANHATTAN,PL,ISSUED,PL,2020-01-14 ,2020-01-14 ,2021-01-13,2,"560 SEVENTH AVENUE OWNER, LLC",PARTNERSHIP,CLOVERDALE MASTER P&H INC
3730221,140214024,1011830050,MANHATTAN,EW,ISSUED,SP,2020-01-14 ,2020-01-14 ,2021-01-13,2,HFZ 344 WEST 72ND STREET OWNER,PARTNERSHIP,RCI FIRE PROTECTION LLC
3726063,123717371,1014660021,MANHATTAN,EW,ISSUED,OT,2019-12-31 ,2020-01-13 ,2020-10-18,2,MARY MANNING WALSH,CORPORATION,THREE W ENTERPRISES INC
3729579,321830408,3012200001,BROOKLYN,PL,ISSUED,PL,2020-01-13 ,2020-01-13 ,2021-01-12,2,OAK TREE MANAGEMENT LTD,CORPORATION,FRANK TROMBETTA & SONS CO
1076460,301146962,3006440001,BROOKLYN,EQ,ISSUED,EQ,2001-03-21 ,2001-03-21 ,2002-05-01,2,Economic Development Co.,PARTNERSHIP,REGIONAL SCAFFOLD & HOISTING CO
3323055,320916096,3048840051,BROOKLYN,EQ,ISSUED,EQ,2017-08-21 ,2017-08-21 ,2018-08-21,2,NOSTRAND ERASMUS LLC,PARTNERSHIP,HARRIS HOME REPAIR & DEVE
3728654,321449278,3000320055,BROOKLYN,EW,ISSUED,MH,2020-01-09 ,2020-01-10 ,2020-12-30,2,247 WATER LLC,PARTNERSHIP,LNM CONSTRUCTION LLC
3728388,421613258,4001130035,QUEENS,PL,ISSUED,PL,2020-01-09 ,2020-01-09 ,2021-01-08,2,SITEX GROUP,CORPORATION,NEW AMSTERDAM PLBG & HTG
3728389,123725923,1012930026,MANHATTAN,EW,ISSUED,OT,2020-01-09 ,2020-01-09 ,2020-10-01,2,VORNADO OFFICE MANAGEMENT,CORPORATION,JAMES E FITZGERALD INC
3728404,322020095,3021310018,BROOKLYN,EW,ISSUED,OT,2020-01-09 ,2020-01-09 ,2020-10-05,2,134 BROADWAY OWNERS LP,CORPORATION,JSL DESIGN INC
3728428,140681439,1007990003,MANHATTAN,EW,ISSUED,OT,2020-01-09 ,2020-01-09 ,2021-01-08,2,GS CHELSEA PROPERTY OWNER LLC,CORPORATION,BRITT REALTY LLC
3728429,421683958,4057520010,QUEENS,AL,ISSUED,,2020-01-09 ,2020-01-09 ,2020-12-17,1,N/A,INDIVIDUAL,ORCHESTER MANAGEMENT CO
3728440,420946016,4072410078,QUEENS,PL,ISSUED,PL,2020-01-09 ,2020-01-09 ,2021-01-08,1,N/A,INDIVIDUAL,"GREGG NY PLUMBING, INC"
3728515,121192057,1004250028,MANHATTAN,NB,ISSUED,,2020-01-09 ,2020-01-09 ,2021-01-08,2,ACMOS ON CHRYSTIE LLC,PARTNERSHIP,NEXUS BUILDING DEVELOPMNT
