bbl,borough,address,zip,bldg_class,land_use,year_built,num_floors,units_residential,units_total,lot_area_sqft,bldg_area_sqft,assess_total,owner_name,latitude,longitude
1009720001,MN,240 1 AVENUE,10009,D7,4,1945,13.0000000,8764,8812,2675000,8942176,790924050.00000,BPP ST OWNER LLC,40.7317236,-73.9778964
1009950005,MN,1472 BROADWAY,10036,O4,5,1998,51.0000000,0,2,45800,1642675,489648150.00000,NYC ECONOMIC DEVELOPMENT CORPORATION,40.7560214,-73.9857642
1010070029,MN,1345 AVENUE OF THE AMER,10105,O9,5,1968,49.0000000,0,50,90375,1931978,429758550.00000,1345 LEASEHOLD LLC,40.7630634,-73.9792541
1010040020,MN,787 7 AVENUE,10019,O4,5,1985,51.0000000,0,48,80333,1633544,331274250.00000,"FSP 787 SEVENTH, LLC",40.7616942,-73.9817958
1010050029,MN,1301 AVENUE OF THE AMER,10019,O4,5,1965,46.0000000,0,79,74631,1482208,316516950.00000,1301 PROPERTIES OWNER LP,40.7617680,-73.9800270
1009780001,MN,342 1 AVENUE,10010,D6,4,1947,15.0000000,2491,2498,828650,3122165,242411400.00000,BPP PCV OWNER LLC,40.7348744,-73.9769824
1012920015,MN,590 MADISON AVENUE,10022,O4,5,1981,43.0000000,0,80,39162,999646,226706400.00000,RXR 590 MADISON OWNER LLC,40.7621042,-73.9730419
1010130029,MN,592 7 AVENUE,10036,O4,5,2000,38.0000000,0,4,27156,1100000,211424400.00000,RXR 5TS OWNER LLC,40.7558569,-73.9875726
1009980029,MN,1177 AVENUE OF THE AMER,10036,O4,5,1988,47.0000000,0,76,32134,912955,173087100.00000,1177 PROPERTY LLC,40.7572891,-73.9828835
1008070001,MN,393 7 AVENUE,10001,O4,5,1926,26.0000000,0,78,57675,1103075,170919450.00000,VORNADO ELEVEN PENN PLAZA OWNER LLC,40.7491464,-73.9911721
1009970029,MN,1155 AVENUE OF THE AMER,10036,O4,5,1984,40.0000000,0,43,33639,734668,151263000.00000,DOLP 1155 PROPERTIES II LLC,40.7566716,-73.9833601
1012780014,MN,340 MADISON AVENUE,10017,O4,5,1922,22.0000000,0,214,32536,558735,136017900.00000,340 MADISON OWNER LLC,40.7539371,-73.9789538
1012910028,MN,65 EAST 55 STREET,10022,O4,5,1986,37.0000000,0,25,30966,528552,134720550.00000,BRE PARK AVENUE TOWER OWNER LLC,40.7608853,-73.9721327
1008620029,MN,2 PARK AVENUE,10016,O4,5,1928,25.0000000,0,67,40487,852731,119771100.00000,HADSON 2 PARK AVE LLC,40.7463320,-73.9826012
1008550024,MN,354 PARK AVENUE SOUTH,10010,O4,5,1913,21.0000000,0,2,19750,450727,117492300.00000,360 PAS OWNER LLC,40.7420973,-73.9855903
1012960001,MN,125 PARK AVENUE,10017,O4,5,1923,24.0000000,0,40,24786,520416,114574950.00000,125 PARK OWNER LLC,40.7516010,-73.9775144
1010270020,MN,1740 BROADWAY,10019,O4,5,1950,26.0000000,0,53,29505,519600,104614650.00000,YS 1740 BROADWAY OWNER LLC,40.7649495,-73.9816902
1012990027,MN,147 EAST 44 STREET,10017,O4,5,1982,43.0000000,0,17,17573,629323,103422600.00000,"2GC OWNERS, LLC",40.7527476,-73.9740996
1012890036,MN,390 PARK AVENUE,10022,O4,5,1952,22.0000000,0,26,34844,262945,99693450.00000,"390 TOWER ASSOCIATES, LLC",40.7595900,-73.9728733
1000890012,MN,222 BROADWAY,10038,D4,3,1961,31.0000000,788,790,33340,762175,98695625.00000,"BROADWAY 2024 PROPCO, LLC",40.7108708,-74.0083900
1000350010,MN,111 WALL STREET,10005,O4,5,1968,24.0000000,0,3,48741,990250,95570550.00000,111 WALL FEE HOLDINGS LLC,40.7042642,-74.0069970
1013760001,MN,800 5 AVENUE,10065,D8,3,1979,33.0000000,208,234,28235,355978,93384450.00000,800 FIFTH AVE PROPERTY OWNER LLC,40.7655046,-73.9714269
1012750023,MN,285 MADISON AVENUE,10016,O4,5,1926,25.0000000,0,11,21887,407127,92276100.00000,285 MADISON PROPCO LLC,40.7515905,-73.9797016
1010250025,MN,1690 BROADWAY,10019,O4,5,1968,41.0000000,0,36,30150,596559,90234450.00000,1700 BROADWAY OWNER LLC,40.7635113,-73.9822718
1013160023,MN,235 EAST 42 STREET,10017,D6,4,1960,37.0000000,884,886,37657,728739,88616700.00000,235 FEE OWNER LLC,40.7503923,-73.9725233
1008130016,MN,1375 BROADWAY,10018,O4,5,1927,27.0000000,0,55,17725,464951,73621800.00000,1375 OWNER LLC,40.7525660,-73.9878944
1013030033,MN,776 3 AVENUE,10017,O4,5,1983,50.0000000,0,80,22083,490020,70789500.00000,"780 3RD OWNERS, LLC",40.7550115,-73.9717851
1013090032,MN,900 3 AVENUE,10022,O4,5,1983,36.0000000,0,35,16905,516710,69668100.00000,900 3RD AVE. L P C/O,40.7587025,-73.9690943
1010340037,MN,306 WEST 44 STREET,10036,H1,5,2009,34.0000000,9,12,27615,450000,68518800.00000,"ICNY TIMES SQUARE PROPCO FEE OWNER, LP",40.7585964,-73.9895754
1013370014,MN,323 EAST 44 STREET,10017,O4,5,1984,39.0000000,0,14,30125,600000,67288950.00000,UNITED NATIONS DEVELOPMENT CORP,40.7508307,-73.9695997
1007610043,MN,320 WEST 38 STREET,10018,D8,3,2007,24.0000000,569,572,49375,718503,65243250.00000,WEST 38TH STREET LLC,40.7549681,-73.9931962
1013210001,MN,757 3 AVENUE,10017,O4,5,1964,26.0000000,0,65,23864,407767,65028600.00000,REEP-OFC 757 THIRD AVENUE NY LLC,40.7539218,-73.9714751
1011320035,MN,160 WEST 62 STREET,10023,D8,3,2014,54.0000000,339,340,9646,461229,64848150.00000,WEST 62ND STREET LLC,40.7719602,-73.9860604
1008680016,MN,260 MADISON AVENUE,10016,O4,5,1952,22.0000000,0,26,29130,531270,60655500.00000,AM 260 MADISON LLC,40.7507399,-73.9812466
1001020001,MN,154 NASSAU STREET,10038,W6,8,1968,18.0000000,0,0,108027,526781,60305850.00000,PACE UNIVERSITY,40.7111647,-74.0047902
1004980023,MN,529 BROADWAY,10012,K2,5,1940,6.0000000,0,1,8776,44243,56534400.00000,II 529 BROADWAY MEMBER LLC,40.7233268,-73.9990692
1013150001,MN,655 3 AVENUE,10017,O4,5,1958,28.0000000,0,92,18993,380000,55862100.00000,DOLP 655 PROPERTIES II LLC,40.7502719,-73.9744146
1017910001,MN,225 EAST 126 STREET,10035,I9,8,2020,3.0000000,0,1,50957,139333,55332015.00000,"MM PROTON I, LLC",40.8043109,-73.9342200
1012710071,MN,1370 AVENUE OF THE AMER,10019,O4,5,1971,32.0000000,0,87,14059,311501,54731250.00000,1370 AVE OF AM LLC,40.7632744,-73.9774708
1013160012,MN,219 EAST 42 STREET,10017,D6,4,1905,9.0000000,561,566,31130,519826,54039150.00000,219 OWNER LLC,40.7506724,-73.9730501
1010710001,MN,555 WEST 42 STREET,10036,D8,3,1987,44.0000000,418,422,37655,388073,53448300.00000,COMREF RIVER LLC,40.7609628,-73.9976067
1008060076,MN,371 7 AVENUE,10001,H1,5,1929,28.0000000,529,538,19011,473391,53057700.00000,BG STEWART HOUSING DEVELOPMENT FUND CORP ORATION,40.7487045,-73.9916630
1019840001,MN,AMSTERDAM AVENUE,10027,D3,3,1959,20.0000000,1272,1272,522765,1291359,52302497.00000,NYC HOUSING AUTHORITY,40.8168040,-73.9554363
1013750021,MN,653 MADISON AVENUE,10022,O4,5,1951,24.0000000,0,20,10946,198347,50661000.00000,655 MADISON LLC,40.7642774,-73.9705321
1009930022,MN,115 WEST 40 STREET,10018,O4,5,1915,22.0000000,0,79,13800,304345,50228550.00000,114 W 41 OWNER BH LLC,40.7542263,-73.9857285
3004450050,BK,,11231,,,,,,,,,,,40.6790969,-73.9894270
3004450011,BK,395 CARROLL ST,11231,D7,4,2023,23.0000000,1641,1651,43020,1241869,93327750.00000,PRESIDENT UNION LLC,40.6787651,-73.9895122
3083290225,BK,9910 SEAVIEW AVENUE,11236,D3,3,1950,8.0000000,1610,1610,1410820,1526800,68453550.00000,NYC HOUSING AUTHORITY,40.6333350,-73.8859734
3002900013,BK,340 HENRY STREET,11201,I1,8,1900,5.0000000,0,1,80800,258000,56469150.00000,"DOWNSTATE AT LICH HOLDING COMPANY, INC.",40.6899889,-73.9974723
3025380001,BK,0 WEST STREET,11222,D6,4,2023,37.0000000,834,836,219086,782136,56402550.00000,1 JAVA OWNER LLC,40.7313159,-73.9616021
3022830001,BK,55 WYTHE AVENUE,11249,HB,5,2017,22.0000000,0,184,50000,185141,48745350.00000,WILLIAM VALE OWNER LLC,40.7222894,-73.9567370
3004380001,BK,323 BOND STREET,11231,D7,4,2023,9.0000000,179,181,31500,566767,42783750.00000,PRESIDENT UNION LLC,40.6793058,-73.9893102
3020940010,BK,80 DEKALB AVENUE,11201,D7,4,2011,35.0000000,365,370,13626,335187,38065050.00000,ATLAS VI DEKALB LLC,40.6896907,-73.9799765
3043710001,BK,215 WORTMAN AVENUE,11207,D3,3,1955,14.0000000,756,756,502900,940800,35057250.00000,STANLEY AVENUE PRESERVATION LLC,40.6576343,-73.8856399
3006620001,BK,472 2 AVENUE,11232,T9,7,2025,1.0000000,0,7,3762306,331824,33491790.00000,NYC DEPARTMENT OF SMALL BUSINESS SERVICES,40.6601966,-74.0109499
3044340010,BK,30 INSPIRATION LANE,11207,D6,4,2024,15.0000000,846,849,68457,745585,29703150.00000,IUV PHASE 1A HOUSING DEVELOPMENT FUND CO RPORATION,40.6520440,-73.8865072
3027320012,BK,88 RICHARDSON STREET,11211,D1,3,2013,7.0000000,188,188,38983,186779,24777900.00000,LEONARD POINTE LLC,40.7180263,-73.9488395
3056310001,BK,4813 9 AVENUE,11220,I9,8,2015,7.0000000,0,1,29146,206714,22092750.00000,MAIMONIDES MEDICAL CENTER,40.6404347,-74.0003207
3056390001,BK,4915 10 AVENUE,11219,I6,8,1930,9.0000000,0,1,38600,292230,18924300.00000,"BORO PARK LAND CO.,  LLC",40.6385051,-73.9986200
3006120150,BK,280 RICHARDS STREET,11231,E1,6,2021,1.0000000,0,1,666600,150977,17289900.00000,TERRENO 280 RICHARDS LLC,40.6728276,-74.0152707
3043930001,BK,195 COZINE AVENUE,11207,D3,3,1963,8.0000000,571,571,460600,478800,16659450.00000,STANLEY AVENUE PRESERVATION LLC,40.6562197,-73.8845863
3053220051,BK,72 CATON PLACE,11218,E7,6,2019,8.0000000,0,1,20751,168034,15314850.00000,"72 CATON PLACE OWNER, L.L.C.",40.6496264,-73.9723414
3043690001,BK,875 PENNSYLVANIA AVENUE,11207,D3,3,1966,16.0000000,336,336,219314,300520,13245300.00000,STANLEY AVENUE PRESERVATION LLC,40.6565689,-73.8879772
3043970001,BK,270 WORTMAN AVENUE,11207,D3,3,1963,8.0000000,252,252,220500,268800,13149900.00000,STANLEY AVENUE PRESERVATION LLC,40.6572657,-73.8821517
3030260001,BK,202 GRAHAM AVENUE,11206,C7,4,1938,4.0000000,474,486,283200,345248,12558150.00000,WILLIAMSBURG PACT LLC,40.7099209,-73.9427679
1002710036,MN,,10002,,,,,,,,,,,40.7128861,-73.9895820
1021050450,MN,,,,,,,,,,,,,40.8281693,-73.9338699
1019000001,MN,,,,,,,,,,,,,40.8173739,-73.9673591
1016600035,MN,,10029,,,,,,,,,,,40.7940307,-73.9412059
1001760015,MN,,10013,,,,,,,,,,,40.7177972,-74.0071063
1008170036,MN,,10011,,,,,,,,,,,40.7371541,-73.9935067
1005850019,MN,,10014,,,,,,,,,,,40.7321351,-74.0058106
1005950060,MN,,10013,,,,,,,,,,,40.7253358,-74.0096022
1006060066,MN,,10011,,,,,,,,,,,40.7351226,-73.9987964
1002830052,MN,,10002,,,,,,,,,,,40.7140788,-73.9921745
1005500015,MN,,10003,,,,,,,,,,,40.7315229,-73.9958552
1021560044,MN,,10033,,,,,,,,,,,40.8512273,-73.9295965
1006060079,MN,,10011,,,,,,,,,,,40.7350376,-73.9993277
1000110028,MN,,10004,,,,,,,,,,,40.7042146,-74.0121438
1008820041,MN,,10016,,,,,,,,,,,40.7412643,-73.9820684
1016010040,MN,,10026,,,,,,,,,,,40.8020827,-73.9471955
1008910053,MN,,10016,,,,,,,,,,,40.7470881,-73.9779533
1012770068,MN,,10017,,,,,,,,,,,40.7537257,-73.9799690
1003410030,MN,,10002,,,,,,,,,,,40.7159222,-73.9853909
1015830024,MN,,10128,,,,,,,,,,,40.7754346,-73.9450679
1005290009,MN,,10012,,,,,,,,,,,40.7266950,-73.9949346
1005290060,MN,,10012,,,,,,,,,,,40.7260107,-73.9938981
1005310016,MN,,10012,,,,,,,,,,,40.7278005,-73.9940222
1003750059,MN,,10009,,,,,,,,,,,40.7226748,-73.9786022
1003750060,MN,,10009,,,,,,,,,,,40.7227028,-73.9786843
1005300008,MN,,10012,,,,,,,,,,,40.7272498,-73.9944628
1005440057,MN,,10003,,,,,,,,,,,40.7279234,-73.9921559
1011710101,MN,,10023,,,,,,,,,,,40.7733403,-73.9928059
1005000033,MN,,10012,,,,,,,,,,,40.7241797,-74.0003221
1019100002,MN,,10027,,,,,,,,,,,40.8085587,-73.9462724
1008360057,MN,,10001,,,,,,,,,,,40.7495086,-73.9855040
1021770193,MN,,10033,,,,,,,,,,,40.8504532,-73.9421390
1005550044,MN,,10003,,,,,,,,,,,40.7305356,-73.9899622
1004730032,MN,,10013,,,,,,,,,,,40.7209863,-73.9991935
1005790045,MN,,10013,,,,,,,,,,,40.7253051,-74.0072798
1011110001,MN,1000 5 AVENUE,10065,Q1,9,0,,0,0,36590000,34025,3300050700.00000,NYC DEPARTMENT OF PARKS AND RECREATION,40.7824929,-73.9655482
1000580001,MN,185 GREENWICH STREET,10007,O4,5,2009,104.0000000,0,7,833945,8966500,1785765150.00000,LOWER MANHATTAN DEVELOPMENT CORPORATION,40.7116390,-74.0123434
1006800001,MN,360 WEST STREET,10001,P9,8,1963,4.0000000,0,1,962250,4060596,953618400.00000,NEW YORK CONVENTION CENTER,40.7579518,-74.0022957
1010497501,MN,1 COLUMBUS CIRCLE,10019,RM,4,2004,54.0000000,226,234,149560,2101990,871090081.00000,TIME WARNER CENTER CONDOMINIUM,40.7684685,-73.9830936
1012940001,MN,761 5 AVENUE,10022,O4,5,1968,50.0000000,0,1,84350,1824820,826881300.00000,767 FIFTH PARTNERS LLC,40.7636082,-73.9724348
1009950033,MN,1111 AVENUE OF THE AMER,10036,O4,5,2005,55.0000000,0,48,87863,2245112,810414900.00000,ONE BRYANT PARK,40.7555629,-73.9847139
1007027501,MN,500 WEST 33 STREET,10001,RC,5,2015,68.0000000,0,9,198898,3224812,764317801.00000,UNAVAILABLE OWNER,40.7535301,-74.0008987
1007050039,MN,427 10 AVENUE,10001,O4,5,2019,58.0000000,0,2,69125,2521850,718870500.00000,50 HYMC OWNER LLC,40.7545346,-74.0001047
1012830021,MN,270 PARK AVENUE,10017,O4,5,2021,60.0000000,0,1,80333,2050615,687760650.00000,JPMORGAN CHASE BANK,40.7559814,-73.9759897
1012657501,MN,1250 AVENUE OF THE AMER,10020,RC,5,1937,70.0000000,0,107,107766,2122138,624065849.00000,ROCKEFELLER CENTER PROPERTIES (RCP),40.7591495,-73.9796452
1012770027,MN,51 EAST 42 STREET,10017,O4,5,2017,60.0000000,0,5,44048,1678135,604668150.00000,ONE VANDERBILT OWNER LLC,40.7529654,-73.9785534
1013730001,MN,MAIN STREET,10044,D4,3,1975,18.0000000,8018,8088,4227757,4786701,592936650.00000,"RIVERWALK 8 AFFORDABLE, L.P.",40.7661789,-73.9459217
1010010029,MN,1221 AVENUE OF THE AMER,10036,O4,5,1971,51.0000000,0,71,102452,2636182,581266350.00000,1221 AVENUE HOLDINGS LLC,40.7593805,-73.9820672
1007390001,MN,111 8 AVENUE,10011,O6,5,1931,17.0000000,0,133,165200,2161994,579639150.00000,ONE CITY BLOCK LLC,40.7413598,-74.0032081
1008350041,MN,338 5 AVENUE,10001,O4,5,1931,102.0000000,0,513,91351,2812739,577440900.00000,"ESRT EMPIRE STATE BUILDING, L.L.C.",40.7484514,-73.9857117
1007060017,MN,527 WEST 34 STREET,10001,O4,5,2018,66.0000000,0,1,67397,2221336,565683750.00000,"509 W 34, L.L.C.",40.7552291,-73.9995885
1013137501,MN,151 EAST 58 STREET,10022,RM,4,2001,54.0000000,105,109,84348,1103169,550589853.00000,ONE BEACON COURT CONDOMINIUM,40.7615758,-73.9676310
1010027501,MN,1251 AVENUE OF THE AMER,10020,RC,5,1970,54.0000000,0,56,98206,1793091,521838004.00000,UNAVAILABLE OWNER,40.7599705,-73.9816122
1002160001,MN,388 GREENWICH STREET,10013,O4,5,1989,39.0000000,0,2,172327,2354289,514589400.00000,"CITIGROUP TECHNOLOGY, INC.",40.7208642,-74.0110031
1013060001,MN,345 PARK AVENUE,10022,O4,5,1969,44.0000000,0,30,81337,1712218,512151300.00000,"345 PARK AVENUE, L.P.",40.7577537,-73.9724264
1012730022,MN,9 WEST 57 STREET,10019,O4,5,1971,49.0000000,0,31,62058,1698259,510335550.00000,"SOLOVIEFF REALTY CO. II, L.L.C.",40.7638860,-73.9749905
1010220043,MN,1631 BROADWAY,10019,O4,5,1972,48.0000000,0,47,90400,2438059,490918050.00000,"1633 BROADWAY OWNER II, LP",40.7621064,-73.9847016
1010030029,MN,1271 AVENUE OF THE AMER,10020,O4,5,1961,47.0000000,0,48,82340,1962900,487981350.00000,ROCKEFELLER CTR NORTH INC,40.7605413,-73.9810020
1011300001,MN,200 CENTRAL PARK WEST,10024,P7,8,1998,7.0000000,0,1,738000,1360264,485694900.00000,NYC DEPARTMENT OF CULTURAL AFFAIRS,40.7813533,-73.9740596
1012660001,MN,1260 AVENUE OF THE AMER,10020,O4,5,1932,31.0000000,0,603,184764,2734038,478125000.00000,RCPI HOLDCO LCC ATTN: TRACEY FRAZZETTA,40.7595308,-73.9785874
1012670001,MN,1290 AVENUE OF THE AMER,10119,O4,5,1963,43.0000000,0,78,89775,1899211,477962550.00000,"555 1290 HOLDINGS, LLC",40.7604723,-73.9788831
1010000029,MN,1211 AVENUE OF THE AMER,10036,O4,5,1973,45.0000000,0,109,84855,1984228,455571000.00000,"1211 6TH AVENUE SYNDICATION PARTNERS JV,  L.P.",40.7586641,-73.9823995
1013087501,MN,601 LEXINGTON AVENUE,10022,RC,5,1978,60.0000000,0,9,70572,1654020,454479301.00000,UNAVAILABLE OWNER,40.7583981,-73.9700366
1012687502,MN,666 5 AVENUE,10103,RC,5,1958,40.0000000,0,125,61755,1341058,449620651.00000,UNAVAILABLE OWNER,40.7603703,-73.9767065
1021380040,MN,180 FT WASHINGTON AVENUE,10032,I1,8,1930,22.0000000,0,1,364433,3533539,440619840.00000,PRESBYTERIAN HSP CITY NY,40.8406961,-73.9416362
1007297504,MN,395 9TH AVENUE,10001,RC,5,2015,69.0000000,0,2,65034,1976539,438739650.00000,BOP NE LLC,40.7526764,-73.9977045
1007819001,MN,420 8 AVENUE,10001,P6,9,1967,10.0000000,0,0,246875,1048620,438347250.00000,"MSG ARENA, LLC",,
1010040029,MN,1285 AVENUE OF THE AMER,10019,O4,5,1961,39.0000000,0,77,80333,1613847,437783850.00000,C & K 1285 OWNER LLC,40.7611643,-73.9805325
1007830070,MN,250 WEST 34 STREET,10001,O4,5,1972,57.0000000,0,451,127966,2689635,437083650.00000,KORPENN LLC,40.7512626,-73.9923737
1013087502,MN,399 PARK AVENUE,10022,RB,5,1969,39.0000000,0,2,81325,1526121,431857800.00000,399 PARK AVE CONDO BOARD OF MANAGER,40.7590050,-73.9715271
1012580009,MN,1114 AVENUE OF THE AMER,10036,O4,5,1971,47.0000000,0,62,67875,1517497,425490750.00000,1114 6TH AVENUE OWNER LLC,40.7548243,-73.9828480
1013010001,MN,245 PARK AVENUE,10017,O4,5,1966,45.0000000,0,35,81336,1586876,421720650.00000,METROPOLITAN TRANSPORTATION AUTHORITY,40.7546252,-73.9747233
1007020010,MN,501 WEST 30 STREET,10001,O4,5,2017,48.0000000,0,27,79943,1835464,406021500.00000,LEGACY YARDS TENANT LP,40.7527011,-74.0015773
1007050001,MN,380 11 AVENUE,10001,O4,5,2015,51.0000000,0,32,40015,1178640,399826800.00000,ONE HUDSON YARDS OWNER LLC,40.7552400,-74.0017650
1008547501,MN,11 MADISON AVENUE,10010,RB,5,1932,30.0000000,0,36,83937,1630256,399323699.00000,UNAVAILABLE OWNER,40.7415128,-73.9864854
1013027501,MN,277 PARK AVENUE,10017,RC,5,1963,50.0000000,0,55,162672,1270270,398776655.00000,"277 PARK AVEENUE,LLC",40.7552509,-73.9742574
1019570001,MN,85 CONVENT AVENUE,10027,W5,8,1930,5.0000000,0,1,477375,400160,394376400.00000,CITY COLLEGE,40.8164482,-73.9511265
1010177501,MN,1535 BROADWAY,10036,RC,5,1995,50.0000000,0,11,74287,1971406,394329181.00000,UNAVAILABLE OWNER,40.7586262,-73.9861968
1010127501,MN,620 8 AVENUE,10018,RI,5,2003,52.0000000,0,57,79000,1259189,377682863.00000,NYC ECONOMIC DEVELOPMENT CORPORATION,40.7559285,-73.9897166
1016040006,MN,1440 MADISON AVENUE,10029,I1,8,1963,14.0000000,0,1,279985,2215000,377430750.00000,MOUNT SINAI HOSPITAL,40.7898746,-73.9532659
1010400029,MN,825 8 AVENUE,10019,O4,5,1987,49.0000000,0,23,58241,1596521,371571300.00000,"WWP OFFICE, LLC",40.7622302,-73.9869433
1007297505,MN,2 MANHATTAN WEST,10001,RC,5,2020,60.0000000,0,2,61719,1819686,370447920.00000,BOP SE LLC,40.7520863,-73.9979572
1010160036,MN,1515 BROADWAY,10036,O4,5,1970,54.0000000,0,1,65764,1721814,364841550.00000,1515 BROADWAY OWNER LLC,40.7579291,-73.9864388
1011340001,MN,60 COLUMBUS AVENUE,10023,P1,5,1964,5.0000000,0,0,316430,264420,361986300.00000,LINCOLN CENTER FOR THE PERFORMING ARTS,40.7727174,-73.9838579
1000160260,MN,200 WEST STREET,10282,O4,5,2009,45.0000000,0,6,97076,2157862,354559500.00000,GOLDMAN SACHS HEADQUARTERS LLC,40.7147238,-74.0144434
1005960002,MN,532 WASHINGTON STREET,10014,O3,5,1933,12.0000000,0,1,141417,1009855,351305100.00000,550 WASHINGTON OWNER (DE) LLC,40.7281846,-74.0100410
1000160125,MN,225 LIBERTY STREET,10280,O4,5,1987,44.0000000,0,1,199346,2267925,349808850.00000,WFP TOWER B CO LP,40.7124538,-74.0153050
1013540001,MN,752 1 AVENUE,10017,Z5,8,1952,39.0000000,0,0,659375,2400000,342517500.00000,"DADA, LLC",40.7503498,-73.9674669
1009947501,MN,1095 AVENUE OF THE AMER,10036,RI,5,1972,41.0000000,0,11,56781,1041794,333448401.00000,1095 AVE OF THE AMERICAS CONDO,40.7547532,-73.9850065
1013047501,MN,301 PARK AVENUE,10017,RM,4,1930,47.0000000,319,696,81337,1206155,330021045.00000,UNAVAILABLE OWNER,40.7565023,-73.9733510
1009620100,MN,462 1 AVENUE,10016,I1,8,1910,17.0000000,0,1,753175,2124441,327565350.00000,NYC HEALTH AND HOSPITALS CORPORATION,40.7387469,-73.9753428
1008530002,MN,1 MADISON AVENUE,10010,O4,5,1932,26.0000000,0,25,77577,1233394,312231600.00000,1 MADISON OFFICE FEE LLC,40.7408623,-73.9869006
1007297507,MN,450 WEST 33RD STREET,10001,RC,5,1969,14.0000000,0,2,134932,1438273,308137500.00000,450 PARTNERS LLC,40.7530442,-73.9994478
1012760058,MN,300 MADISON AVENUE,10017,O4,5,2002,36.0000000,0,2,45839,1142417,306146700.00000,BFP 300 MADISON II LL,40.7526473,-73.9800333
1009997501,MN,1568A BROADWAY,10036,RC,5,1989,47.0000000,0,2,21758,498782,302308344.00000,UNAVAILABLE OWNER,40.7587852,-73.9842223
1012640005,MN,1230 AVENUE OF THE AMER,10020,O9,5,1939,22.0000000,0,230,142087,1898155,302109750.00000,RCPI HOLDCO LCC ATTN: KELLEY MARBURY,40.7584194,-73.9798403
1000327501,MN,43 WATER STREET,10004,RB,5,1973,53.0000000,0,52,160692,3583167,299918713.00000,NEW WATER STREET CORP.,40.7031826,-74.0091536
1012617501,MN,1166 AVENUE OF THE AMER,10036,RC,5,1975,44.0000000,0,46,59873,1204839,295659359.00000,UNAVAILABLE OWNER,40.7568196,-73.9818513
1009627501,MN,433 EAST 30 STREET,10016,RA,8,1900,,0,8,362642,2216199,292990050.00000,NYU HOSPITALS CENTER,40.7435471,-73.9734175
1012890014,MN,512 MADISON AVENUE,10022,O4,5,1982,43.0000000,0,29,43532,1015287,291504600.00000,"520 MADISON OWNERS, L.L.C. ATTN: TRACEY FRAZZETTA",40.7602573,-73.9744757
1000160140,MN,200 VESEY STREET,10281,O4,5,1986,54.0000000,0,12,82617,2233692,286434900.00000,AMERICAN EXPRESS CO,40.7135353,-74.0148688
1014800001,MN,1176 YORK AVENUE,10065,I1,8,1956,27.0000000,0,1,275925,2230742,284492250.00000,SOCIETY OF THE NY HOSPITAL,40.7644532,-73.9541429
1010197502,MN,1585 BROADWAY,10036,RC,5,1987,42.0000000,0,42,50657,1028336,277465714.00000,MS FINANCING INC,40.7599766,-73.9855071
1012967502,MN,150 EAST 42 STREET,10017,RC,5,1955,42.0000000,0,55,82950,1241644,271547213.00000,150 HG VENTURE LLC,40.7507580,-73.9755188
1000627501,MN,1 LIBERTY PLAZA,10006,RB,5,1973,54.0000000,0,17,95348,1690747,270358204.00000,ONE LIBERTY PLAZA CONDO,40.7097535,-74.0108426
1010680001,MN,424 10 AVENUE,10019,I1,8,1992,16.0000000,0,1,100959,1104505,262383750.00000,ST LUKES-ROOSEVELT HOSP,40.7696958,-73.9868877
1013070001,MN,375 PARK AVENUE,10022,O4,5,1958,38.0000000,0,102,59950,849014,259330050.00000,375 PARK FEE LLC,40.7584563,-73.9721482
1010067502,MN,1335 AVENUE OF THE AMER,10019,RH,5,1963,46.0000000,0,5,91633,1440995,257918850.00000,UNAVAILABLE OWNER,40.7624432,-73.9797127
1012727503,MN,730 5 AVENUE,10019,RM,4,1921,26.0000000,22,109,26360,333666,257647306.00000,UNAVAILABLE OWNER,40.7628622,-73.9747238
1005547501,MN,770 BROADWAY,10003,RC,5,1906,15.0000000,0,3,62582,1004720,255384451.00000,770 BROADWAY OWNER LL,40.7305974,-73.9915137
1012809090,MN,100 EAST 45 STREET,10017,O4,5,1990,38.0000000,0,1,60700,916553,254650950.00000,UNITED STATES POSTAL SERVICE,,
1010260055,MN,250 WEST 55 STREET,10019,O4,5,2008,40.0000000,0,1,46442,843564,253665900.00000,GLADDEN PROPERTIES LLC,40.7648921,-73.9835277
1009987501,MN,1538 BROADWAY,10036,RC,5,1989,42.0000000,0,5,38700,919865,253534958.00000,BERTELSMANN PROPERTY,40.7580744,-73.9848469
1012910010,MN,550 MADISON AVENUE,10022,O4,5,1984,37.0000000,0,7,36803,685125,252490950.00000,OAC 550 OWNER LLC,40.7614621,-73.9735042
1012880027,MN,57 EAST 52 STREET,10055,O4,5,1980,40.0000000,0,20,38314,1064223,252359550.00000,PARK AVENUE PLAZA OWNER LLC,40.7591236,-73.9736712
1000840036,MN,7 WORLD TRADE CENTER,10007,O4,5,2006,52.0000000,0,59,47250,1636000,249905250.00000,PORT AUTHORITY OF NY AND NJ,40.7133325,-74.0118748
1012820021,MN,383 MADISON AVENUE,10017,O4,5,1999,44.0000000,0,3,43313,1174988,248619600.00000,METROPOLITAN TRANSPORTATION AUTHORITY,40.7554682,-73.9767262
1012820017,MN,390 MADISON AVENUE,10017,O4,5,1953,32.0000000,0,4,38160,821165,246759750.00000,NYS COMMON RETIREMENT FUND,40.7558198,-73.9776537
1013100001,MN,425 PARK AVENUE,10022,O4,5,1957,43.0000000,0,0,27950,666996,246465450.00000,425 PARK AVE GROUND OWNER LLC,40.7604294,-73.9710356
1010520001,MN,576 10 AVENUE,10036,D6,4,1976,46.0000000,1689,1709,160664,2099504,244691550.00000,MANHATTAN PLAZA INC,40.7593899,-73.9937914
1002487501,MN,225 CHERRY STREET,10002,RM,4,2015,72.0000000,1021,1023,94619,1099034,244288394.00000,CPS FEE COMPANY LLC,40.7104563,-73.9912386
1000047501,MN,1 WATER STREET,10004,RC,5,1969,50.0000000,0,63,111382,1888126,242934758.00000,ONE NY PLAZA CO LLC,40.7021531,-74.0120207
1000160150,MN,250 VESEY STREET,10281,O4,5,1986,34.0000000,0,1,103028,2084079,240795000.00000,WFP TOWER D CO LP,40.7140320,-74.0158826
1010297502,MN,217 WEST 57TH STREET,10019,RM,4,2013,98.0000000,179,180,55862,878615,240703214.00000,"BROADWAY 57TH/58TH RETAIL INVESTOR, LLC",40.7664727,-73.9812674
1013290001,MN,919 3 AVENUE,10022,O4,5,1970,46.0000000,0,55,64768,1323432,240062850.00000,SL GREEN REALTY CORP.,40.7589628,-73.9675890
1001440040,MN,56 HUDSON STREET,10013,O4,5,1930,23.0000000,0,144,52439,802000,237554550.00000,60 HUDSON OWNERS LLC,40.7176558,-74.0083403
1010137501,MN,640 8 AVENUE,10036,RC,5,2007,40.0000000,0,2,37854,789726,233712000.00000,UNAVAILABLE OWNER,40.7566394,-73.9895901
1012950001,MN,101 PARK AVENUE,10016,O4,5,1982,46.0000000,0,39,52831,1088389,232541100.00000,101 PARK AVENUE ASSOCIATES II LLC,40.7508737,-73.9777565
1013030001,MN,299 PARK AVENUE,10017,O4,5,1966,42.0000000,0,16,40166,1039281,232485300.00000,FISHER PARK LANE OWNER LLC,40.7560139,-73.9741380
1007027503,MN,34 HUDSON YARDS,10001,RM,4,2015,71.0000000,143,147,50168,820201,231259962.00000,ERY NORTH TOWER RHC TENANT LLC,40.7545621,-74.0022378
1008400042,MN,424 5 AVENUE,10018,O6,5,1920,14.0000000,0,2,51271,693256,229179600.00000,AMAZON.COM SERVICES LLC,40.7514977,-73.9830654
1013070023,MN,599 LEXINGTON AVENUE,10022,O4,5,1985,47.0000000,0,36,45022,984485,228486150.00000,BP 599 LEXINGTON AVENUE LLC,40.7578658,-73.9707515
1000160100,MN,345 SOUTH END AVENUE,10280,D6,4,1983,5.0000000,1712,1722,220732,1881621,227186550.00000,BATTERY PARK CITY AUTHORY,40.7110565,-74.0170361
1012840026,MN,33 EAST 48 STREET,10017,O4,5,1968,40.0000000,0,74,35200,810426,226363050.00000,BROADWAY  240 PARK FEE LLC,40.7566235,-73.9755455
1006720001,MN,601 WEST 26 STREET,10001,O6,5,1931,19.0000000,0,264,124100,1835150,225658350.00000,RXR SL OWNER LLC,40.7515838,-74.0065544
1019730001,MN,530 WEST 120 STREET,10027,W6,8,1901,7.0000000,0,1,734180,1368870,225608850.00000,COLUMBIA UNIVERSITY,40.8086626,-73.9615250
1009940001,MN,1459 BROADWAY,10036,O4,5,2002,48.0000000,0,70,22448,1079378,224797500.00000,NYC DEPARTMENT OF CITYWIDE ADMINISTRATIVE SERVICES,40.7555193,-73.9868868
1007027502,MN,553 WEST 30 STREET,10001,RM,4,2015,70.0000000,392,395,81408,837736,223965914.00000,UNAVAILABLE OWNER,40.7532665,-74.0028405
1005240066,MN,100 BLEECKER STREET,10012,W6,8,1967,30.0000000,397,399,183844,1181372,222829650.00000,NEW YORK UNIVERSITY,40.7267934,-73.9979543
1000400003,MN,60 WALL STREET,10005,O4,5,1987,47.0000000,0,1,53632,1617206,222423664.00000,60 WALL OWNER LP,40.7062404,-74.0085048
1007130001,MN,75 9 AVENUE,10011,O6,5,1905,8.0000000,0,167,165200,1100533,220685400.00000,MANHATTAN CHELSEA MARKET LLC,40.7425509,-74.0060555
1006730001,MN,261 11 AVENUE,10001,O6,5,1892,14.0000000,0,3,136000,1161731,219748500.00000,TERMINAL FEE OWNER LP,40.7522371,-74.0061935
1012877501,MN,641 5 AVENUE,10022,RM,4,1973,51.0000000,224,225,25602,726931,217516501.00000,OLYMPIC TOWERS CONDO,40.7591982,-73.9760860
1000440001,MN,28 LIBERTY STREET,10005,O4,5,1964,60.0000000,0,16,112555,2224200,215353800.00000,SUMMIT GLORY PROPERTY LLC,40.7077691,-74.0091254
1009960029,MN,1133 AVENUE OF THE AMER,10036,O4,5,1968,44.0000000,0,44,42050,1039529,215108550.00000,DOLP 1133 PROPERTIES III LLC,40.7560568,-73.9838656
1017340001,MN,506 LENOX AVENUE,10037,I1,8,2009,10.0000000,0,1,260689,2291032,214086150.00000,NYC HEALTH AND HOSPITALS CORPORATION,40.8142933,-73.9389933
1012570001,MN,476 5 AVENUE,10018,P8,8,1911,3.5000000,0,3,219250,284249,207412650.00000,NEW YORK PUBLIC LIBRARY,40.7532021,-73.9822674
1013740014,MN,650 MADISON AVENUE,10022,O4,5,1957,27.0000000,0,33,35447,449876,205088850.00000,650 MADISON OWNER LLC,40.7640362,-73.9716621
1000237501,MN,1 WALL STREET,10005,RM,4,1930,52.0000000,566,567,42178,872851,204682997.00000,UNAVAILABLE OWNER,40.7071211,-74.0118304
1010517502,MN,560 10 AVENUE,10036,RM,4,2008,59.0000000,814,823,54647,1003752,201437427.00000,UNAVAILABLE OWNER,40.7590386,-73.9949718
1009990029,MN,1185 AVENUE OF THE AMER,10036,O4,5,1970,42.0000000,0,50,42049,1047390,201221550.00000,SL GREEN REALTY CORP.,40.7578984,-73.9825188
1011040031,MN,827 11 AVENUE,10019,D7,4,2015,42.0000000,1028,1033,85996,1192139,199745550.00000,"FPC 57 SOUTH, LLC",40.7704347,-73.9926712
1010020001,MN,745 7 AVENUE,10019,O4,5,1999,32.0000000,0,7,62459,1020000,198823050.00000,US REAL ESTATE HOLDINGS NO.1 LIMITED,40.7605196,-73.9828430
1009627502,MN,430 EAST 29 STREET,10016,RB,5,2008,17.0000000,0,2,129000,800802,198069300.00000,UNAVAILABLE OWNER,40.7399215,-73.9743283
1008250031,MN,1097 BROADWAY,10010,O6,5,1909,15.0000000,0,34,51642,704950,197790300.00000,200 FIFTH OWNER LLC,40.7421554,-73.9898955
1001560001,MN,38 LAFAYETTE STREET,10278,O9,5,1968,45.0000000,0,45,136994,1653794,197693550.00000,US GENERAL SERVICES ADMINISTRATION,40.7151364,-74.0038165
1013007501,MN,237 PARK AVENUE,10017,RC,5,1985,21.0000000,0,25,65228,922671,196089752.00000,UNAVAILABLE OWNER,40.7539143,-73.9749690
1012910001,MN,711 5 AVENUE,10022,O6,5,1927,18.0000000,0,15,18062,310000,194627250.00000,711 FIFTH AVE PRINCIPAL OWNER LLC,40.7617093,-73.9743813
1012747504,MN,768 5 AVENUE,10019,RM,4,1907,19.0000000,163,447,53772,715226,192092877.00000,UNAVAILABLE OWNER,40.7644540,-73.9744452
1012927501,MN,721 5 AVENUE,10022,RM,4,1983,58.0000000,231,232,19450,628103,191635204.00000,GMAC COMMERCIAL MORTGAGE,40.7623103,-73.9738937
1001420025,MN,310 GREENWICH STREET,10013,D6,4,1975,39.0000000,1328,1349,186631,2079746,191302650.00000,IP MORTGAGE BORROWER LLC,40.7195193,-74.0108694
1013000001,MN,230 PARK AVENUE,10169,O4,5,1929,34.0000000,0,1,69153,1212596,188421300.00000,RXR HB OWNER LLC,40.7543922,-73.9761058
1010280029,MN,888 7 AVENUE,10106,O4,5,1970,45.0000000,0,103,32425,866359,187186500.00000,"888 SEVENTH AVENUE, LLC",40.7653611,-73.9808815
1010827501,MN,770 11 AVENUE,10019,RM,4,2009,32.0000000,864,914,94463,1082317,186565496.00000,UNAVAILABLE OWNER,40.7676927,-73.9921372
1011057501,MN,625 WEST 57 STREET,10019,RM,4,2013,43.0000000,709,712,110457,632629,184821750.00000,UNAVAILABLE OWNER,40.7714311,-73.9929671
1011320020,MN,155 WEST 60 STREET,10023,W6,8,1950,20.0000000,211,212,194620,1025320,183285450.00000,FORDHAM UNIVERSITY,40.7709939,-73.9853530
1012770014,MN,330 MADISON AVENUE,10017,O4,5,1965,40.0000000,0,70,33137,733001,182440350.00000,330 MADISON ASSOCIATES LLC,40.7533251,-73.9794015
1005790047,MN,310 HUDSON STREET,10013,O6,5,2021,19.0000000,0,4,86198,972820,182050650.00000,"HUDSON SQUARE REALTY, LLC",40.7261372,-74.0066204
1000940001,MN,80 GOLD STREET,10038,D4,3,1971,6.0000000,1641,1652,357935,2163399,180705600.00000,SOUTHBRIDGE TOWERS INC,40.7092516,-74.0036070
1016040023,MN,1425 MADISON AVENUE,10029,I9,8,1992,17.0000000,0,2,80732,914600,180227250.00000,MOUNT SINAI HOSPITAL,40.7885156,-73.9522160
1010140033,MN,3 TIMES SQUARE,10036,O4,5,1999,32.0000000,0,2,29630,855000,179836200.00000,NYC ECONOMIC DEVELOPMENT CORPORATION,40.7565705,-73.9870671
1009550005,MN,403 EAST 23 STREET,10010,I1,8,1950,18.0000000,0,2,279967,1385425,179172450.00000,DEPT OF VETERAN AFFAIRS,40.7370867,-73.9769167
1005990064,MN,375 HUDSON STREET,10014,O6,5,1987,18.0000000,0,6,69096,1076164,179118000.00000,NEW REMAINDERMAN 375 HUDSON LLC,40.7284812,-74.0079232
1012670034,MN,640 5 AVENUE,10019,O4,5,1940,21.0000000,0,27,16673,277684,178963200.00000,640 FIFTH AVENUE OWNER LLC,40.7595360,-73.9769991
1008707501,MN,10 UNION SQUARE EAST,10003,RM,4,1988,27.0000000,645,696,76503,1071822,178886246.00000,EAST UNION SQUARE C,40.7346429,-73.9892147
1008690034,MN,90 PARK AVENUE,10016,O4,5,1963,41.0000000,0,65,38019,927829,178870500.00000,"NINETY PARK PROPERTY, LLC",40.7507450,-73.9793590
1010320029,MN,641 8 AVENUE,10018,T9,7,1950,6.0000000,0,1,255000,1500000,178862400.00000,PORT AUTHORITY OF NY AND NJ,40.7569524,-73.9915284
1010030005,MN,135 WEST 50 STREET,10020,O4,5,1963,23.0000000,0,52,48200,865759,178203150.00000,135 WEST 50TH STREET GROUND OWNER LLC,40.7609504,-73.9820559
1014800010,MN,590 EAST 68 STREET,10065,W6,8,1940,6.0000000,0,1,445942,1200000,177717600.00000,ROCKEFELLER UNIVERSITY,40.7625463,-73.9557362
1001007502,MN,8 SPRUCE STREET,10038,RM,4,2007,76.0000000,899,902,41370,900766,177606000.00000,UNAVAILABLE OWNER,40.7109698,-74.0056775
1012857501,MN,611 5 AVENUE,10022,RC,5,1924,36.0000000,0,2,59629,1042944,177214500.00000,SAKS AND CO,40.7579660,-73.9768156
1000160120,MN,200 LIBERTY STREET,10281,O4,5,1986,40.0000000,0,1,94530,1501878,176728500.00000,BROOKFIELD PROPERTIES ONE WFC CO. LLC,40.7106450,-74.0155571
1000110001,MN,2 BROADWAY,10004,O4,5,1958,32.0000000,0,30,72130,1529480,176032800.00000,2 BROADWAY GROUND LEASE,40.7044998,-74.0126451
1012917501,MN,717 5 AVENUE,10022,RC,5,1958,26.0000000,0,6,29475,364014,174895651.00000,UNAVAILABLE OWNER,40.7617806,-73.9740311
1012687501,MN,49 WEST 52 STREET,10019,RC,5,1986,29.0000000,0,2,45925,730175,174874950.00000,40 WEST 53RD PARTNERSHIP,40.7609250,-73.9780130
1000160003,MN,401 SOUTH END AVENUE,10282,Z9,,2024,3.0000000,0,3,2496578,21854,173862335.00000,NYC DEPARTMENT OF TRANSPORTATION,40.7126238,-74.0165856
1012850036,MN,300 PARK AVENUE,10017,O4,5,1954,25.0000000,0,6,34050,645483,173258550.00000,300 PARK AVENUE INC,40.7570488,-73.9747079
1010107506,MN,157 WEST 57 STREET,10019,RM,4,2009,77.0000000,132,135,23808,702619,172528666.00000,UNAVAILABLE OWNER,40.7655007,-73.9790006
1005050036,MN,161 AVENUE OF THE AMERICAS,10013,O6,5,1926,13.0000000,0,57,47690,615107,172261350.00000,OSS 2016 LLC,40.7259040,-74.0045784
1010907502,MN,605 WEST 42 STREET,10036,RM,4,2008,60.0000000,1166,1176,70294,888123,170100257.00000,UNAVAILABLE OWNER,40.7615310,-73.9987799
1019570200,MN,160 CONVENT AVENUE,10031,W5,8,1979,5.0000000,0,1,433411,873000,169882650.00000,DORMITORY AUTHORITY OF THE STATE OF NEW YORK,40.8202109,-73.9503542
1011717513,MN,400 WEST 61ST STREET,10023,RM,4,2016,38.0000000,646,890,92878,846331,169165757.00000,RCB1 NOMINEE LLC,40.7732919,-73.9915841
1008600001,MN,285 5 AVENUE,10016,O6,5,1920,19.0000000,0,116,36575,553725,169161750.00000,MANHATTAN PROPERTIESCO,40.7460525,-73.9857266
1012970023,MN,395 LEXINGTON AVENUE,10017,O4,5,1930,77.0000000,0,167,37525,1035307,168862950.00000,"405 LEXINGTON, L.L.C.",40.7516363,-73.9753741
1001920001,MN,16 WALKER STREET,10013,O4,5,1914,26.0000000,0,65,46040,1092665,168807150.00000,32 SIXTH AVENUE CO LLC,40.7200001,-74.0046357
1006850042,MN,608 WEST 40 STREET,10018,P9,8,2018,3.0000000,0,1,133313,600000,167901750.00000,NYS CONVENTION CENTER DEVELOPMENT CORPORATION,40.7599088,-74.0010901
1011397503,MN,1992 BROADWAY,10023,RM,4,1992,47.0000000,271,279,55462,706837,166661893.00000,UNAVAILABLE OWNER,40.7748031,-73.9814781
1000477501,MN,120 BROADWAY,10005,RB,5,1915,41.0000000,0,6,49614,1491817,166046328.00000,120 BROADWAY CONDO BOARD OF MANGERS,40.7082192,-74.0105213
1008150001,MN,1411 BROADWAY,10018,O4,5,1969,42.0000000,0,100,50765,1088074,163948050.00000,1411 IC-SIC PROPERTY LLC,40.7541936,-73.9875657
1008090053,MN,112 WEST 34 STREET,10001,O4,5,1954,25.0000000,0,52,36340,806417,163615950.00000,"ESRT 112 WEST 34TH STREET, L.P.",40.7498159,-73.9890065
1008410049,MN,452 5 AVENUE,10018,O4,5,1902,29.0000000,0,17,32834,616352,162999000.00000,452 FIFTH OWNERS LLC,40.7520493,-73.9824770
1012980023,MN,425 LEXINGTON AVENUE,10017,O4,5,1987,31.0000000,0,42,35145,627691,162409050.00000,VBGO 425 LEXINGTON LLC,40.7522455,-73.9749480
1010240015,MN,1675 BROADWAY,10019,O4,5,1987,35.0000000,0,1,23900,762619,162270900.00000,BROADWAY 52ND LP,40.7631025,-73.9835462
1000307501,MN,7 HANOVER SQUARE,10004,RC,5,1983,29.0000000,0,15,34699,709912,161642754.00000,7 HANOVER FEE OWNER CO. LLC,40.7040554,-74.0096587
1000010010,MN,301 COMFORT ROAD,10004,Y4,8,1900,3.5000000,0,1,7600835,2542066,160973945.00000,GOVERNORS ISLAND CORPORATION,40.6887742,-74.0187035
1012807501,MN,420 LEXINGTON AVENUE,10170,RC,5,1927,31.0000000,0,8,68302,1044054,160681501.00000,UNAVAILABLE OWNER,40.7526959,-73.9758610
1011167501,MN,20 WEST 64 STREET,10023,RM,4,1970,42.0000000,655,664,59822,973738,160457872.00000,ONE LINCOLN PLAZA CONDOMINIUM,40.7715149,-73.9814068
1018860001,MN,1100 AMSTERDAM AVENUE,10027,W6,8,1912,14.0000000,0,1,398094,1670868,160308000.00000,TRUSTEES OF COLUMBIA UNV,40.8067198,-73.9629421
1001427501,MN,270 GREENWICH STREET,10007,RM,4,2006,32.0000000,381,389,90565,770447,160248592.00000,270 GREENWICH STREET ASSOCIATES,40.7156271,-74.0121169
1014850015,MN,530 EAST 74 STREET,10021,I1,8,2015,24.0000000,0,1,39547,757439,159917400.00000,MEMORIAL HOSPITAL FOR CANCER AND   ALLIE D DISEASES,40.7670238,-73.9510437
1013147502,MN,633 3 AVENUE,10017,RC,5,1960,41.0000000,0,89,48684,769851,159815550.00000,633 THIRD AVE CONDO BD OF MGRS,40.7495666,-73.9746242
1012570002,MN,1060 AVENUE OF THE AMER,10018,Q1,9,1920,2.0000000,0,1,199290,116219,158373000.00000,NYC DEPARTMENT OF PARKS AND RECREATION,40.7538171,-73.9837290
1011147503,MN,15 CENTRAL PARK WEST,10023,RM,4,2005,37.0000000,229,231,57899,695701,158160150.00000,W2001/Z 15 CENTRAL PK WEST RLTY LLC,40.7698598,-73.9813928
1009910060,MN,25-00 FDR DRIVE,10010,D6,4,1973,40.0000000,1101,1122,230066,1797891,157590900.00000,WATERSIDE PROPCO LLC,40.7374235,-73.9732612
1012720063,MN,38 WEST 57 STREET,10019,O4,5,1972,36.0000000,0,43,40166,712000,157587750.00000,LEFRAK SBN LIMITED PARTNERSHIP,40.7635487,-73.9763588
1014630021,MN,437 EAST 68 STREET,10065,I1,8,2014,17.0000000,0,1,42677,733747,157550400.00000,THE NEW YORK AND PRESBYTERIAN HOSPITAL,40.7648492,-73.9558646
1021390250,MN,100 HAVEN AVENUE,10032,I4,8,1970,31.0000000,219,236,53625,1651267,156063150.00000,THE TRUSTEES OF COLUMBIA UNIVERSITY,40.8447809,-73.9430278
1013157501,MN,220 EAST 42 STREET,10017,RC,5,1928,37.0000000,0,42,70112,907907,155773799.00000,UNAVAILABLE OWNER,40.7497694,-73.9731804
1008100001,MN,441 7 AVENUE,10001,K3,5,1930,19.0000000,0,2,134375,2192088,155748600.00000,MACY'S EAST INC,40.7508122,-73.9891038
1010050001,MN,811 7 AVENUE,10019,H1,5,1960,49.0000000,0,13,60775,1172021,154620000.00000,SNYTS OWNER LLC,40.7623886,-73.9814816
1012680001,MN,51 WEST 52 STREET,10019,O4,5,1964,38.0000000,0,1,47725,817095,154502550.00000,"51 W. OWNER, LP",40.7612271,-73.9787457
1012760042,MN,60 EAST 42 STREET,10165,O4,5,1929,55.0000000,0,363,42050,1150564,154278900.00000,"ESRT ONE GRAND CENTRAL PLACE, L.L.C.",40.7521448,-73.9788424
1012907502,MN,2 EAST 55 STREET,10022,RC,5,1904,20.0000000,0,48,22544,323504,153956708.00000,UNAVAILABLE OWNER,40.7612482,-73.9744789
1012780020,MN,333 MADISON AVENUE,10017,O4,5,1914,29.0000000,0,2,43313,874744,153229950.00000,335 MADISON AVENUE LLC,40.7535911,-73.9780948
1014637501,MN,411 EAST 68 STREET,10065,RA,8,2003,22.0000000,0,2,26168,731550,153049500.00000,UNAVAILABLE OWNER,40.7650608,-73.9565792
1009970001,MN,1514 BROADWAY,10036,K2,5,1938,4.0000000,0,29,44475,119000,152164800.00000,44-45 BROADWAY REALTY CO,40.7574239,-73.9851972
1006897501,MN,500 WEST 18TH STREET,10011,RM,4,2017,36.0000000,235,238,76425,744344,151270662.00000,76 ELEVENTH AVENUE PROPERTY OWNER LLC,40.7447000,-74.0074198
1010477502,MN,959 8 AVENUE,10019,RB,5,1928,42.0000000,0,2,40166,703796,150743700.00000,UNAVAILABLE OWNER,40.7665582,-73.9836140
1011370010,MN,1945 BROADWAY,10023,W3,8,1968,5.0000000,0,2,98581,360120,150398550.00000,LINCOLN CENTER PERFORMING ARTS,40.7738317,-73.9831861
1009960001,MN,1500 BROADWAY,10036,O4,5,1972,33.0000000,0,69,25570,493107,148788000.00000,"ZAPCO 1500 INVESTMENT, L.P.",40.7567707,-73.9856377
1010277503,MN,1731 BROADWAY,10019,RC,5,2002,26.0000000,0,10,29400,614307,148771035.00000,UNAVAILABLE OWNER,40.7652460,-73.9824880
1012850021,MN,437 MADISON AVENUE,10017,O4,5,1967,39.0000000,0,102,38360,836660,148483800.00000,MADISON AVENUE FEE,40.7573701,-73.9753936
1010477503,MN,322 WEST 57 STREET,10019,RM,4,1978,50.0000000,583,683,52868,813798,148362418.00000,THE 322 WEST 57TH ST CONDOMINUM,40.7668245,-73.9842384
1008887503,MN,1 PARK AVENUE,10016,RC,5,1926,18.0000000,0,19,45425,686833,147729905.00000,VNO ONE PARK LLC,40.7458707,-73.9814934
1006750012,MN,311 11TH AVENUE,10001,D7,4,2020,60.0000000,938,940,49375,904524,147541950.00000,WEST SIDE 11TH & 29TH LLC,40.7531649,-74.0047968
1009670001,MN,626 1 AVENUE,10016,D8,3,2014,47.0000000,761,764,45190,922828,147099150.00000,AMERICAN COPPER BUILDING JUNIOR MEMBER L LC,40.7444580,-73.9719411
1007297502,MN,371 9 AVENUE,10001,RM,4,2015,64.0000000,844,846,58949,661562,147042900.00000,UNAVAILABLE OWNER,40.7523910,-73.9987440
1011717510,MN,21 WEST END AVENUE,10023,RM,4,2013,43.0000000,616,622,83139,630198,146965500.00000,UNAVAILABLE OWNER,40.7727182,-73.9904289
1012870033,MN,350 PARK AVENUE,10022,O4,5,1961,31.0000000,0,2,27925,536992,146038500.00000,350 PARK EAT LLC,40.7583057,-73.9737293
1008080040,MN,100 WEST 33 STREET,10001,O6,5,2001,12.0000000,0,82,79002,1105991,145355400.00000,VNO 100 WEST 33RD STREET LLC,40.7491489,-73.9892629
1011717511,MN,1 WEST END AVENUE,10023,RM,4,2014,43.0000000,361,374,72099,752143,143749374.00000,UNAVAILABLE OWNER,40.7721994,-73.9909019
1012927502,MN,432 PARK AVENUE,10022,RM,4,2012,90.0000000,126,273,34470,584590,143696715.00000,UNAVAILABLE OWNER,40.7615001,-73.9717968
1012580021,MN,11 WEST 42 STREET,10036,O4,5,1926,33.0000000,0,45,34300,949976,143047800.00000,"11 WEST 42 REALTY INVESTORS, LLC",40.7543026,-73.9817906
1008397501,MN,,10018,RC,5,1990,30.0000000,0,45,28638,582435,142751802.00000,420 FIFTH AVE CONDOMINIUM,40.7508116,-73.9833363
1010297501,MN,241 WEST 57 STREET,10019,RC,5,1927,25.0000000,0,21,32375,529883,140624090.00000,DEVASH LLC,40.7668791,-73.9822132
1002260001,MN,431 CANAL STREET,10013,O6,5,1930,17.0000000,0,67,62613,1000746,140476500.00000,NEW REMAINDERMAN 1 HUDSON SQUARE LLC,40.7234391,-74.0068186
1016690001,MN,1880 2 AVENUE,10029,I1,8,1967,14.0000000,0,3,293586,1075000,140035050.00000,NYC HEALTH AND HOSPITALS CORPORATION,40.7850540,-73.9449602
1007557501,MN,441 8TH AVENUE,10001,RC,5,1934,5.0000000,0,6,364000,1094973,139964850.00000,NEW YORK STATE URBAN DEVELOPMENT CORPORA TION D/B/A/ EMPIRE STATE DEVEL,40.7515181,-73.9958385
1009660001,MN,400 EAST 35TH STREET,10016,D7,4,1985,34.0000000,739,743,71692,841470,139259700.00000,UDR RIVERGATE LLC,40.7438378,-73.9725368
1010080019,MN,127 WEST 55 STREET,10019,O4,5,1988,23.0000000,0,1,29221,540000,138973950.00000,125 WEST 55TH STREET REALTY COMPANY LLC,40.7637468,-73.9789507
1012580001,MN,47 WEST 42 STREET,10036,O6,5,1906,15.0000000,0,19,20887,338886,138648150.00000,1100 AVE. OF THE AMERICAS ASSOCS.,40.7548601,-73.9834472
1012860035,MN,320 PARK AVENUE,10022,O4,5,1994,33.0000000,0,2,30625,656436,138465450.00000,320 PARK AVENUE LLC,40.7576800,-73.9742168
1008057502,MN,835 AVENUE OF THE AMER,10001,RM,4,2010,53.0000000,302,598,32433,598594,137371689.00000,UNAVAILABLE OWNER,40.7471289,-73.9902810
1000030001,MN,10 BATTERY PARK,10004,Q1,9,1951,1.0000000,0,4,945425,945425,137326050.00000,NYC DEPARTMENT OF PARKS AND RECREATION,40.7028059,-74.0156310
1013247503,MN,825 THIRD AVE,10022,RM,4,1969,40.0000000,3,12,29777,400883,137325432.00000,DOLP 825 PROPERTIES II LLC,40.7559059,-73.9700955
1006077503,MN,133 WEST 11 STREET,10011,RM,4,2013,17.0000000,199,204,92925,533883,137172334.00000,THE GREENWICH LANE CONDOMINIUM,40.7365483,-74.0000072
1008560024,MN,380 PARK AVENUE SOUTH,10010,O4,5,1928,34.0000000,0,32,83937,1159795,136883700.00000,NEW YORK LIFE INSURANCE CO INC,40.7427450,-73.9855866
1012970033,MN,666 3 AVENUE,10017,O4,5,1952,32.0000000,0,40,34771,666376,136186650.00000,"CHRYSLER EAST BUILDING, L.L.C.",40.7513562,-73.9746199
1013277504,MN,885 THIRD AVE,10022,RC,5,1986,34.0000000,0,35,26108,444065,135587248.00000,885 3RD AVENUE FEE-LEASEHOLD JV LLC,40.7578845,-73.9687771
1005980058,MN,341 HUDSON STREET,10014,O6,5,1931,17.0000000,0,24,49755,797477,135548550.00000,561 HH LLC,40.7277456,-74.0078581
1009200012,MN,605 3 AVENUE,10158,O4,5,1963,43.0000000,0,40,48285,898734,135235800.00000,605 THIRD AVENUE FEE LLC,40.7489491,-73.9750755
1000480001,MN,140 BROADWAY,10005,O4,5,1968,50.0000000,0,78,52636,1141276,135099450.00000,140 BW LLC,40.7086501,-74.0101174
1007860051,MN,498 7 AVENUE,10018,O4,5,1920,24.0000000,0,1,38800,803800,134849250.00000,498 SEVENTH LLC,40.7528489,-73.9900275
1014207501,MN,200 EAST 66 STREET,10065,RM,4,1951,20.0000000,490,493,98108,848848,133038769.00000,MANHATTAN HOUSE CONDOMINIUM,40.7651040,-73.9625320
1010060013,MN,141 WEST 53 STREET,10019,O4,5,1988,35.0000000,0,35,35799,753137,131303700.00000,"1325 AVENUE OF THE AMERICAS,LP",40.7628798,-73.9807017
1010087503,MN,150 WEST 56 STREET,10019,RM,4,1987,70.0000000,337,340,24237,698686,130887909.00000,UNAVAILABLE OWNER,40.7642410,-73.9797447
1009930011,MN,1440 BROADWAY,10018,O4,5,1924,25.0000000,0,44,30200,747576,130879350.00000,"1440 BROADWAY NY OWNER, LLC",40.7543801,-73.9862302
1000417504,MN,66 PINE STREET,10005,RM,4,1932,66.0000000,612,777,31722,975719,130643550.00000,UNAVAILABLE OWNER,40.7064627,-74.0077149
1010157501,MN,229 WEST 43 STREET,10036,RC,5,1932,16.0000000,0,2,50637,589617,130553550.00000,229 WEST 43RD STREET CONDOMINIUM,40.7575093,-73.9874965
1012590001,MN,1120 AVENUE OF THE AMER,10036,O4,5,1962,21.0000000,0,1,48199,615000,130518000.00000,"HIPPODROME LAND COMPANY, LLC",40.7555983,-73.9828587
1000050010,MN,115 BROAD STREET,10004,D5,3,1969,32.0000000,1320,1323,54023,1044351,130493250.00000,"25 WATER OWNER, LLC",40.7027763,-74.0107224
1013280001,MN,909 3 AVENUE,10022,O4,5,1967,32.0000000,0,10,82341,1321050,130333500.00000,909 THIRD HOLDING LLC,40.7582987,-73.9679034
1013407501,MN,845 UNITED NATIONS PLAZA,10017,RM,4,2000,70.0000000,362,395,37050,713461,130074329.00000,UNAVAILABLE OWNER,40.7525622,-73.9678195
1007270001,MN,401 WEST 29 STREET,10001,Z3,8,1931,10.0000000,0,1,158000,1600000,129702150.00000,USPS,40.7511504,-73.9997871
1012860021,MN,455 MADISON AVENUE,10022,H1,5,1980,51.0000000,0,1,35720,832240,129305250.00000,ARCHDIOCESE/N.Y.,40.7579519,-73.9749206
1003230001,MN,288 DELANCEY STREET,10002,D3,3,1962,14.0000000,2391,2391,1206975,2948300,129299850.00000,NYC HOUSING AUTHORITY,40.7174344,-73.9778109
1001237502,MN,99 CHURCH STREET,10007,RM,4,2008,70.0000000,155,158,29497,609926,129284105.00000,UNAVAILABLE OWNER,40.7127756,-74.0090359
1009700001,MN,666 1 AVENUE,10016,V1,11,0,,0,0,193528,0,129090600.00000,"700 FIRST REALTY COMPANY, LLC",40.7466973,-73.9704100
1013670001,MN,400 EAST 56 STREET,10022,D4,3,1969,38.0000000,629,636,46763,967300,128852550.00000,PLAZA 400 OWNERS CORP,40.7570978,-73.9631249
1009340001,MN,500 2 AVENUE,10016,D6,4,1975,28.0000000,894,902,141836,829024,128830500.00000,BPP KIPS BAY HOLDING LLC,40.7405865,-73.9782398
1012950033,MN,622 3 AVENUE,10017,O4,5,1974,41.0000000,0,23,46148,986431,128768400.00000,622 THIRD AVE. CO. LLC,40.7500801,-73.9758764
1012750027,MN,100 PARK AVENUE,10016,O4,5,1950,36.0000000,0,1,37196,778203,128276550.00000,SLG 100 PARK LLC C/O,40.7513406,-73.9789257
1010870005,MN,860 11 AVENUE,10019,W5,8,2011,13.0000000,0,1,100415,749133,127900350.00000,DORMITORY AUTHORITY OF THE STATE OF NEW YORK,40.7708983,-73.9897396
1000350001,MN,77 FRONT STREET,10005,O4,5,1987,36.0000000,0,31,42176,973587,127581750.00000,"32 SLIPSTREAM, LLC",40.7038085,-74.0076930
1010867502,MN,555 WEST 57TH STREET,10019,RC,5,2005,20.0000000,0,18,62769,839398,126413096.00000,GREEN W. 57TH ST. LLC,40.7704016,-73.9904906
1005810001,MN,201 VARICK STREET,10014,O3,5,1928,12.0000000,0,1,80000,930680,126077850.00000,US GENERAL SERVICES ADMINISTRATIONN,40.7283303,-74.0062743
1014110001,MN,855 PARK AVENUE,10021,I1,8,1930,14.0000000,0,1,81503,775241,126008550.00000,LENOX HILL HOSPITAL,40.7736533,-73.9608556
1010737501,MN,550 WEST 45 STREET,10036,RM,4,2011,31.0000000,699,701,48729,538277,125708736.00000,UNAVAILABLE OWNER,40.7622089,-73.9965815
1010897502,MN,533 11 AVENUE,10036,RR,4,2005,59.0000000,3,3,49823,954682,125614349.00000,UNAVAILABLE OWNER,40.7607899,-73.9992347
1008870030,MN,151 EAST 31 STREET,10016,D6,4,1988,31.0000000,709,725,82950,800227,125560350.00000,MHP LAND ASSOCIATES,40.7444762,-73.9801116
1008330011,MN,1240 BROADWAY,10001,O4,5,1969,39.0000000,0,55,30750,671734,125494200.00000,1250 BROADWAY ASSOCIATES LLC,40.7477737,-73.9878736
1010277501,MN,870 7 AVENUE,10019,RH,5,1925,30.0000000,0,290,35145,665696,125160350.00000,"PC FESTIVUS, LLC",40.7647188,-73.9811849
1008240028,MN,40 WEST 23 STREET,10010,O6,5,1911,12.0000000,0,23,55960,439330,124977150.00000,23RD STREET LLC,40.7417493,-73.9912561
1007310001,MN,460 WEST 34 STREET,10001,O6,5,1927,19.0000000,0,50,33900,538520,124407000.00000,601W TENTH OWNER LLC,40.7540516,-73.9989785
1000370023,MN,180 MAIDEN LANE,10005,O4,5,1982,41.0000000,0,50,46799,1079361,124289100.00000,MAIDEN GLASS LLC,40.7052689,-74.0055147
1010697501,MN,551 10 AVENUE,10018,RM,4,2013,51.0000000,598,600,17528,562325,123849274.00000,UNAVAILABLE OWNER,40.7587587,-73.9964987
1010117501,MN,160 CENTRAL PARK SOUTH,10019,RM,4,1930,42.0000000,180,183,41437,497528,123293193.00000,DIG EH HOTEL LLC,40.7661731,-73.9785167
1008140015,MN,1407 BROADWAY,10018,O4,5,1950,43.0000000,0,229,45170,911896,122724450.00000,1407 BROADWAY,40.7535322,-73.9877679
1009930029,MN,5 BRYANT PARK,10018,O4,5,1958,35.0000000,0,95,27200,654137,122681250.00000,"5 BRYANT PARK PROPERTY INVESTORS IV, LLC",40.7540314,-73.9853856
1012860001,MN,631 5 AVENUE,10022,M1,8,1910,1.0000000,0,1,84350,90700,122147100.00000,ST PATRICKS CATHEDRAL,40.7585038,-73.9761585
1000057501,MN,125 BROAD STREET,10004,RB,5,1970,40.0000000,0,26,54023,1051990,121629514.00000,125 BROAD CONDOMINIUM,40.7022658,-74.0106069
1012690020,MN,21 WEST 53 STREET,10019,P7,8,1963,7.0000000,0,14,55350,355600,121528350.00000,THE MUSEUM OF MODERN ART,40.7612761,-73.9767423
1009457502,MN,685 FIRST AVENUE,10016,RM,4,2016,44.0000000,556,558,32364,686527,121029315.00000,"685 FIRST REALTY COMPANY, LLC",40.7474030,-73.9714130
1013260001,MN,875 3 AVENUE,10022,O4,5,1982,29.0000000,0,29,33932,634175,120709350.00000,875 THIRD AVENUE LLC,40.7572176,-73.9691961
1008647502,MN,355 5 AVENUE,10016,RC,5,1913,13.0000000,0,6,82950,885162,120462008.00000,KMO -361 REALTY ASSOCIATES,40.7484511,-73.9834885
1012670041,MN,650 5 AVENUE,10019,O4,5,1977,36.0000000,0,67,13625,336010,120340350.00000,650 FIFTH AVENUE COMPANY,40.7597693,-73.9768041
1000847501,MN,140 WEST STREET,10007,RM,4,1930,32.0000000,157,170,51055,938946,119526239.00000,UNAVAILABLE OWNER,40.7137743,-74.0129354
1014820001,MN,505 EAST 70 STREET,10021,I4,8,1987,36.0000000,517,535,24956,595492,119517750.00000,ROYAL CHARTER ETAL,40.7656829,-73.9541493
1009437501,MN,330 EAST 38 STREET,10016,RM,4,1989,57.0000000,830,863,81173,924200,119436068.00000,THE CORINTHIAN CONDOMINIUM,40.7463274,-73.9727199
1013700015,MN,425 EAST 58 STREET,10022,D4,3,1975,47.0000000,348,354,62729,988829,118338750.00000,SOVEREIGN APARTMENTS INC,40.7587357,-73.9609474
1005540035,MN,51 ASTOR PLACE,10003,O6,5,2012,14.0000000,0,18,36003,385831,118239300.00000,COOPER UNION FOR THE ADVANCEMENT OF SCIE NCE & ART,40.7300675,-73.9901680
1000157501,MN,17 BATTERY PLACE,10004,RM,4,1902,31.0000000,500,623,64633,1202417,118120050.00000,17 BATTERY PLACE CONDOMINIUM BOARD,40.7056000,-74.0158373
1012670022,MN,15 WEST 51 STREET,10019,O4,5,1947,33.0000000,0,8,37557,582428,118039050.00000,75 PLAZA,40.7600494,-73.9777173
1000167512,MN,102 NORTH END AVENUE,10282,RC,5,1988,14.0000000,0,473,79338,628200,118012050.00000,UNAVAILABLE OWNER,40.7149900,-74.0152768
1012730033,MN,742 5 AVENUE,10019,K3,5,1928,9.0000000,0,1,26100,211669,117940950.00000,754 FIFTH AVENUE ASSOC,40.7634851,-73.9740666
1010307501,MN,220 CENTRAL PARK SOUTH,10019,R4,3,2015,70.0000000,117,117,27604,396613,117687604.00000,UNAVAILABLE OWNER,40.7669584,-73.9805670
1007077501,MN,505 WEST 35TH STREET,10018,RM,4,2020,44.0000000,532,536,17275,455986,117272098.00000,"SUPERPARK REALTY, LLC",40.7556188,-73.9988919
1013000033,MN,730 3 AVENUE,10017,O4,5,1959,28.0000000,0,8,38168,665110,117230850.00000,TGA 730 THIRD AVENUE OWNER LLC,40.7531756,-73.9733198
1010680003,MN,400 WEST 59 STREET,10019,D7,4,1997,49.0000000,729,736,49962,919877,116960850.00000,"400 WEST 59TH ST PTRS, LLC",40.7691660,-73.9857036
1001420050,MN,208 WEST STREET,10007,W5,8,1980,8.0000000,0,1,223935,780000,116553150.00000,DORMITORY AUTHORITY OF THE STATE OF NY,40.7196180,-74.0116414
1013730050,MN,900 MAIN STREET,10044,I1,8,1900,8.0000000,0,1,490397,661538,116261550.00000,NYC HEALTH AND HOSPITALS CORPORATION,40.7703846,-73.9420011
1008207505,MN,620 AVENUE OF THE AMER,10011,RB,5,1900,7.0000000,0,5,88940,684465,116158949.00000,UNAVAILABLE OWNER,40.7397622,-73.9939051
1007510001,MN,345 8TH AVENUE,10001,D4,3,1960,22.0000000,1134,1140,350782,1448543,116127450.00000,MUTUAL REDEVELOPMENT HOUSES INC,40.7485511,-73.9980294
1012800030,MN,109 EAST 42 STREET,10017,H1,5,1919,26.0000000,0,13,57282,1028194,115953300.00000,METROPOLITAN TRANSPORTATION AUTHORITY,40.7520345,-73.9763376
1013010023,MN,485 LEXINGTON AVENUE,10017,O4,5,1957,30.0000000,0,30,46141,743789,115916850.00000,GREEN 485 TIC LLC,40.7540787,-73.9734891
1012697502,MN,53 WEST 53RD STREET,10019,RM,4,2015,73.0000000,161,163,18560,525820,115896710.00000,THE MUSEUM OF MODERN ART,40.7618308,-73.9781643
1013210022,MN,885 2 AVENUE,10017,O4,5,1971,48.0000000,0,27,40820,805467,115739550.00000,885 SECOND AVENUE OWNER LLC,40.7534933,-73.9702265
1010070005,MN,151 WEST 54TH STREET,10019,H1,5,1987,57.0000000,0,3,25413,634793,115504650.00000,BLACK PUMICE D 2015 LLC,40.7635028,-73.9804633
1012930069,MN,745 5 AVENUE,10151,O4,5,1930,34.0000000,0,55,21942,459340,115377300.00000,W V F-PAARAMOUNT 745 PROPERTY L.P.,40.7632488,-73.9731822
1000010201,MN,1 ELLIS ISLAND,10004,Z9,,1900,,0,0,2764190,603130,114857550.00000,U S GOVT LAND & BLDGS,40.6981883,-74.0413288
1013147503,MN,222 EAST 41 STREET,10016,RA,8,2001,25.0000000,0,24,19701,279254,114844493.00000,UNAVAILABLE OWNER,40.7493249,-73.9740829
1012580034,MN,500 5 AVENUE,10110,O4,5,1931,58.0000000,0,154,20920,659122,114840000.00000,500 FIFTH AVENUE NEW YORK LLC,40.7539100,-73.9812060
1000770008,MN,110 WILLIAM STREET,10038,O4,5,1956,31.0000000,0,46,32511,788241,114777000.00000,"110 WILLIAM PROPERTY INVESTORS III, LLC",40.7087739,-74.0067450
1015147502,MN,150 EAST 86 STREET,10028,RM,4,2007,18.0000000,118,119,30933,398184,114497959.00000,UNAVAILABLE OWNER,40.7790091,-73.9554508
1008897501,MN,3 PARK AVENUE,10016,RC,5,1977,42.0000000,0,2,46740,977745,114494202.00000,UNAVAILABLE OWNER,40.7465102,-73.9810746
1019970001,MN,2285 12 AVENUE,10027,W6,8,2019,11.0000000,0,6,154876,478842,113738400.00000,TRUSTEES OF COLUMBIA UNIVERSITY IN THE C ITY OF NEW,40.8178592,-73.9586149
1000267501,MN,15 BROAD STREET,10005,RM,4,1913,42.0000000,382,400,39846,810798,113653206.00000,UNAVAILABLE OWNER,40.7065311,-74.0105896
1017010001,MN,2070 1 AVENUE,10029,D4,3,1974,31.0000000,1594,1604,519220,2046455,113521500.00000,1199 HOUSING CORP,40.7908856,-73.9376821
1015490001,MN,1660 2 AVENUE,10028,D6,4,1964,21.0000000,692,698,62965,690703,112971600.00000,CF E 86 LLC,40.7779670,-73.9508298
1012760033,MN,118 PARK AVENUE,10017,O4,5,1981,26.0000000,0,4,20737,600000,112613400.00000,120 PARK AVENUE ASSOCIATES LLC,40.7519278,-73.9783047
1008140019,MN,1400 BROADWAY,10018,O4,5,1930,35.0000000,0,88,28950,768321,112587300.00000,112-1400 TRADE PROPERTIES LLC,40.7529556,-73.9866888
1014230010,MN,215 EAST 68 STREET,10065,D6,4,1962,32.0000000,613,618,80333,938324,112267350.00000,215 EAST 68TH STREETL.P.,40.7668793,-73.9607982
1008367502,MN,1328 BROADWAY,10001,RC,5,1909,11.0000000,0,14,28710,291313,112167108.00000,HERALD SQUARE OWNER LLC,40.7499667,-73.9871406
1021390001,MN,161 FT WASHINGTON AVENUE,10032,I1,8,1989,14.0000000,0,1,245035,891040,111633750.00000,PRESBYTERIAN HSP CITY NY,40.8412679,-73.9434609
1012880056,MN,510 MADISON AVENUE,10022,O4,5,2007,30.0000000,0,1,15750,292663,110853450.00000,BP 510 MADISON LLC,40.7597057,-73.9747322
1013030014,MN,111 EAST 48 STREET,10017,H1,5,1926,14.0000000,0,8,41170,443607,110645550.00000,METROPOLITAN TRANSPORTATION AUTHORITY,40.7557448,-73.9734921
1011137502,MN,1 CENTRAL PARK WEST,10023,RM,4,1960,44.0000000,156,342,31349,521228,110473190.00000,BOARD OF MANAGERS OF TIHT CONDOMINIUM,40.7691078,-73.9816205
1012347503,MN,2360 BROADWAY,10024,RM,4,1920,12.0000000,209,213,67675,564595,110189933.00000,UNAVAILABLE OWNER,40.7883362,-73.9754436
1012900021,MN,535 MADISON AVENUE,10022,O4,5,1981,36.0000000,0,27,16960,444293,110161800.00000,MADISON TOWER ASSOCIATES LP,40.7604300,-73.9732772
1013307502,MN,252 EAST 57 STREET,10022,RM,4,2014,57.0000000,270,276,22543,469540,109511555.00000,UNAVAILABLE OWNER,40.7590804,-73.9658780
1014030001,MN,681 PARK AVENUE,10065,W5,8,1913,16.0000000,0,4,81336,723300,109191600.00000,DORMITORY AUTHORITY OF THE STATE OF NEW YORK,40.7684945,-73.9646096
1000860001,MN,90 CHURCH STREET,10007,O7,5,1935,15.0000000,0,4,75460,1154357,109170000.00000,UNITED STATES POSTAL SERVICE,40.7127343,-74.0106411
1001760018,MN,40 LEONARD STREET,10013,W8,8,2006,9.0000000,0,1,24079,235000,108711000.00000,NEW YORK LAW SCHOOL,40.7178206,-74.0067531
1009367501,MN,333 EAST 30 STREET,10016,RM,4,1962,21.0000000,1118,1120,328454,869426,108692873.00000,THE KIPS BAY TOWERS CONDOMINIUM,40.7426720,-73.9757058
1010090005,MN,152 WEST 57 STREET,10019,O4,5,1988,61.0000000,0,103,12552,542584,108663750.00000,NYC DEPARTMENT OF CITYWIDE ADMINISTRATIVE SERVICES,40.7648421,-73.9796362
1010210026,MN,750 7 AVENUE,10019,O4,5,1988,34.0000000,0,7,22015,561139,108326250.00000,750 SEVENTH AVE NY LLC,40.7608848,-73.9839114
1010107507,MN,111 WEST 57 STREET,10019,RM,4,1924,82.0000000,60,62,20621,303327,108305104.00000,111 WEST 57TH PROPERTY OWNER LLC,40.7649515,-73.9775713
1001280002,MN,101 BARCLAY STREET,10007,O4,5,1983,26.0000000,0,4,103043,1133549,108099450.00000,THE BANK OF NEW YORK MELLON,40.7145100,-74.0122357
1008150026,MN,1045 AVENUE OF THE AMER,10018,O4,5,2015,29.0000000,0,4,19207,404413,107542350.00000,"PACOLET 7BP, LLC",40.7533754,-73.9855843
1001540001,MN,290 BROADWAY,10007,O4,5,1994,32.0000000,0,1,43569,1000000,107504550.00000,GENERAL SERVICE ADMINISTRATION,40.7147191,-74.0049924
1001670001,MN,145-125 WHITE STREET,10013,Z1,8,1939,24.0000000,0,2,173338,1106962,106788600.00000,NYC DEPARTMENT OF CITYWIDE ADMINISTRATIVE SERVICES,40.7163579,-74.0006024
1015410021,MN,1849 2 AVENUE,10128,D6,4,1986,35.0000000,1092,1097,92927,968264,106697250.00000,MF ASSOCIATES OF NEW YORK LLC,40.7842595,-73.9482505
1013170001,MN,685 3 AVENUE,10017,O4,5,1960,27.0000000,0,57,31129,559755,106557300.00000,685 THIRD AVENUE GROUND OWNER LLC,40.7515809,-73.9733313
1008357501,MN,50 WEST 34TH STREET,10001,RM,4,1912,26.0000000,690,691,36025,841835,106419150.00000,HERALD TOWERS,40.7492448,-73.9875377
1012840007,MN,7 EAST 48 STREET,10017,O4,5,1984,45.0000000,0,38,25005,656428,106338600.00000,KATO KAGAKU CO LTC,40.7572304,-73.9770216
1010327501,MN,350 WEST 42 STREET,10036,RM,4,2004,60.0000000,551,555,16590,508695,106187831.00000,UNAVAILABLE OWNER,40.7578720,-73.9922719
1009990019,MN,114 WEST 47 STREET,10036,O4,5,1987,25.0000000,0,40,26100,646995,106146450.00000,DOLP 114 PROPERTIES III LLC,40.7581400,-73.9830385
1012840033,MN,280 PARK AVENUE,10017,O4,5,1962,28.0000000,0,35,24775,386166,105916050.00000,BROADWAY 280 PARK FEE LLC,40.7564176,-73.9750944
1014030033,MN,150 EAST 69TH STREET,10065,D4,3,1959,28.0000000,378,391,84015,914921,105674850.00000,69TH TENANTS CORP,40.7678407,-73.9630612
1007217501,MN,465 WEST 23 STREET,10011,RM,4,1932,19.0000000,2,31,49375,668258,105464700.00000,LONDON TERRACE TOWERS CONDOMINIUM,40.7478923,-74.0035621
1010407501,MN,350 WEST 50 STREET,10019,RM,4,1989,39.0000000,654,707,67696,624065,105447533.00000,WORLD WIDE PLAZA CONDOMINIUM,40.7628808,-73.9884918
1006040033,MN,154 CHRISTOPHER STREET,10014,D6,4,1899,11.0000000,479,498,54020,553000,105423750.00000,NYC DEPARTMENT OF CITYWIDE ADMINISTRATIVE SERVICES,40.7322579,-74.0081834
1013940023,MN,743 LEXINGTON AVENUE,10022,K3,5,1868,12.0000000,0,1,84350,838890,105250050.00000,B BROS REALTY LIMITED PARTNERSHIP,40.7622043,-73.9671687
1014809001,MN,FDR DRIVE,,I1,8,1995,12.0000000,0,1,41670,531561,105221700.00000,SOCIETY OF THE NY HOSPITAL,,
1013077501,MN,866 3 AVENUE,10022,RC,5,1966,30.0000000,0,4,25100,373078,105039000.00000,866 THIRD AVENUE CONDO,40.7575582,-73.9699612
1013067501,MN,575 LEXINGTON AVE,10022,RC,5,1958,34.0000000,0,19,32625,659644,104906699.00000,"575 LEX PROPERTY OWNER, L.L.C.",40.7571907,-73.9712716
1000800001,MN,195 BROADWAY,10007,O4,5,1916,29.0000000,0,64,36775,1094861,104414400.00000,195 BROADWAY GROUND OWNER LLC,40.7108515,-74.0097643
1011157503,MN,30 WEST 63 STREET,10023,RM,4,1979,33.0000000,454,463,38149,586010,104403770.00000,30 LINCOLN PLAZA CONDOMINIUM,40.7707683,-73.9815731
1012710038,MN,712 5 AVENUE,10019,O4,5,1988,50.0000000,0,73,17559,543411,104249250.00000,712 FIFTH AVENUE OWNER LP,40.7622941,-73.9751030
1011157501,MN,25 CENTRAL PARK WEST,10023,RM,4,1931,33.0000000,418,434,50208,556414,103971072.00000,CENTURY CONDOMINIUM,40.7704416,-73.9808764
1003560001,MN,10 AVENUE D,10009,D3,3,1950,14.0000000,1861,1861,693945,1658649,103814100.00000,NYC HOUSING AUTHORITY,40.7206894,-73.9763884
1008067502,MN,855 AVENUE OF THE AMER,10001,RM,4,2014,41.0000000,382,384,39700,417562,103600800.00000,UNAVAILABLE OWNER,40.7477931,-73.9898550
1010750001,MN,636 11 AVENUE,10036,O3,5,1917,11.0000000,0,23,65270,530130,103540050.00000,"PLAZA WEST ASSOCIATES, LLC",40.7633946,-73.9955635
1008387501,MN,400 5 AVENUE,10018,RM,4,2010,58.0000000,163,168,16350,316572,102998260.00000,UNAVAILABLE OWNER,40.7500980,-73.9838129
1011407501,MN,2001 BROADWAY,10023,RM,4,1965,34.0000000,681,697,65127,617104,102967706.00000,DORCHESTER TOWER CONDOMLINILUM,40.7761262,-73.9827739
1008570024,MN,63 MADISON AVENUE,10016,O6,5,1962,15.0000000,0,2,54341,702793,102842550.00000,63 MADISON OWNER LLC,40.7434669,-73.9853699
1001237501,MN,233 BROADWAY,10007,RM,4,1913,60.5000000,31,91,29411,880371,102789175.00000,UNAVAILABLE OWNER,40.7124573,-74.0083289
1000290001,MN,85 BROAD STREET,10004,O4,5,1983,31.0000000,0,39,42762,1007569,102431250.00000,85 BROAD STREET PROPERTY OWNER LLC,40.7039922,-74.0110544
1011717509,MN,50 RIVERSIDE BOULEVARD,10069,RM,4,2013,33.0000000,274,278,44767,541114,102399005.00000,UNAVAILABLE OWNER,40.7739918,-73.9912844
1007327501,MN,441 NINTH AVENUE,10001,RB,5,1962,26.0000000,0,2,39779,512974,102324600.00000,"CBP 441 NINTH AVENUE OWNER, LLC",40.7539335,-73.9965133
1011717507,MN,80 RIVERSIDE BOULEVARD,10069,RM,4,2006,43.0000000,267,270,42914,520558,102158444.00000,UNAVAILABLE OWNER,40.7750511,-73.9899483
1013320001,MN,979 3 AVENUE,10022,O6,5,1963,17.0000000,0,200,34495,579779,102002400.00000,D&D BUILDING COMPANY LLC,40.7609524,-73.9662633
1006870029,MN,85 10 AVENUE,10011,O6,5,1914,11.0000000,0,19,45950,553472,101765700.00000,"85 TENTH AVENUE ASSOCIATES, L.L.C.",40.7433852,-74.0079827
1010097501,MN,146 WEST 57 STREET,10019,RM,4,1986,78.0000000,240,241,18577,531657,101709462.00000,METROPOLITAN TOWER CONDOMINIUM,40.7647185,-73.9792897
1012627502,MN,44 WEST 47 STREET,10036,RC,5,2009,36.0000000,0,110,24000,487351,101702406.00000,UNAVAILABLE OWNER,40.7571845,-73.9808261
1009950001,MN,1475 BROADWAY,10036,K2,5,1908,22.0000000,0,2,3475,150125,101629350.00000,"JAMESTOWN OTS, L.P.",40.7561972,-73.9865330
1012920069,MN,731 5 AVENUE,10022,K4,4,1940,10.0000000,0,1,10677,107086,101368350.00000,"TIFFANY AND COMPANY U.S. SALES, LLC",40.7626012,-73.9737817
1013757502,MN,660 MADISON AVENUE,10022,RC,5,1958,22.0000000,0,2,27690,465364,100917450.00000,AGT GROUP INC,40.7647250,-73.9711528
1001560050,MN,306 BROADWAY,10278,O4,5,1977,41.0000000,0,41,71586,905500,100519200.00000,US GENERAL SERVICES ADMINISTRATIONN,40.7155645,-74.0045885
1008520001,MN,2 MADISON AVENUE,10010,Q1,9,1906,1.0000000,0,2,305000,3800,100252800.00000,NYC DEPARTMENT OF PARKS AND RECREATION,40.7422458,-73.9879793
1008360026,MN,7 WEST 34 STREET,10001,O6,5,1910,12.0000000,0,81,34098,431082,100202850.00000,VORNADO AIR RIGHTS LLC,40.7491979,-73.9852026
1011317502,MN,124 WEST 60 STREET,10023,RM,4,1986,51.0000000,498,509,22038,566036,100179159.00000,UNAVAILABLE OWNER,40.7700965,-73.9858587
1011387502,MN,1965 BROADWAY,10023,RM,4,1997,32.0000000,205,295,27704,436485,100089303.00000,GRAND MILLENIUM CONDOMINIUM,40.7745041,-73.9827058
1007747501,MN,252 7 AVENUE,10001,RM,4,1910,19.0000000,352,357,49375,623668,99656998.00000,UNAVAILABLE OWNER,40.7453094,-73.9954853
1011710063,MN,75 WEST END AVENUE,10023,D8,3,1994,37.0000000,973,982,75484,978985,99417150.00000,BRODCOM WEST DEVELOPMENT COMPANY LLC,40.7737913,-73.9894033
1010200046,MN,1601 BROADWAY,10019,H1,5,1987,46.0000000,0,10,35275,843131,99318600.00000,EGL 1605 OWNER LLC,40.7606188,-73.9850774
1000670001,MN,59 MAIDEN LANE,10038,O4,5,1965,44.0000000,0,57,59391,1073000,99049050.00000,59 MAIDEN LANE ASSOC LLC,40.7086585,-74.0079821
1009290001,MN,401 1 AVENUE,10010,D4,3,1970,27.0000000,510,522,104861,927591,98650350.00000,EAST MIDTOWN PLAZA,40.7377487,-73.9795543
1012890003,MN,677 5 AVENUE,10022,K4,4,1921,7.0000000,0,1,5000,31250,98608050.00000,677 FIFTH AVENUE CORP,40.7605375,-73.9753419
1000747501,MN,199 WATER STREET,10038,RC,5,1993,35.0000000,0,36,41656,744146,98507750.00000,UNAVAILABLE OWNER,40.7068609,-74.0043715
1000240001,MN,60 BROAD STREET,10004,O4,5,1961,38.0000000,0,0,44757,974958,97942950.00000,"PIEDMONT 60 BROAD STREET, LLC",40.7053123,-74.0119996
1001190001,MN,1 POLICE PLAZA,10007,O6,5,1973,16.0000000,0,1,152553,1000518,97920900.00000,NYC POLICE DEPARTMENT,40.7122105,-74.0017963
1014620005,MN,1275 YORK AVENUE,10065,I1,8,1940,19.0000000,0,1,103027,538454,97804800.00000,MEMORIAL SLOAN-KETTERING,40.7643747,-73.9567999
1011717502,MN,220 RIVERSIDE BOULEVARD,10069,RM,4,2000,48.0000000,410,617,47573,634695,97722134.00000,UNAVAILABLE OWNER,40.7797499,-73.9872756
1006007501,MN,395 HUDSON STREET,10014,RC,5,1921,9.0000000,0,2,66355,579930,97591152.00000,UNAVAILABLE OWNER,40.7292031,-74.0077753
1019890001,MN,3009 BROADWAY,10027,W6,8,1901,14.0000000,0,1,151100,698122,96471000.00000,BARNARD COLLEGE,40.8092699,-73.9637029
1011717501,MN,200 RIVERSIDE BOULEVARD,10069,RM,4,1997,46.0000000,357,361,38278,544338,96366228.00000,UNAVAILABLE OWNER,40.7789896,-73.9876621
1010890001,MN,1 RIVER PLACE,10036,D8,3,1999,40.0000000,921,927,101043,887879,96359400.00000,RIVER PLACE I LLC,40.7612702,-74.0004657
1018527501,MN,808 COLUMBUS AVENUE,10025,RM,4,2007,29.0000000,359,371,113410,588459,96282866.00000,808 COLUMBUS CONDOMINIUMS,40.7947101,-73.9667518
1012917502,MN,555 MADISON AVE,10022,RC,5,1962,33.0000000,0,9,20425,324678,96075897.00000,RODNEY CORPORATION,40.7611792,-73.9726813
1007570054,MN,330 WEST 34 STREET,10001,O6,5,1926,18.0000000,0,28,46412,646464,95273100.00000,330 WEST 34TH OWNER LLC,40.7525968,-73.9955064
1009310024,MN,339 EAST 25 STREET,10010,W6,8,1921,6.0000000,0,3,24688,198380,95247450.00000,NEW YORK UNIVERSITY,40.7386294,-73.9777281
1008800024,MN,49 LEXINGTON AVENUE,10010,W5,8,2001,14.0000000,0,1,59843,785000,95233950.00000,DORMITORY AUTHORITY OF THE STATE OF NEW YORK,40.7402086,-73.9833967
1010240038,MN,1680 BROADWAY,10019,O4,5,1969,41.0000000,0,82,26525,701095,95159250.00000,SLG 810 SEVENTH LESSEE LLC,40.7629130,-73.9825247
1018190203,MN,RANDALLS ISLAND,10035,Q1,9,0,,0,0,9020800,0,95024700.00000,NYC DEPARTMENT OF PARKS AND RECREATION,40.7955229,-73.9220647
1001210001,MN,1 CENTRE STREET,10007,O4,5,1914,39.0000000,0,1,50184,1056600,94114800.00000,NYC DEPARTMENT OF CITYWIDE ADMINISTRATIVE SERVICES,40.7129735,-74.0036757
1016070005,MN,1470 MADISON AVENUE,10029,W6,8,2012,11.0000000,0,1,37415,422000,93991500.00000,MOUNT SINAI SCHOOL OF MEDICINE OF NEW YO RK,40.7908787,-73.9520590
1009140036,MN,222 EAST 34 STREET,10016,D8,3,2002,21.0000000,480,487,35396,541505,93918600.00000,ROSEBUD OWNER LLC,40.7449422,-73.9769970
1012827501,MN,575 5 AVENUE,10017,RC,5,1962,35.0000000,0,4,20084,411780,93381300.00000,UNAVAILABLE OWNER,40.7562673,-73.9782419
1012937501,MN,53 EAST 57 STREET,10022,RC,5,1992,52.0000000,0,3,26519,532225,93349350.00000,HOTEL 57 III HOLDINGS UNIT INC,40.7623206,-73.9712766
1013757504,MN,520 PARK AVENUE,10022,R4,3,2015,51.0000000,43,43,6024,186643,93337200.00000,520 PARK AVE CONDO,40.7640550,-73.9700052
1021400002,MN,12 AVENUE,10032,Q0,9,0,,0,0,1007100,0,93206700.00000,NYC DEPARTMENT OF PARKS AND RECREATION,40.8481996,-73.9462345
1008180051,MN,114 5 AVENUE,10011,O6,5,1909,18.0000000,0,22,16144,351552,93123900.00000,"114 FIFTH AVENUE ASSOCIATES, LLC",40.7379204,-73.9927830
1010287501,MN,235 WEST 56 STREET,10019,RM,4,1987,45.0000000,482,483,34221,729506,92904300.00000,BROADWAY 56TH STREET ASSOCIA,40.7659734,-73.9825528
1007210007,MN,415 WEST 23 STREET,10011,D9,3,1934,17.0000000,901,964,108625,975170,92888100.00000,LONDON TERRACE GARDENS,40.7474422,-74.0024938
