document_id,bbl,property_type,street_number,street_name,unit
2026030200174005,2059330225,CR,5921,PALISADE AVENUE,
2026031100344013,3024141401,OT,280,KENT AVENUE,NRU
2026030200423005,3043930001,AP,180,WORTMAN AVENUE,
2026030200423005,3043690011,OT,520,STANLEY AVENUE,
2026030200423005,3043690001,AP,875,PENNSYLVANIA AVENUE,
2026030200423005,3043750050,OT,696,STANLEY AVENUE,
2026030200423005,3043970001,AP,270,WORTMAN AVENUE,
2026030200423005,3043710001,AP,570,STANLEY AVENUE,
2026030200174005,2059330055,RS,5801,PALISADE AVENUE,
2026030200174005,2059330210,CR,5931,PALISADE AVENUE,
2026020500896002,1013131001,CC,151,EAST 58TH STREET,RETL1
2026021100436002,1010040020,OF,787,7 AVENUE,
2026020500950001,1015631002,CC,400,EAST 84TH STREET,B
2026020500896002,1013131209,OT,151,EAST 58TH STREET,RETL2
2025122800004069,3083290225,AP,9910,SEAVIEW AVENUE,
2026011500410001,4115430002,CR,110-10,ROCKAWAY BOULEVARD,
2026010900967001,4050661201,OT,40-22,COLLEGE POINT BLVD,B
2026010900967001,4050661205,OT,131-07,40 ROAD,A
2025123001296001,1004980009,CR,557,BROADWAY,
2025123001296001,1004980011,CR,549,BROADWAY,
2025122800004066,3083290225,AP,9910,SEAVIEW AVENUE,
2025121800945002,1012911301,CC,717,5 AVENUE,RETL
2025122600501001,1008060076,CR,371,7 AVENUE,
2025122600501001,1008060069,CR,148,WEST 31 STREET,
2025121800945002,1012911302,CC,717,5 AVENUE,4-OFF
2025120900893003,1012990027,OF,147,EAST 44 STREET,
2025100700393003,1014831301,CC,1334,YORK AVENUE,1
2025102700710003,1012681102,CR,660,FIFTH AVENUE,OU1
2025102700710003,1012681105,CR,660,FIFTH AVENUE,OU2
2025101000119001,1009980029,CR,1177,AVENUE OF THE AMER,
2025100700393003,1014831304,CC,1334,YORK AVENUE,4
2025100700393003,1014831303,CC,1334,YORK AVENUE,3
2025100700393003,1014831403,CC,1334,YORK AVENUE,LH3
2025100700393003,1014831401,CC,1334,YORK AVENUE,LH1
2025100700393003,1014831306,CC,1334,YORK AVENUE,10
2025100700393003,1014831404,CC,1334,YORK AVENUE,LH4
2025100700393003,1014831405,CC,1334,YORK AVENUE,LH5
2025100700393003,1014831305,CC,1334,YORK AVENUE,DEM
2025100700393003,1014831302,OT,1334,YORK AVENUE,2
2025100700393003,1014831402,CC,1334,YORK AVENUE,LH2
2025093001029005,3030270001,AP,226,HUMBOLDT STREET,
2025093001029005,3030240001,AP,142,LEONARD STREET,
2025093001029005,3030250046,CR,229,GRAHAM AVENUE,
2025093001029005,3030260001,CR,202,GRAHAM AVENUE,
2025093001029005,3030250070,CR,195,GRAHAM AVENUE,
2025091800528004,1008541024,CC,11,MADISON AVENUE,16-01
2025091800528004,1008541021,CC,11,MADISON AVENUE,13-01
2025091800528004,1008541026,CC,11,MADISON AVENUE,18-01
2025091800528004,1008541004,CC,11,MADISON AVENUE,1R2
2025091800528004,1008541025,CC,11,MADISON AVENUE,17-01
2025091800528004,1008541023,CC,11,MADISON AVENUE,15-01
2025091800528004,1008541020,CC,11,MADISON AVENUE,12-01
2025091800528004,1008541013,CC,11,MADISON AVENUE,5-01
2025091800528004,1008541012,CC,11,MADISON AVENUE,4-01
2025091800528004,1008541008,CC,11,MADISON AVENUE,101
2025091800528004,1008541036,CC,11,MADISON AVENUE,28-01
2025091800528004,1008541027,CC,11,MADISON AVENUE,19-01
2025091800528004,1008541030,CC,11,MADISON AVENUE,22-01
2025091800528004,1008541018,CC,11,MADISON AVENUE,10-01
2025091800528004,1008541009,CC,11,MADISON AVENUE,102
2025091800528004,1008541001,CC,11,MADISON AVENUE,B2-01
2025091800528004,1008541028,CC,11,MADISON AVENUE,20-01
2025091800528004,1008541011,CC,11,MADISON AVENUE,3-01
2025091800528004,1008541010,CC,11,MADISON AVENUE,2-01
2025091800528004,1008541006,CC,11,MADISON AVENUE,1R4
2025091800528004,1008541019,CC,11,MADISON AVENUE,11-01
2025091800528004,1008541003,CC,11,MADISON AVENUE,1R1
2025091800528004,1008541014,CC,11,MADISON AVENUE,6-01
2025091800528004,1008541022,CC,11,MADISON AVENUE,14-01
2025091800528004,1008541005,CC,11,MADISON AVENUE,1R3
2025091800528004,1008541033,CC,11,MADISON AVENUE,25-01
2025091800528004,1008541032,CC,11,MADISON AVENUE,24-01
2025091800528004,1008541015,CC,11,MADISON AVENUE,7-01
2025091800528004,1008541015,CC,11,MADISON AVENUE,7-01
2025091800528004,1008541029,CC,11,MADISON AVENUE,21-01
2025091800528004,1008541017,CC,11,MADISON AVENUE,9-01
2025091800528004,1008541002,CC,11,MADISON AVENUE,B1-01
2025091800528004,1008541031,CC,11,MADISON AVENUE,23-01
2025091800528004,1008541007,CC,11,MADISON AVENUE,1R5
2025091800528004,1008541034,CC,11,MADISON AVENUE,26-01
2024073100070003,1006891123,SC,500,WEST 18TH STREET,W26D
2024073100070003,1006891168,SC,500,WEST 18TH STREET,E14C
2024073100070003,1006891108,SC,500,WEST 18TH STREET,W23A
2024073100070003,1006891182,SC,500,WEST 18TH STREET,E16C
2024073100070003,1006891062,SC,500,WEST 18TH STREET,W15A
2024073100070003,1006891028,SC,500,WEST 18TH STREET,W8F
2024073100070003,1006891001,TS,500,WEST 18TH STREET,HOTL
2024073100070003,1006891081,SC,500,WEST 18TH STREET,W18B
2024073100070003,1006891024,SC,500,WEST 18TH STREET,W8B
2024073100070003,1006891183,SC,500,WEST 18TH STREET,E16D
2024073100070003,1006891050,SC,500,WEST 18TH STREET,W12A
2024073100070003,1006891008,SC,500,WEST 18TH STREET,W5E
2024073100070003,1006891194,SC,500,WEST 18TH STREET,E18A
2024073100070003,1006891074,SC,500,WEST 18TH STREET,W17A
2024073100070003,1006891058,SC,500,WEST 18TH STREET,W14C
2024073100070003,1006891055,SC,500,WEST 18TH STREET,W12F
2024073100070003,1006891015,SC,500,WEST 18TH STREET,W6F
2024073100070003,1006891149,SC,500,WEST 18TH STREET,PH34B
2024073100070003,1006891011,SC,500,WEST 18TH STREET,W6B
2024073100070003,1006891093,SC,500,WEST 18TH STREET,W20B
2024073100070003,1006891212,SC,500,WEST 18TH STREET,E20E
2024073100070003,1006891184,SC,500,WEST 18TH STREET,E16E
2024073100070003,1006891090,SC,500,WEST 18TH STREET,W19E
2024073100070003,1006891005,SC,500,WEST 18TH STREET,W5B
2024073100070003,1006891172,SC,500,WEST 18TH STREET,E14G
2024073100070003,1006891224,SC,500,WEST 18TH STREET,E22C
2024073100070003,1006891136,SC,500,WEST 18TH STREET,W30A
2024073100070003,1006891122,SC,500,WEST 18TH STREET,W26C
2024073100070003,1006891213,SC,500,WEST 18TH STREET,E20F
2024073100070003,1006891022,SC,500,WEST 18TH STREET,W7G
2024073100070003,1006891128,SC,500,WEST 18TH STREET,W28AD
2024073100070003,1006891218,SC,500,WEST 18TH STREET,E21D
2024073100070003,1006891214,SC,500,WEST 18TH STREET,E20G
2024073100070003,1006891169,SC,500,WEST 18TH STREET,E14D
2024073100070003,1006891089,SC,500,WEST 18TH STREET,W19D
2024073100070003,1006891034,SC,500,WEST 18TH STREET,W9E
2024073100070003,1006891059,SC,500,WEST 18TH STREET,W14D
2024073100070003,1006891234,SC,500,WEST 18TH STREET,E24C
2024073100070003,1006891065,SC,500,WEST 18TH STREET,W15D
2024073100070003,1006891037,SC,500,WEST 18TH STREET,W10A
2024073100070003,1006891166,SC,500,WEST 18TH STREET,E14A
2024073100070003,1006891053,SC,500,WEST 18TH STREET,W12D
2024073100070003,1006891023,SC,500,WEST 18TH STREET,W8A
2024073100070003,1006891125,SC,500,WEST 18TH STREET,W27B
2024073100070003,1006891216,SC,500,WEST 18TH STREET,E21B
2024073100070003,1006891094,SC,500,WEST 18TH STREET,W20C
2024073100070003,1006891086,SC,500,WEST 18TH STREET,W19A
2024073100070003,1006891060,SC,500,WEST 18TH STREET,W14E
2024073100070003,1006891082,SC,500,WEST 18TH STREET,W18C
2024073100070003,1006891004,SC,500,WEST 18TH STREET,W5A
2024073100070003,1006891046,SC,500,WEST 18TH STREET,W11C
2024073100070003,1006891226,SC,500,WEST 18TH STREET,E22E
2024073100070003,1000000000,SC,,,
2024073100070003,1006891144,SC,500,WEST 18TH STREET,PH32A
2024073100070003,1006891201,SC,500,WEST 18TH STREET,E19A
2024073100070003,1006891146,SC,500,WEST 18TH STREET,PH33A
2024073100070003,1006891035,SC,500,WEST 18TH STREET,W9F
2024073100070003,1006891019,SC,500,WEST 18TH STREET,W7D
2024073100070003,1006891164,SC,500,WEST 18TH STREET,E12E
2024073100070003,1006891150,SC,500,WEST 18TH STREET,PH35A
2024073100070003,1006891191,SC,500,WEST 18TH STREET,E17E
2024073100070003,1006891112,SC,500,WEST 18TH STREET,W24A
2024073100070003,1006891031,SC,500,WEST 18TH STREET,W9B
2024073100070003,1006891134,SC,500,WEST 18TH STREET,W29C
2024073100070003,1006891021,SC,500,WEST 18TH STREET,W7F
2024073100070003,1006891047,SC,500,WEST 18TH STREET,W11D
2024073100070003,1006891044,SC,500,WEST 18TH STREET,W11A
2024073100070003,1006891067,SC,500,WEST 18TH STREET,W15F
2024073100070003,1006891196,SC,500,WEST 18TH STREET,E18C
2024073100070003,1006891192,SC,500,WEST 18TH STREET,E17F
2024073100070003,1006891127,SC,500,WEST 18TH STREET,W27D
2024073100070003,1006891152,SC,500,WEST 18TH STREET,PH36
2024073100070003,1006891042,SC,500,WEST 18TH STREET,W10F
2024073100070003,1006891043,SC,500,WEST 18TH STREET,W10G
2024073100070003,1006891071,SC,500,WEST 18TH STREET,W16D
2024073100070003,1006891206,SC,500,WEST 18TH STREET,E19F
2024073100070003,1006891102,SC,500,WEST 18TH STREET,W21E
2024073100070003,1006891142,SC,500,WEST 18TH STREET,W31C
2024073100070003,1006891221,SC,500,WEST 18TH STREET,E21G
2024073100070003,1006891107,SC,500,WEST 18TH STREET,W22D
2024073100070003,1006891202,SC,500,WEST 18TH STREET,E19B
2024073100070003,1006891228,SC,500,WEST 18TH STREET,E23B
2024073100070003,1006891070,SC,500,WEST 18TH STREET,W16C
2024073100070003,1006891143,SC,500,WEST 18TH STREET,W31D
2024073100070003,1006891111,SC,500,WEST 18TH STREET,W23D
2024073100070003,1006891197,SC,500,WEST 18TH STREET,E18D
2024073100070003,1006891103,SC,500,WEST 18TH STREET,W21F
2024073100070003,1006891017,SC,500,WEST 18TH STREET,W7B
2024073100070003,1006891211,SC,500,WEST 18TH STREET,E20D
2024073100070003,1006891174,SC,500,WEST 18TH STREET,E15B
2024073100070003,1006891079,SC,500,WEST 18TH STREET,W17F
2024073100070003,1006891165,SC,500,WEST 18TH STREET,E12F
2024073100070003,1006891095,SC,500,WEST 18TH STREET,W20D
2024073100070003,1006891119,SC,500,WEST 18TH STREET,W25D
2024073100070003,1006891223,SC,500,WEST 18TH STREET,E22B
2024073100070003,1006891198,SC,500,WEST 18TH STREET,E18E
2024073100070003,1006891159,SC,500,WEST 18TH STREET,E11G
2024073100070003,1006891186,SC,500,WEST 18TH STREET,E16G
2024073100070003,1006891002,OT,500,WEST 18TH STREET,RET
2024073100070003,1006891100,SC,500,WEST 18TH STREET,W21C
2024073100070003,1006891006,SC,500,WEST 18TH STREET,W5C
2024073100070003,1006891092,SC,500,WEST 18TH STREET,W20A
2024073100070003,1006891126,SC,500,WEST 18TH STREET,W27C
2024073100070003,1006891026,SC,500,WEST 18TH STREET,W8D
2024073100070003,1006891219,SC,500,WEST 18TH STREET,E21E
2024073100070003,1006891210,SC,500,WEST 18TH STREET,E20C
2024073100070003,1006891041,SC,500,WEST 18TH STREET,W10E
2024073100070003,1006891109,SC,500,WEST 18TH STREET,W23B
2024073100070003,1006891139,SC,500,WEST 18TH STREET,W30D
2024073100070003,1006891061,SC,500,WEST 18TH STREET,W14F
2024073100070003,1006891138,SC,500,WEST 18TH STREET,W30C
2024073100070003,1006891052,SC,500,WEST 18TH STREET,W12C
2024073100070003,1006891057,SC,500,WEST 18TH STREET,W14B
2024073100070003,1006891038,SC,500,WEST 18TH STREET,W10B
2024073100070003,1006891091,SC,500,WEST 18TH STREET,W19F
2024073100070003,1006891207,SC,500,WEST 18TH STREET,E19G
2024073100070003,1006891204,SC,500,WEST 18TH STREET,E19D
2024073100070003,1006891073,SC,500,WEST 18TH STREET,W16F
2024073100070003,1006891236,SC,500,WEST 18TH STREET,E24E
2024073100070003,1006891157,SC,500,WEST 18TH STREET,E11E
2024073100070003,1006891027,SC,500,WEST 18TH STREET,W8E
2024073100070003,1006891039,SC,500,WEST 18TH STREET,W10C
2024073100070003,1006891222,SC,500,WEST 18TH STREET,E22A
2024073100070003,1006891087,SC,500,WEST 18TH STREET,W19B
2024073100070003,1006891049,SC,500,WEST 18TH STREET,W11F
2024073100070003,1006891188,SC,500,WEST 18TH STREET,E17B
2024073100070003,1006891078,SC,500,WEST 18TH STREET,W17E
2024073100070003,1006891063,SC,500,WEST 18TH STREET,W15B
2024073100070003,1006891075,SC,500,WEST 18TH STREET,W17B
2024073100070003,1006891088,SC,500,WEST 18TH STREET,W19C
2024073100070003,1006891056,SC,500,WEST 18TH STREET,W14A
2024073100070003,1006891147,SC,500,WEST 18TH STREET,PH33B
2024073100070003,1006891156,SC,500,WEST 18TH STREET,E11D
2024073100070003,1006891199,SC,500,WEST 18TH STREET,E18F
2024073100070003,1006891171,SC,500,WEST 18TH STREET,E14F
2024073100070003,1006891077,SC,500,WEST 18TH STREET,W17D
2024073100070003,1006891179,SC,500,WEST 18TH STREET,E15G
2024073100070003,1006891148,SC,500,WEST 18TH STREET,PH34A
2024073100070003,1006891175,SC,500,WEST 18TH STREET,E15C
2024073100070003,1006891185,SC,500,WEST 18TH STREET,E16F
2024073100070003,1006891225,SC,500,WEST 18TH STREET,E22D
2024073100070003,1006891215,SC,500,WEST 18TH STREET,E21A
2024073100070003,1006891085,SC,500,WEST 18TH STREET,W18F
2024073100070003,1006891013,SC,500,WEST 18TH STREET,W6D
2024073100070003,1006891151,SC,500,WEST 18TH STREET,PH35B
2024073100070003,1000000000,SC,0,0,0
2024073100070003,1006891010,SC,500,WEST 18TH STREET,W6A
2024073100070003,1006891014,SC,500,WEST 18TH STREET,W6E
2024073100070003,1006891205,SC,500,WEST 18TH STREET,E19E
2024073100070003,1006891132,SC,500,WEST 18TH STREET,W29A
2024073100070003,1006891180,SC,500,WEST 18TH STREET,E16A
2024073100070003,1006891235,SC,500,WEST 18TH STREET,E24D
2024073100070003,1006891141,SC,500,WEST 18TH STREET,W31B
2024073100070003,1006891045,SC,500,WEST 18TH STREET,W11B
2024073100070003,1006891121,SC,500,WEST 18TH STREET,W26B
2024073100070003,1006891068,SC,500,WEST 18TH STREET,W16A
2024073100070003,1006891096,SC,500,WEST 18TH STREET,W20E
2024073100070003,1006891193,SC,500,WEST 18TH STREET,E17G
2024073100070003,1006891116,SC,500,WEST 18TH STREET,W25A
2024073100070003,1006891099,SC,500,WEST 18TH STREET,W21B
2024073100070003,1006891177,SC,500,WEST 18TH STREET,E15E
2024073100070003,1006891076,SC,500,WEST 18TH STREET,W17C
2024073100070003,1006891137,SC,500,WEST 18TH STREET,W30B
2024073100070003,1006891176,SC,500,WEST 18TH STREET,E15D
2024073100070003,1006891113,SC,500,WEST 18TH STREET,W24B
2024073100070003,1006891135,SC,500,WEST 18TH STREET,W29D
2024073100070003,1006891217,SC,500,WEST 18TH STREET,E21C
2024073100070003,1006891233,SC,500,WEST 18TH STREET,E24B
2024073100070003,1006891173,SC,500,WEST 18TH STREET,E15A
2024073100070003,1006891195,SC,500,WEST 18TH STREET,E18B
2024073100070003,1006891072,SC,500,WEST 18TH STREET,W16E
2024073100070003,1006891036,SC,500,WEST 18TH STREET,W9G
2024073100070003,1006891155,SC,500,WEST 18TH STREET,E11C
2024073100070003,1006891066,SC,500,WEST 18TH STREET,W15E
2024073100070003,1006891051,SC,500,WEST 18TH STREET,W12B
2024073100070003,1006891189,SC,500,WEST 18TH STREET,E17C
2024073100070003,1006891232,SC,500,WEST 18TH STREET,E24A
2024073100070003,1006891130,SC,500,WEST 18TH STREET,W28C
2024073100070003,1006891003,CC,500,WEST 18TH STREET,COMM
2024073100070003,1006891054,SC,500,WEST 18TH STREET,W12E
2024073100070003,1006891120,SC,500,WEST 18TH STREET,W26A
2024073100070003,1006891167,SC,500,WEST 18TH STREET,E14B
2024073100070003,1006891209,SC,500,WEST 18TH STREET,E20B
2024073100070003,1006891101,SC,500,WEST 18TH STREET,W21D
2024073100070003,1006891110,SC,500,WEST 18TH STREET,W23C
2024073100070003,1006891161,SC,500,WEST 18TH STREET,E12B
2024073100070003,1006891069,SC,500,WEST 18TH STREET,W16B
2024073100070003,1006891098,SC,500,WEST 18TH STREET,W21A
2024073100070003,1006891154,SC,500,WEST 18TH STREET,E11B
2024073100070003,1006891158,SC,500,WEST 18TH STREET,E11F
2024073100070003,1006891133,SC,500,WEST 18TH STREET,W29B
2024073100070003,1006891229,SC,500,WEST 18TH STREET,E23C
2024073100070003,1006891170,SC,500,WEST 18TH STREET,E14E
2024073100070003,1006891178,SC,500,WEST 18TH STREET,E15F
2024073100070003,1006891016,SC,500,WEST 18TH STREET,W7A
2024073100070003,1006891080,SC,500,WEST 18TH STREET,W18A
2024073100070003,1006891237,SC,500,WEST 18TH STREET,PH25A
2024073100070003,1006891105,SC,500,WEST 18TH STREET,W22B
2024073100070003,1006891064,SC,500,WEST 18TH STREET,W15C
2024073100070003,1006891118,SC,500,WEST 18TH STREET,W25C
2024073100070003,1006891040,SC,500,WEST 18TH STREET,W10D
2024073100070003,1006891020,SC,500,WEST 18TH STREET,W7E
2024073100070003,1006891029,SC,500,WEST 18TH STREET,W8G
2024073100070003,1006891160,SC,500,WEST 18TH STREET,E12A
2024073100070003,1006891227,SC,500,WEST 18TH STREET,E23A
2024073100070003,1006891084,SC,500,WEST 18TH STREET,W18E
2024073100070003,1006891117,SC,500,WEST 18TH STREET,W25B
2024073100070003,1006891200,SC,500,WEST 18TH STREET,E18G
2024073100070003,1006891153,SC,500,WEST 18TH STREET,E11A
2024073100070003,1006891009,SC,500,WEST 18TH STREET,W5F
2024073100070003,1006891220,SC,500,WEST 18TH STREET,E21F
2024073100070003,1006891048,SC,500,WEST 18TH STREET,W11E
2024073100070003,1006891106,SC,500,WEST 18TH STREET,W22C
2024073100070003,1006891032,SC,500,WEST 18TH STREET,W9C
2024073100070003,1006891104,SC,500,WEST 18TH STREET,W22A
2024073100070003,1006891239,SC,500,WEST 18TH STREET,PH26
2024073100070003,1006891145,SC,500,WEST 18TH STREET,PH32B
2024073100070003,1006891018,SC,500,WEST 18TH STREET,W7C
2024073100070003,1006891162,SC,500,WEST 18TH STREET,E12C
2024073100070003,1006891140,SC,500,WEST 18TH STREET,W31A
2024073100070003,1006891208,SC,500,WEST 18TH STREET,E20A
2024073100070003,1006891187,SC,500,WEST 18TH STREET,E17A
2024073100070003,1006891115,SC,500,WEST 18TH STREET,W24D
2024073100070003,1006891007,SC,500,WEST 18TH STREET,W5D
2024073100070003,1006891203,SC,500,WEST 18TH STREET,E19C
2024073100070003,1006891129,SC,500,WEST 18TH STREET,W28B
2024073100070003,1006891083,SC,500,WEST 18TH STREET,W18D
2024073100070003,1006891124,SC,500,WEST 18TH STREET,W27A
2024073100070003,1006891012,SC,500,WEST 18TH STREET,W6C
2024073100070003,1006891231,SC,500,WEST 18TH STREET,E23E
2024073100070003,1006891163,SC,500,WEST 18TH STREET,E12D
2024073100070003,1006891238,SC,500,WEST 18TH STREET,PH25B
2024073100070003,1006891190,SC,500,WEST 18TH STREET,E17D
2024073100070003,1006891230,SC,500,WEST 18TH STREET,E23D
2024073100070003,1006891097,SC,500,WEST 18TH STREET,W20F
2024073100070003,1006891181,SC,500,WEST 18TH STREET,E16B
2024073100070003,1006891114,SC,500,WEST 18TH STREET,W24C
2024073100070003,1006891025,SC,500,WEST 18TH STREET,W8C
2025081300985001,1010250025,OF,1700,BROADWAY,
2025081800333001,1012920064,CR,8,EAST 57 STREET,
2025081800333001,1012920015,CR,590,MADISON AVENUE,
2025081800333001,1012920008,CR,9,EAST 56 STREET,
2025081800439001,1013760001,CR,800,5 AVENUE,
2025081800439004,1013760001,CR,800,5 AVENUE,
2025072400178004,1008070001,CR,393,7 AVENUE,
2025072300442004,1012721201,OT,730,FIFTH AVENUE,RETA
2025071701007001,1010710001,AP,560,WEST 43RD STREET,
2025062300647002,1008090045,CR,1311,BROADWAY,
2025062000090006,1010130029,OF,592,7 AVENUE,
2025062300647002,1008091101,CC,1311,BROADWAY,1
2025062300647002,1008091102,CC,1311,BROADWAY,2
2025052600025005,1013160023,CR,235,EAST 42 STREET,
2025050701038002,1012591104,CR,522,5 AVENUE,OFF2
2025050701038002,1012591106,CR,522,5 AVENUE,0FF4
2025050701038002,1012591108,CR,522,5 AVENUE,OFF6
2025050701038002,1012591105,CR,522,5 AVENUE,OFF3
2025050701038002,1012591110,CR,522,5 AVENUE,OFF8
2025050701038002,1012591103,CR,522,5 AVENUE,OFF1
2025050701038002,1012591111,CR,522,5 AVENUE,OFF9
2025050701038002,1012591109,CR,522,5 AVENUE,OFF7
2025050701038002,1012591107,CR,522,5 AVENUE,OFF5
2025052600025005,1013160012,OF,219,EAST 42ND STREET,
2025041800391001,1010171001,CC,1535,BROADWAY,THTR
2025041800391001,1010171002,CC,1535,BROADWAY,RET
2025011000457001,1012681104,CC,660,FIFTH AVENUE,CU3
2025012400784005,3042719001,OT,735,LINCOLN AVENUE,1276
2025012400784005,3042710010,OT,1388,SUTTER AVENUE,
2025012400784005,3042710040,VR,N/A,ELDERT LANE,
2025012400784005,3042710080,OT,735,LINCOLN AVENUE,
2024121800706012,1019840001,AP,N/A,AMSTERDAM AVENUE,
2025012400784005,3042710005,AP,671,LINCOLN AVENUE,
2025012400784005,3042710050,OT,2695,LINDEN BOULEVARD,
2024123000067001,1008620029,CR,2,PARK AVENUE,
2024090300864001,4017070008,OT,112-21,NORTHERN BOULEVARD,
2024112101135009,4018230001,CR,126-02,35TH AVENUE,
2024112101135009,4018230012,CR,37-11,126TH STREET,
2024112500990010,1005620024,CR,799,BROADWAY,
2024090300633001,4051810015,OT,42-31,UNION ST,
2024091900852003,1010091301,CR,111,WEST 56TH STREET,HTL
2024073100070003,1006891208,SC,500,WEST 18TH STREET,E20A
2024073100070003,1006891168,SC,500,WEST 18TH STREET,E14C
2024073100070003,1006891134,SC,500,WEST 18TH STREET,W29C
2024073100470010,1005960030,CR,80,CLARKSON STREET,
2024081300768001,1000271202,CC,20,EXCHANGE PLACE,2
2024081300768001,1000271201,CC,20,EXCHANGE PLACE,1
2024081300768001,1000271203,CC,20,EXCHANGE PLACE,3
2024073100070003,1006891082,SC,500,WEST 18TH STREET,W18C
2024073100070003,1006891194,SC,500,WEST 18TH STREET,E18A
2024073100070003,1006891096,SC,500,WEST 18TH STREET,W20E
2024073100070003,1006891046,SC,500,WEST 18TH STREET,W11C
2024073100070003,1006891193,SC,500,WEST 18TH STREET,E17G
2024073100070003,1006891155,SC,500,WEST 18TH STREET,E11C
2024073100070003,1006891126,SC,500,WEST 18TH STREET,W27C
2024073100070003,1006891013,SC,500,WEST 18TH STREET,W6D
2024073100070003,1006891048,SC,500,WEST 18TH STREET,W11E
2024073100070003,1006891087,SC,500,WEST 18TH STREET,W19B
2024073100070003,1006891092,SC,500,WEST 18TH STREET,W20A
2024073100070003,1006891192,SC,500,WEST 18TH STREET,E17F
2024073100070003,1006891212,SC,500,WEST 18TH STREET,E20E
2024073100070003,1006891159,SC,500,WEST 18TH STREET,E11G
2024073100070003,1006891162,SC,500,WEST 18TH STREET,E12C
2024073100070003,1006891181,SC,500,WEST 18TH STREET,E16B
2024073100070003,1006891049,SC,500,WEST 18TH STREET,W11F
2024073100070003,1006891237,SC,500,WEST 18TH STREET,PH25A
2024073100070003,1006891228,SC,500,WEST 18TH STREET,E23B
2024073100070003,1006891109,SC,500,WEST 18TH STREET,W23B
2024073100070003,1006891093,SC,500,WEST 18TH STREET,W20B
2024073100070003,1006891171,SC,500,WEST 18TH STREET,E14F
2024073100070003,1006891031,SC,500,WEST 18TH STREET,W9B
2024073100070003,1006891132,SC,500,WEST 18TH STREET,W29A
2024073100070003,1006891039,SC,500,WEST 18TH STREET,W10C
2024073100070003,1006891077,SC,500,WEST 18TH STREET,W17D
2024073100070003,1006891207,SC,500,WEST 18TH STREET,E19G
2024073100070003,1006891060,SC,500,WEST 18TH STREET,W14E
2024073100070003,1006891143,SC,500,WEST 18TH STREET,W31D
2024073100070003,1006891150,SC,500,WEST 18TH STREET,PH35A
2024073100070003,1006891040,SC,500,WEST 18TH STREET,W10D
2024073100070003,1006891156,SC,500,WEST 18TH STREET,E11D
2024073100070003,1006891052,SC,500,WEST 18TH STREET,W12C
2024073100070003,1006891122,SC,500,WEST 18TH STREET,W26C
2024073100070003,1006891062,SC,500,WEST 18TH STREET,W15A
2024073100070003,1006891146,SC,500,WEST 18TH STREET,PH33A
2024073100070003,1006891112,SC,500,WEST 18TH STREET,W24A
2024073100070003,1006891116,SC,500,WEST 18TH STREET,W25A
2024073100070003,1006891016,SC,500,WEST 18TH STREET,W7A
2024073100070003,1006891140,SC,500,WEST 18TH STREET,W31A
2024073100070003,1006891175,SC,500,WEST 18TH STREET,E15C
2024073100070003,1006891073,SC,500,WEST 18TH STREET,W16F
2024073100070003,1006891025,SC,500,WEST 18TH STREET,W8C
2024073100070003,1006891001,TS,500,WEST 18TH STREET,HOTL
2024073100070003,1006891091,SC,500,WEST 18TH STREET,W19F
2024073100070003,1006891130,SC,500,WEST 18TH STREET,W28C
2024073100070003,1006891204,SC,500,WEST 18TH STREET,E19D
2024073100070003,1006891009,SC,500,WEST 18TH STREET,W5F
2024073100070003,1006891198,SC,500,WEST 18TH STREET,E18E
2024073100070003,1006891014,SC,500,WEST 18TH STREET,W6E
2024073100070003,1006891147,SC,500,WEST 18TH STREET,PH33B
2024073100070003,1006891227,SC,500,WEST 18TH STREET,E23A
2024073100070003,1006891238,SC,500,WEST 18TH STREET,PH25B
2024073100070003,1006891236,SC,500,WEST 18TH STREET,E24E
2024073100070003,1006891061,SC,500,WEST 18TH STREET,W14F
2024073100070003,1006891167,SC,500,WEST 18TH STREET,E14B
2024073100070003,1006891070,SC,500,WEST 18TH STREET,W16C
2024073100070003,1006891199,SC,500,WEST 18TH STREET,E18F
2024073100070003,1006891010,SC,500,WEST 18TH STREET,W6A
2024073100070003,1006891089,SC,500,WEST 18TH STREET,W19D
2024073100070003,1006891024,SC,500,WEST 18TH STREET,W8B
2024073100070003,1006891063,SC,500,WEST 18TH STREET,W15B
2024073100070003,1006891088,SC,500,WEST 18TH STREET,W19C
2024073100070003,1006891094,SC,500,WEST 18TH STREET,W20C
2024073100070003,1006891002,OT,500,WEST 18TH STREET,RET
2024073100070003,1006891058,SC,500,WEST 18TH STREET,W14C
2024073100070003,1006891164,SC,500,WEST 18TH STREET,E12E
2024073100070003,1006891129,SC,500,WEST 18TH STREET,W28B
2024073100070003,1006891210,SC,500,WEST 18TH STREET,E20C
2024073100070003,1006891214,SC,500,WEST 18TH STREET,E20G
2024073100070003,1006891068,SC,500,WEST 18TH STREET,W16A
2024073100070003,1006891169,SC,500,WEST 18TH STREET,E14D
2024073100070003,1006891206,SC,500,WEST 18TH STREET,E19F
2024073100070003,1006891127,SC,500,WEST 18TH STREET,W27D
2024073100070003,1006891103,SC,500,WEST 18TH STREET,W21F
2024073100070003,1006891027,SC,500,WEST 18TH STREET,W8E
2024073100070003,1006891149,SC,500,WEST 18TH STREET,PH34B
2024073100070003,1006891108,SC,500,WEST 18TH STREET,W23A
2024073100070003,1006891128,SC,500,WEST 18TH STREET,W28AD
2024073100070003,1006891007,SC,500,WEST 18TH STREET,W5D
2024073100070003,1006891135,SC,500,WEST 18TH STREET,W29D
2024073100070003,1006891026,SC,500,WEST 18TH STREET,W8D
2024073100070003,1006891187,SC,500,WEST 18TH STREET,E17A
2024073100070003,1006891071,SC,500,WEST 18TH STREET,W16D
2024073100070003,1006891011,SC,500,WEST 18TH STREET,W6B
2024073100070003,1006891124,SC,500,WEST 18TH STREET,W27A
2024073100070003,1006891021,SC,500,WEST 18TH STREET,W7F
2024073100070003,1006891075,SC,500,WEST 18TH STREET,W17B
2024073100070003,1006891178,SC,500,WEST 18TH STREET,E15F
2024073100070003,1006891205,SC,500,WEST 18TH STREET,E19E
2024073100070003,1006891057,SC,500,WEST 18TH STREET,W14B
2024073100070003,1006891036,SC,500,WEST 18TH STREET,W9G
2024073100070003,1006891139,SC,500,WEST 18TH STREET,W30D
2024073100070003,1006891008,SC,500,WEST 18TH STREET,W5E
2024073100070003,1006891044,SC,500,WEST 18TH STREET,W11A
2024073100070003,1006891177,SC,500,WEST 18TH STREET,E15E
2024073100070003,1006891201,SC,500,WEST 18TH STREET,E19A
2024073100070003,1006891042,SC,500,WEST 18TH STREET,W10F
2024073100070003,1006891203,SC,500,WEST 18TH STREET,E19C
2024073100070003,1006891100,SC,500,WEST 18TH STREET,W21C
2024073100070003,1006891209,SC,500,WEST 18TH STREET,E20B
2024073100070003,1006891170,SC,500,WEST 18TH STREET,E14E
2024073100070003,1006891038,SC,500,WEST 18TH STREET,W10B
2024073100070003,1006891005,SC,500,WEST 18TH STREET,W5B
2024073100070003,1006891221,SC,500,WEST 18TH STREET,E21G
2024073100070003,1006891188,SC,500,WEST 18TH STREET,E17B
2024073100070003,1006891229,SC,500,WEST 18TH STREET,E23C
2024073100070003,1006891086,SC,500,WEST 18TH STREET,W19A
2024073100070003,1006891138,SC,500,WEST 18TH STREET,W30C
2024073100070003,1006891153,SC,500,WEST 18TH STREET,E11A
2024073100070003,1006891106,SC,500,WEST 18TH STREET,W22C
2024073100070003,1006891120,SC,500,WEST 18TH STREET,W26A
2024073100070003,1006891173,SC,500,WEST 18TH STREET,E15A
2024073100070003,1006891185,SC,500,WEST 18TH STREET,E16F
2024073100070003,1006891196,SC,500,WEST 18TH STREET,E18C
2024073100070003,1006891069,SC,500,WEST 18TH STREET,W16B
2024073100070003,1006891083,SC,500,WEST 18TH STREET,W18D
2024073100070003,1006891107,SC,500,WEST 18TH STREET,W22D
2024073100070003,1006891180,SC,500,WEST 18TH STREET,E16A
2024073100070003,1006891035,SC,500,WEST 18TH STREET,W9F
2024073100070003,1006891230,SC,500,WEST 18TH STREET,E23D
2024073100070003,1006891160,SC,500,WEST 18TH STREET,E12A
2024073100070003,1006891102,SC,500,WEST 18TH STREET,W21E
2024073100070003,1006891030,SC,500,WEST 18TH STREET,W9A
2024073100070003,1006891157,SC,500,WEST 18TH STREET,E11E
2024073100070003,1006891076,SC,500,WEST 18TH STREET,W17C
2024073100070003,1006891111,SC,500,WEST 18TH STREET,W23D
2024073100070003,1006891065,SC,500,WEST 18TH STREET,W15D
2024073100070003,1006891018,SC,500,WEST 18TH STREET,W7C
2024073100070003,1006891004,SC,500,WEST 18TH STREET,W5A
2024073100070003,1006891163,SC,500,WEST 18TH STREET,E12D
2024073100070003,1006891022,SC,500,WEST 18TH STREET,W7G
2024073100070003,1006891234,SC,500,WEST 18TH STREET,E24C
2024073100070003,1006891152,SC,500,WEST 18TH STREET,PH36
2026012700123016,1005081162,CR,262,MOTT STREET,SUB3G
2026021600158003,1012741201,CC,50,CENTRAL PARK SOUTH,HOTEL
2026021300541004,3025380001,CR,0,WEST STREET,
2026012700123016,1005081152,SR,262,MOTT STREET,SUB2D
2026012700123016,1005081163,CR,262,MOTT STREET,SUB3H
2026012700123016,3053220051,CR,72,CATON PLACE,
2026012700123016,1005081144,SR,262,MOTT STREET,SUB1B
2026012700123016,1005081151,SR,262,MOTT STREET,SUB2C
2026012700123016,4049450034,CR,34-01,COLLEGE POINT BLVD,
2026012700123016,4010160125,CR,62-05,30TH AVENUE,
2026012700123016,1005081147,SR,262,MOTT STREET,SUB1E
2026012700123016,3006300019,CR,150,17 STREET,
2026012700123016,1005081156,CR,262,MOTT STREET,SUB3A
2026012700123016,3046200047,CR,651,UTICA AVENUE,
2026012700123016,3036770015,CR,1690,EAST NEW YORK AVENUE,
2026012700123016,1005081102,SR,262,MOTT STREET,102
2026012700123016,1005081145,SR,262,MOTT STREET,SUB1C
2026012700123016,4093300014,CR,87-16,121 STREET,
2026012700123016,1020400048,CR,2924,8TH AVENUE,
2026012700123016,1005081154,SR,262,MOTT STREET,SUB2G
2026012700123016,1005081149,CC,262,MOTT STREET,101B
2026012700123016,1005081157,CR,262,MOTT STREET,SUB3B
2026012700123016,1005081153,SR,262,MOTT STREET,SU2EF
2026012700123016,3005550005,CR,155,KING STREET,
2026012700123016,3005550104,CR,139,CONOVER STREET,
2026012700123016,3036170001,CR,507,OSBORN STREET,
2026012700123016,1005081155,SR,262,MOTT STREET,SUB2H
2026012700123016,1022460020,CR,302,DYCKMAN STREET,
2026012700123016,3045930110,CR,1,REMSEN AVENUE,
2026012700123016,4002391102,OT,31-08,NORTHERN BLVD,UU
2026012700123016,1005081148,SR,262,MOTT STREET,SUB1F
2026012700123016,1005081146,SR,262,MOTT STREET,SUB1D
2026012700123016,1005081161,CR,262,MOTT STREET,SUB3F
2025121900959017,1019220041,OT,131,ST NICHOLAS AVENUE,
2025122800029016,1007070020,VN,514,WEST 36 STREET,
2025122800029013,1007070020,VN,514,WEST 36 STREET,
2025122800004063,3083290225,AP,9910,SEAVIEW AVENUE,
2025122700026005,1010660012,CR,440,WEST 57 STREET,
2025122400031003,1000350010,OF,111,WALL STREET,
2025121900959020,1017490010,OT,17,EAST 124 STREET,
2025121900959020,1018270042,OT,218,WEST 112 STREET,
2025121900959020,1017180001,OT,180,LENOX AVENUE,
2025121900959020,1019220041,OT,131,ST NICHOLAS AVENUE,
2025121900959020,1019230029,OT,1940,7 AVENUE,
2025121900959020,1016880045,OT,307,EAST 117 STREET,
2025121900959020,1017770005,OT,110,EAST 129 STREET,
2025121900959020,1017680012,OT,1940,LEXINGTON AVENUE,
2025121900959020,1017690005,CR,1980,LEXINGTON AVENUE,
2025121900959017,1017690005,CR,1980,LEXINGTON AVENUE,
2025121900959017,1017680012,OT,1940,LEXINGTON AVENUE,
2025121900959017,1019230029,OT,1940,7 AVENUE,
2025121900959017,1016880045,OT,307,EAST 117 STREET,
2025121900959017,1017180001,OT,180,LENOX AVENUE,
2025121900959017,1018270042,OT,218,WEST 112 STREET,
2025121900959017,1017770005,OT,110,EAST 129 STREET,
2025121900959017,1017490010,OT,17,EAST 124 STREET,
2025120800540001,1008680016,CR,260,MADISON AVENUE,
2025122400031003,1000350010,OF,111,WALL STREET,
2025121200273001,1010340037,CR,300,WEST 44 STREET,
2025101300430001,1017870080,AP,2391,2 AVENUE,
2025101300430001,1017870001,AP,2243,3 AVENUE,
2025101300426001,1008530001,CR,5,MADISON AVENUE,
2025100200479061,3016310001,AP,855,GATES AVENUE,
2025100200479061,3016360024,AP,150,MALCOLM X BOULEVARD,
2025100200479061,3014920001,AP,23,SARATOGA AVENUE,
2025100200479061,3017690001,AP,281,THROOP AVENUE,
2025101300430001,1017870060,AP,211,EAST 122 STREET,
2025101300430001,1017870070,AP,2383,2 AVENUE,
2025100200479061,3016310061,VR,857,GATES AVENUE,
2025100200479061,3016310060,VR,859,GATES AVENUE,
2025100200479061,3015280033,AP,24,MOTHER GASTON BOULEVARD,
2025100200479061,3015290001,AP,15,MOTHER GASTON BLVD,
2025100200479061,3016350003,AP,245,LEWIS AVENUE,
2025100200479061,3014920006,VN,946,HANCOCK STREET,
2025100200479061,3016310058,VR,863,GATES AVENUE,
2025100200479061,3016310009,AP,690,QUINCY STREET,
2025100200479061,3016350041,AP,770,GATES AVENUE,
2025100200479061,3016310031,AP,885,GATES AVENUE,
2025100200479061,3017610063,AP,671,WILLOUGHBY AVENUE,
2025100200479061,3017610061,AP,675,WILLOUGHBY AVENUE,
2025100200479061,3016310034,VN,128,MALCOLM X BOULEVARD,
2025100200479061,3017610045,AP,701,WILLOUGHBY AVENUE,
2025090300220021,3001741206,CC,475,STATE STREET,RU2
2025090300220021,3001741205,CC,475,STATE STREET,RU1
2025092300446001,1004980023,CR,529,BROADWAY,
2025080100965007,2024560051,AP,210,EAST 166 STREET,
2025073100246001,2023490046,VN,355,EXTERIOR STREET,
2025080100965007,2024330028,AP,1041,FINDLAY AVENUE,
2025080100965007,2024260008,AP,1124,CLAY AVENUE,
2025080100965007,2024570050,AP,1279,SHERIDAN AVENUE,
2025080100965007,2024260004,AP,1120,CLAY AVENUE,
2025080100965007,2024470051,AP,1009,MORRIS AVENUE,
2025080100965007,2024330023,AP,1055,FINDLAY AVENUE,
2025080100965007,2024470056,AP,997,MORRIS AVENUE,
2025080100965007,2028310032,AP,1291-1295,SHERIDAN AVENUE,
2025080100965007,2024530055,AP,1280,SHERIDAN AVENUE,
2025080100965007,2024500031,AP,266,EAST 169 STREET,
2025080100965007,2024320005,AP,986,MORRIS AVENUE,
2025080100965007,2028160070,AP,1295,MORRIS AVENUE,
2025080100965007,2024260012,AP,1140,CLAY AVENUE,
2025080100965007,2028160001,AP,1294,GRANT AVENUE,
2025080100965007,2024500029,AP,256,EAST 169 STREET,
2025080100965007,2024340047,AP,1104,FINDLAY AVENUE,
2025080700469003,1010050029,CR,1301,AVENUE OF THE AMERICAS,
2025081200637003,1009950005,OF,151,WEST 42ND STREET,
2025081900104001,1006931202,CC,510,WEST 22ND STREET,CU-2
2025081900104001,1006931201,CC,510,WEST 22ND STREET,CU-1
2025070200210065,2028790030,AP,1925,UNIVERSITY AVENUE,
2025070200210065,2028690077,AP,1886,HARRISON AVENUE,
2025070200210065,2031300100,AP,1010,EAST 178 STREET,
2025070200210065,2028790032,OT,1915,UNIVERSITY AVENUE,
2025070200210065,2028790043,AP,1865,UNIVERSITY AVENUE,
2025070200210065,2030940045,CR,2091,PROSPECT AVENUE,
2025070200210065,2028690122,AP,1934,HARRISON AVENUE,
2025070200210065,2030940014,AP,735,OAKLAND PLACE,
2025070200210065,2032610102,AP,3320,BAILEY AVENUE,
2025070200210065,2028790041,AP,1875,UNIVERSITY AVENUE,
2025070200210065,2030620021,AP,559,EAST 180 STREET,
2025070200210065,2028680144,AP,1925,HARRISON AVENUE,
2025070200210065,2032390004,AP,2661,HEATH AVENUE,
2025070200210065,2030940018,VR,N/A,OAKLAND PLACE,
2025070200210065,2028790033,AP,1895,UNIVERSITY AVENUE,
2025070200210065,2028690116,AP,1930,HARRISON AVENUE,
2025070200210065,2030940040,CR,750,EAST 180 STREET,
2025070200210062,2028790033,AP,1895,UNIVERSITY AVENUE,
2025070200210062,2028690077,AP,1886,HARRISON AVENUE,
2025070200210062,2030940018,VR,N/A,OAKLAND PLACE,
2025070200210062,2031300100,AP,1010,EAST 178 STREET,
2025070200210062,2028790041,AP,1875,UNIVERSITY AVENUE,
2025070200210062,2028680144,AP,1925,HARRISON AVENUE,
2025070200210062,2030940040,CR,750,EAST 180 STREET,
2025070200210062,2032610102,AP,3320,BAILEY AVENUE,
2025070200210062,2032390004,AP,2661,HEATH AVENUE,
2025070200210062,2028690110,AP,1920,HARRISON AVENUE,
2025070200210062,2028790032,OT,1915,UNIVERSITY AVENUE,
2025070200210062,2030620021,AP,559,EAST 180 STREET,
2025070200210062,2028690122,AP,1934,HARRISON AVENUE,
2025070200210062,2028790043,AP,1865,UNIVERSITY AVENUE,
2025070200210062,2028790030,AP,1925,UNIVERSITY AVENUE,
2025070200210062,2030940014,AP,735,OAKLAND PLACE,
2025070200210062,2028690116,AP,1930,HARRISON AVENUE,
2025070200210062,2030940045,CR,2091,PROSPECT AVENUE,
2025070200210062,2030620007,CR,N/A,MONTEREY AVENUE,
2025062500788001,4008500200,UT,N/A,20 AVENUE,
2025070200210065,2028690110,AP,1920,HARRISON AVENUE,
2025070200210065,2030620007,CR,N/A,MONTEREY AVENUE,
2025060200225002,1013370014,OF,323,EAST 44 STREET,
2025060200225002,1013371102,CR,787,1 AVENUE,OFF
2025061600628005,4142600001,OT,154-68,BROOKVILLE BLVD,
2025061500011013,4000800009,VN,23-14,45TH AVENUE,
2025061500011013,4000800004,VN,24-11,JACKSON AVENUE,
2025060200225003,1013370014,OF,323,EAST 44 STREET,
2025060200225003,1013371102,CR,787,1 AVENUE,OFF
2025041100218002,1013161009,CC,205,EAST 42 STREET,1
2025041100218002,1013161004,CC,205,EAST 42ND STREET,211
2025041100218002,1013161028,CC,205,EAST 42ND STREET,20
2025041100218002,1013161023,CC,205,EAST 42ND STREET,15
2025041100218002,1013161003,CC,205,EAST 42ND STREET,9
2025041100218002,1013161002,CC,205,EAST 42ND STREET,7
2025041100218002,1013161025,CC,205,EAST 42ND STREET,17
2025041100218002,1013161031,CC,205,EAST 42ND STREET,PH5
2025041100218002,1013161005,CC,205,EAST 42ND STREET,215
2025041100218002,1013160005,CR,205,EAST 42ND STREET,
2025041100218002,1013161030,CC,205,EAST 42ND STREET,ST210
2025041100218002,1013161024,CC,205,EAST 42ND STREET,16
2025041100218002,1013161027,CC,205,EAST 42ND STREET,19
2025041100218002,1013161022,CC,205,EAST 42ND STREET,14
2025041100218002,1013150001,OF,655,3 AVENUE,
2025041100218002,1013161013,CC,205,EAST 42ND STREET,55
2025041100218002,1013161001,CC,205,EAST 42ND STREET,203
2025041100218002,1013161029,CC,205,EAST 42ND STREET,PH1
2025040700957012,2045810001,CR,1130,BURKE AVENUE,
2025041100218002,1013161014,CC,205,EAST 42ND STREET,6
2025042400298002,1012750023,OF,285,MADISON AVENUE,
2025041100218002,1013161032,CC,205,EAST 42ND STREET,PH10
2025041100218002,1013161006,CC,205,EAST 42ND STREET,8
2025031400107007,1011320035,AP,160,WEST 62 STREET,
2025031400107004,1011320035,AP,160,WEST 62 STREET,
2025031800886004,1001231001,CR,233,BROADWAY,LOWER
2025012401000003,1012960001,CR,125,PARK AVENUE,
2024122000955001,1008550024,OF,354,PARK AVENUE SOUTH,
2024122000955001,1008550024,OF,360,PARK AVENUE SOUTH,
2025010600438003,1020019005,AP,3333,BROADWAY,
2025012400992010,3045860299,CR,N/A,FOUNTAIN AVENUE,
2025012400992010,3045860297,VR,N/A,FOUNTAIN AVENUE,
2025012400992010,3045860298,VR,N/A,ERSKINE STREET,
2025010600241001,2023500001,AP,414,GERARD AVENUE,
2025010600241001,2023510012,AP,445,GERARD AVENUE,
2024120300451001,4000210110,AP,46-10,CENTER BOULEVARD,
2024102900510005,1007610043,AP,320,WEST 38TH STREET,
2024102900510003,1007610043,AP,320,WEST 38TH STREET,
2024102101082006,3001611201,CC,540,FULTON STREET,1201
2024101600189001,3020940010,CR,80,DEKALB AVENUE,
2024071600114001,1012730071,CR,1414,AVENUE OF THE AMER,
2024042200736003,1010270020,CR,1740,BROADWAY,
2024032200236001,1011581702,OT,150,AMSTERDAM AVENUE,RES
2024032200236001,1011581701,OT,150,AMSTERDAM AVENUE,COMM
2024032200236001,1011581703,OT,150,AMSTERDAM AVENUE,GRG
2024021500918011,4000061409,SC,56-27,2ND STREET,9
2024021500918011,4000061410,SC,56-27,2ND STREET,10
2024021500918011,4000061408,SC,56-27,2ND STREET,8
2024021500918011,4000061407,PS,1-14,56TH AVENUE,7
2024021500918011,4000061414,CC,57-28,2ND STREET,14
2024021500918011,4000061401,SC,1-15,57TH AVENUE,1
2024021500918011,4000061404,SC,1-15,57TH AVENUE,4
2024021500918011,4000061403,SC,1-15,57TH AVENUE,3
2024021500918011,4000061405,OT,1-07,57TH AVENUE,5
2024021500918011,4000061406,CC,1-20,56TH AVENUE,6
2024021500918011,4000061413,CC,56-28,2ND STREET,13
2024021500918011,4000061411,SC,56-27,2ND STREET,11
2024021500918011,4000061402,SC,1-15,57TH AVENUE,2
2026032000204001,3056390001,CR,4915,10TH AVE,
2026030200174007,2059330055,RS,5801,PALISADE AVENUE,
2026030200174007,2059330225,CR,5921,PALISADE AVENUE,
2026030200174007,2059330210,CR,5931,PALISADE AVENUE,
2026021900212001,2056220050,EA,N/A,HUTCHINSON RVR PKWY,
2025122400299003,1008301201,CC,35,WEST 28TH STREET,HOTEL
2026012300850001,3053220051,CR,72,CATON PLACE,
2026012200040002,1012910028,CR,65,EAST 55 STREET,
2026011300739009,4004360001,AP,43-30,24 STREET,
2025121000849003,1001231101,CC,30,PARK PLACE,HOTEL
2025120100792007,1009720001,CR,240,1 AVENUE,
2025120100792007,1009780001,CR,342,1 AVENUE,
2025111700434002,3004620012,AP,155,3 STREET,
2025101600286001,1004911367,CC,246,SPRING STREET,2311
2025101600286001,1004911592,CC,246,SPRING STREET,CU1
2025101600286001,1004911594,CC,246,SPRING STREET,CU3
2025101600286001,1004911531,CC,246,SPRING STREET,3711
2025101600286001,1004911512,CC,246,SPRING STREET,3604
2025101600286001,1004911525,CC,246,SPRING STREET,3705
2025101600286001,1004911587,CC,246,SPRING STREET,4302
2025101600286001,1004911202,CC,246,SPRING STREET,809
2025101600286001,1004911267,CC,246,SPRING STREET,1505
2025101600286001,1004911378,CC,246,SPRING STREET,2410
2025101600286001,1004911328,CC,246,SPRING STREET,2006
2025101600286001,1004911331,CC,246,SPRING STREET,2009
2025101600286001,1004911287,CC,246,SPRING STREET,1701
2025101600286001,1004911593,CC,246,SPRING STREET,CU2
2025101600286001,1004911285,CC,246,SPRING STREET,1611
2025101600286001,1004911401,CC,246,SPRING STREET,2609
2025101600286001,1004911441,CC,246,SPRING STREET,3001
2025101600286001,1004911201,CC,246,SPRING STREET,807
2025101600286001,1004911447,CC,246,SPRING STREET,3007
2025101600286001,1004911261,CC,246,SPRING STREET,1411
2025101600286001,1004911317,CC,246,SPRING STREET,1907
2025101600286001,1004911426,CC,246,SPRING STREET,2810
2025101600286001,1004911301,CC,246,SPRING STREET,1803
2025101600286001,1004911278,CC,246,SPRING STREET,1604
2025101600286001,1004911235,CC,246,SPRING STREET,1109
2025101600286001,1004911591,CC,246,SPRING STREET,4406
2025101600286001,1004911575,CC,246,SPRING STREET,4107
2025101600286001,1004911226,CR,246,SPRING STREET,1012
2025101600286001,1004911397,CC,246,SPRING STREET,2605
2025101600286001,1004911478,CC,246,SPRING STREET,3302
2025101600286001,1004911563,CC,246,SPRING STREET,4007
2025101600286001,1004911544,CC,246,SPRING STREET,3812
2025101600286001,1004911215,CC,246,SPRING STREET,1001
2025101600286001,1004911294,CC,246,SPRING STREET,1708
2025101600286001,1004911369,CC,246,SPRING STREET,2401
2025101600286001,1004911322,CC,246,SPRING STREET,1912
2025101600286001,1004911338,CC,246,SPRING STREET,2105
2025101600286001,1004911207,CC,246,SPRING STREET,905
2025101600286001,1004911299,CC,246,SPRING STREET,1801
2025101600286001,1004911520,CC,246,SPRING STREET,3612
2025101600286001,1004911528,CC,246,SPRING STREET,3708
2025101600286001,1004911527,CC,246,SPRING STREET,3707
2025101600286001,1004911239,CC,246,SPRING STREET,1201
2025101600286001,1004911380,CC,246,SPRING STREET,2412
2025101600286001,1004911514,CC,246,SPRING STREET,3606
2025101600286001,1004911275,CC,246,SPRING STREET,1601
2025101600286001,1004911334,CC,246,SPRING STREET,2012
2025101600286001,1004911503,CC,246,SPRING STREET,3507
2025101600286001,1004911257,CC,246,SPRING STREET,1407
2025101600286001,1004911365,CC,246,SPRING STREET,2309
2025101600286001,1004911411,CC,246,SPRING STREET,2707
2025101600286001,1004911536,CC,246,SPRING STREET,3804
2025101600286001,1004911518,CC,246,SPRING STREET,3610
2025101600286001,1004911376,CC,246,SPRING STREET,2408
2025101600286001,1004911375,CC,246,SPRING STREET,2407
2025101600286001,1004911361,CC,246,SPRING STREET,2305
2025101600286001,1004911293,CC,246,SPRING STREET,1707
2025101600286001,1004911279,CC,246,SPRING STREET,1605
2025101600286001,1004911501,CC,246,SPRING STREET,3505
2025101600286001,1004911321,CC,246,SPRING STREET,1911
2025101600286001,1004911292,CC,246,SPRING STREET,1706
2025101600286001,1004911445,CC,246,SPRING STREET,3005
2025101600286001,1004911430,CC,246,SPRING STREET,2902
2025101600286001,1004911452,CC,246,SPRING STREET,3012
2025101600286001,1004911543,CC,246,SPRING STREET,3811
2025101600286001,1004911320,CC,246,SPRING STREET,1910
2025101600286001,1004911510,CC,246,SPRING STREET,3602
2025101600286001,1004911333,CC,246,SPRING STREET,2011
2025101600286001,1004911213,CC,246,SPRING STREET,911
2025101600286001,1004911537,CC,246,SPRING STREET,3805
2025101600286001,1004911232,CC,246,SPRING STREET,1106
2025101600286001,1004911459,CC,246,SPRING STREET,3107
2025101600286001,1004911208,CC,246,SPRING STREET,906
2025101600286001,1004911219,CC,246,SPRING STREET,1005
2025101600286001,1004911360,CC,246,SPRING STREET,2304
2025101600286001,1004911221,CC,246,SPRING STREET,1007
2025101600286001,1004911590,CC,246,SPRING STREET,4405
2025101600286001,1004911534,CC,246,SPRING STREET,3802
2025101600286001,1004911214,CC,246,SPRING STREET,912
2025101600286001,1004911307,CC,246,SPRING STREET,1809
2025101600286001,1004911255,CC,246,SPRING STREET,1405
2025101600286001,1004911486,CC,246,SPRING STREET,3401
2025101600286001,1004911271,CC,246,SPRING STREET,1509
2025101600286001,1004911231,CC,246,SPRING STREET,1105
2025101600286001,1004911263,CC,246,SPRING STREET,1501
2025101600286001,1004911258,CC,246,SPRING STREET,1408
2025101600286001,1004911304,CC,246,SPRING STREET,1806
2025101600286001,1004911556,CC,246,SPRING STREET,3912
2025101600286001,1004911390,CC,246,SPRING STREET,2510
2025101600286001,1004911437,CC,246,SPRING STREET,2909
2025101600286001,1004911553,CC,246,SPRING STREET,3909
2025101600286001,1004911545,CC,246,SPRING STREET,3901
2025101600286001,1004911337,CC,246,SPRING STREET,2103
2025101600286001,1004911516,CC,246,SPRING STREET,3608
2025101600286001,1004911302,CC,246,SPRING STREET,1804
2025101600286001,1004911382,CC,246,SPRING STREET,2502
2025101600286001,1004911291,CC,246,SPRING STREET,1705
2025101600286001,1004911465,CC,246,SPRING STREET,3201
2025101600286001,1004911557,CC,246,SPRING STREET,4001
2025101600286001,1004911423,CC,246,SPRING STREET,2807
2025101600286001,1004911233,CC,246,SPRING STREET,1107
2025101600286001,1004911492,CC,246,SPRING STREET,3408
2025101600286001,1004911348,CC,246,SPRING STREET,2203
2025101600286001,1004911509,CC,246,SPRING STREET,3601
2025101600286001,1004911206,CC,246,SPRING STREET,903
2025101600286001,1004911298,CC,246,SPRING STREET,1712
2025101600286001,1004911342,CC,246,SPRING STREET,2109
2025101600286001,1004911547,CC,246,SPRING STREET,3903
2025101600286001,1004911329,CC,246,SPRING STREET,2007
2025101600286001,1004911277,CC,246,SPRING STREET,1603
2025101600286001,1004911454,CC,246,SPRING STREET,3102
2025101600286001,1004911212,CC,246,SPRING STREET,910
2025101600286001,1004911583,CC,246,SPRING STREET,4203
2025101600286001,1004911425,CC,246,SPRING STREET,2809
2025101600286001,1004911339,CC,246,SPRING STREET,2106
2025101600286001,1004911405,CC,246,SPRING STREET,2701
2025101600286001,1004911282,CC,246,SPRING STREET,1608
2025101600286001,1004911574,CC,246,SPRING STREET,4106
2025101600286001,1004911305,CC,246,SPRING STREET,1807
2025101600286001,1004911402,CC,246,SPRING STREET,2610
2025101600286001,1004911576,CC,246,SPRING STREET,4108
2025101600286001,1004911417,CC,246,SPRING STREET,2801
2025101600286001,1004911393,CC,246,SPRING STREET,2601
2025101600286001,1004911300,CC,246,SPRING STREET,1802
2025101600286001,1004911284,CC,246,SPRING STREET,1610
2025101600286001,1004911523,CC,246,SPRING STREET,3703
2025101600286001,1004911394,CC,246,SPRING STREET,2602
2025101600286001,1004911513,CC,246,SPRING STREET,3605
2025101600286001,1004911274,CC,246,SPRING STREET,1512
2025101600286001,1004911259,CC,246,SPRING STREET,1409
2025101600286001,1004911340,CC,246,SPRING STREET,2107
2025101600286001,1004911210,CC,246,SPRING STREET,908
2025101600286001,1004911464,CC,246,SPRING STREET,3112
2025101600286001,1004911493,CC,246,SPRING STREET,3409
2025101600286001,1004911589,CC,246,SPRING STREET,4304
2025101600286001,1004911466,CC,246,SPRING STREET,3202
2025101600286001,1004911372,CC,246,SPRING STREET,2404
2025101600286001,1004911251,CC,246,SPRING STREET,1401
2025101600286001,1004911413,CC,246,SPRING STREET,2709
2025101600286001,1004911311,CC,246,SPRING STREET,1901
2025101600286001,1004911477,CC,246,SPRING STREET,3301
2025101600286001,1004911524,CC,246,SPRING STREET,3704
2025101600286001,1004911421,CC,246,SPRING STREET,2805
2025101600286001,1004911250,CC,246,SPRING STREET,1212
2025102800556001,1013210001,CR,757,THIRD AVENUE,
2025093001029006,3030250070,CR,195,GRAHAM AVENUE,
2025093001029006,3030240001,AP,142,LEONARD STREET,
2025093001029006,3030270001,AP,226,HUMBOLDT STREET,
2025093001029006,3030260001,CR,202,GRAHAM AVENUE,
2025093001029006,3030250046,CR,229,GRAHAM AVENUE,
2025100300103002,1008000050,CR,113-117,WEST 24 STREET,
2025101600286001,1004911290,CC,246,SPRING STREET,1704
2025101600286001,1004911404,CC,246,SPRING STREET,2612
2025101600286001,1004911568,CC,246,SPRING STREET,4012
2025101600286001,1004911487,CC,246,SPRING STREET,3402
2025101600286001,1004911474,CC,246,SPRING STREET,3210
2025101600286001,1004911522,CC,246,SPRING STREET,3702
2025101600286001,1004911330,CC,246,SPRING STREET,2008
2025101600286001,1004911532,CC,246,SPRING STREET,3712
2025101600286001,1004911343,CC,246,SPRING STREET,2110
2025101600286001,1004911243,CC,246,SPRING STREET,1205
2025101600286001,1004911548,CC,246,SPRING STREET,3904
2025101600286001,1004911225,CC,246,SPRING STREET,1011
2025101600286001,1004911508,CC,246,SPRING STREET,3512
2025101600286001,1004911471,CC,246,SPRING STREET,3207
2025101600286001,1004911504,CC,246,SPRING STREET,3508
2025101600286001,1004911507,CC,246,SPRING STREET,3511
2025101600286001,1004911319,CC,246,SPRING STREET,1909
2025101600286001,1004911236,CC,246,SPRING STREET,1110
2025101600286001,1004911453,CC,246,SPRING STREET,3101
2025101600286001,1004911562,CC,246,SPRING STREET,4006
2025101600286001,1004911409,CC,246,SPRING STREET,2705
2025101600286001,1004911354,CC,246,SPRING STREET,2210
2025101600286001,1004911515,CC,246,SPRING STREET,3607
2025101600286001,1004911323,CC,246,SPRING STREET,2001
2025101600286001,1004911332,CC,246,SPRING STREET,2010
2025101600286001,1004911248,CC,246,SPRING STREET,1210
2025101600286001,1004911373,CC,246,SPRING STREET,2405
2025101600286001,1004911296,CC,246,SPRING STREET,1710
2025101600286001,1004911569,CC,246,SPRING STREET,4101
2025101600286001,1004911558,CC,246,SPRING STREET,4002
2025101600286001,1004911318,CC,246,SPRING STREET,1908
2025101600286001,1004911351,CC,246,SPRING STREET,2207
2025101600286001,1004911355,CC,246,SPRING STREET,2211
2025101600286001,1004911385,CC,246,SPRING STREET,2505
2025101600286001,1004911270,CC,246,SPRING STREET,1508
2025101600286001,1004911538,CC,246,SPRING STREET,3806
2025101600286001,1004911408,CC,246,SPRING STREET,2704
2025101600286001,1004911517,CC,246,SPRING STREET,3609
2025101600286001,1004911497,CC,246,SPRING STREET,3501
2025101600286001,1004911485,CC,246,SPRING STREET,3312
2025101600286001,1004911245,CC,246,SPRING STREET,1207
2025101600286001,1004911289,CC,246,SPRING STREET,1703
2025101600286001,1004911440,CC,246,SPRING STREET,2912
2025101600286001,1004911244,CC,246,SPRING STREET,1206
2025101600286001,1004911295,CC,246,SPRING STREET,1709
2025101600286001,1004911347,CC,246,SPRING STREET,2202
2025101600286001,1004911586,CC,246,SPRING STREET,4301
2025101600286001,1004911346,CC,246,SPRING STREET,2201
2025101600286001,1004911560,CC,246,SPRING STREET,4004
2025101600286001,1004911344,CC,246,SPRING STREET,2111
2025101600286001,1004911227,CC,246,SPRING STREET,1101
2025101600286001,1004911218,CC,246,SPRING STREET,1004
2025101600286001,1004911539,CC,246,SPRING STREET,3807
2025101600286001,1004911388,CC,246,SPRING STREET,2508
2025101600286001,1004911269,CC,246,SPRING STREET,1507
2025101600286001,1004911335,CC,246,SPRING STREET,2101
2025101600286001,1004911272,CC,246,SPRING STREET,1510
2025101600286001,1004911498,CC,246,SPRING STREET,3502
2025101600286001,1004911220,CC,246,SPRING STREET,1006
2025101600286001,1004911555,CC,246,SPRING STREET,3911
2025101600286001,1004911229,CC,246,SPRING STREET,1103
2025101600286001,1004911306,CC,246,SPRING STREET,1808
2025101600286001,1004911366,CC,246,SPRING STREET,2310
2025101600286001,1004911462,CC,246,SPRING STREET,3110
2025101600286001,1004911223,CC,246,SPRING STREET,1009
2025101600286001,1004911377,CC,246,SPRING STREET,2409
2025101600286001,1004911546,CC,246,SPRING STREET,3902
2025101600286001,1004911368,CC,246,SPRING STREET,2312
2025101600286001,1004911249,CC,246,SPRING STREET,1211
2025101600286001,1004911403,CC,246,SPRING STREET,2611
2025101600286001,1004911551,CC,246,SPRING STREET,3907
2025101600286001,1004911281,CC,246,SPRING STREET,1607
2025101600286001,1004911581,CC,246,SPRING STREET,4201
2025101600286001,1004911247,CC,246,SPRING STREET,1209
2025101600286001,1004911280,CC,246,SPRING STREET,1606
2025101600286001,1004911570,CC,246,SPRING STREET,4102
2025101600286001,1004911424,CC,246,SPRING STREET,2808
2025101600286001,1004911204,CC,246,SPRING STREET,901
2025101600286001,1004911246,CC,246,SPRING STREET,1208
2025101600286001,1004911310,CC,246,SPRING STREET,1812
2025101600286001,1004911580,CC,246,SPRING STREET,4112
2025101600286001,1004911363,CC,246,SPRING STREET,2307
2025101600286001,1004911416,CC,246,SPRING STREET,2712
2025101600286001,1004911468,CC,246,SPRING STREET,3204
2025101600286001,1004911357,CC,246,SPRING STREET,2301
2025101600286001,1004911496,CC,246,SPRING STREET,3412
2025101600286001,1004911309,CC,246,SPRING STREET,1811
2025101600286001,1004911234,CC,246,SPRING STREET,1108
2025101600286001,1004911241,CC,246,SPRING STREET,1203
2025101600286001,1004911585,CC,246,SPRING STREET,4205
2025101600286001,1004911379,CC,246,SPRING STREET,2411
2025101600286001,1004911224,CC,246,SPRING STREET,1010
2025101600286001,1004911303,CC,246,SPRING STREET,1805
2025101600286001,1004911381,CC,246,SPRING STREET,2501
2025101600286001,1004911203,CC,246,SPRING STREET,810
2025101600286001,1004911488,CC,246,SPRING STREET,3403
2025101600286001,1004911526,CC,246,SPRING STREET,3706
2025101600286001,1004911222,CC,246,SPRING STREET,1008
2025101600286001,1004911356,CC,246,SPRING STREET,2212
2025101600286001,1004911511,CC,246,SPRING STREET,3603
2025101600286001,1004911399,CC,246,SPRING STREET,2607
2025101600286001,1004911238,CC,246,SPRING STREET,1112
2025101600286001,1004911435,CC,246,SPRING STREET,2907
2025101600286001,1004911345,CC,246,SPRING STREET,2112
2025101600286001,1004911273,CC,246,SPRING STREET,1511
2025101600286001,1004911491,CC,246,SPRING STREET,3407
2025101600286001,1004911480,CC,246,SPRING STREET,3307
2025101600286001,1004911262,CC,246,SPRING STREET,1412
2025101600286001,1004911283,CC,246,SPRING STREET,1609
2025101600286001,1004911451,CC,246,SPRING STREET,3011
2025101600286001,1004911211,CC,246,SPRING STREET,909
2025101600286001,1004911327,CC,246,SPRING STREET,2005
2025101600286001,1004911489,CC,246,SPRING STREET,3405
2025101600286001,1004911561,CC,246,SPRING STREET,4005
2025101600286001,1004911521,CC,246,SPRING STREET,3701
2025101600286001,1004911584,CC,246,SPRING STREET,4204
2025101600286001,1004911392,CC,246,SPRING STREET,2512
2025101600286001,1004911564,CC,246,SPRING STREET,4008
2025101600286001,1004911297,CC,246,SPRING STREET,1711
2025101600286001,1004911353,CC,246,SPRING STREET,2209
2025101600286001,1004911217,CC,246,SPRING STREET,1003
2025101600286001,1004911476,CC,246,SPRING STREET,3212
2025101600286001,1004911582,CC,246,SPRING STREET,4202
2025101600286001,1004911550,CC,246,SPRING STREET,3906
2025101600286001,1004911286,CC,246,SPRING STREET,1612
2025101600286001,1004911260,CC,246,SPRING STREET,1410
2025101600286001,1004911429,CC,246,SPRING STREET,2901
2025101600286001,1004911533,CC,246,SPRING STREET,3801
2025101600286001,1004911481,CC,246,SPRING STREET,3308
2025101600286001,1004911549,CC,246,SPRING STREET,3905
2025101600286001,1004911387,CC,246,SPRING STREET,2507
2025101600286001,1004911391,CC,246,SPRING STREET,2511
2025101600286001,1004911209,CC,246,SPRING STREET,907
2025101600286001,1004911352,CC,246,SPRING STREET,2208
2025101600286001,1004911308,CC,246,SPRING STREET,1810
2025101600286001,1004911389,CC,246,SPRING STREET,2509
2025081900255001,3025100100,CR,N/A,WEST STREET,
2025081900255001,3025020005,CR,N/A,WEST STREET,
2025081900255001,3025020001,CR,N/A,WEST STREET,
2025070200210058,2032390004,AP,2661,HEATH AVENUE,
2025070200210058,2032610102,AP,3320,BAILEY AVENUE,
2025070200210058,2028790043,AP,1865,UNIVERSITY AVENUE,
2025070200210058,2028680144,AP,1925,HARRISON AVENUE,
2025070200210058,2030620007,CR,N/A,MONTEREY AVENUE,
2025070200210058,2028690122,AP,1934,HARRISON AVENUE,
2025070200210058,2028690116,AP,1930,HARRISON AVENUE,
2025070200210058,2028790032,OT,1915,UNIVERSITY AVENUE,
2025070200210058,2030940045,CR,2091,PROSPECT AVENUE,
2025070200210058,2028690110,AP,1920,HARRISON AVENUE,
2025070200210058,2031300100,AP,1010,EAST 178 STREET,
2025070200210058,2030940018,VR,N/A,OAKLAND PLACE,
2025070200210058,2028790033,AP,1895,UNIVERSITY AVENUE,
2025070200210058,2030620021,AP,559,EAST 180 STREET,
2025070200210058,2028690077,AP,1886,HARRISON AVENUE,
2025070200210058,2030940014,AP,735,OAKLAND PLACE,
2025070200210058,2028790030,AP,1925,UNIVERSITY AVENUE,
2025070200210058,2028790041,AP,1875,UNIVERSITY AVENUE,
2025062700875004,4002390006,VN,30-25,QUEENS BOULEVARD,
2025062700800001,1000530003,CR,103,WASHINGTON STREET,
2025062700800001,1000530002,OT,99,WASHINGTON STREET,
2025070200282001,4008500100,CR,N/A,20 AVENUE,
2025070200210058,2030940040,CR,750,EAST 180 STREET,
2025052000240002,1013161027,CC,205,EAST 42 STREET,19
2025042900920002,1013161009,CC,205,EAST 42 STREET,1
2025042900920002,1013161032,CC,205,EAST 42ND STREET,PH10
2025042900920002,1013161031,CC,205,EAST 42ND STREET,PH5
2025042900920002,1013161006,CC,205,EAST 42ND STREET,8
2025042900920002,1013160005,CR,205,EAST 42ND STREET,
2025042900920002,1013161005,CC,205,EAST 42ND STREET,215
2025042900920002,1013161013,CC,205,EAST 42ND STREET,55
2025042900920002,1013161025,CC,205,EAST 42ND STREET,17
2025042900920002,1013161022,CC,205,EAST 42ND STREET,14
2025042900920002,1013161029,CC,205,EAST 42ND STREET,PH1
2025042900920002,1013161024,CC,205,EAST 42ND STREET,16
2025042900920002,1013161030,CC,205,EAST 42ND STREET,ST210
2025042900920002,1013161014,CC,205,EAST 42ND STREET,6
2025042900920002,1013161023,CC,205,EAST 42ND STREET,15
2025042900920002,1013161028,CC,205,EAST 42ND STREET,20
2025042900920002,1013161001,CC,205,EAST 42ND STREET,203
2025042900920002,1013161003,CC,205,EAST 42ND STREET,9
2025042900920002,1013161004,CC,205,EAST 42ND STREET,211
2025042900920002,1013161027,CC,205,EAST 42ND STREET,19
2025042900920002,1013161002,CC,205,EAST 42ND STREET,7
2025050100595001,3009720058,CR,225,THIRD STREET,
2025052000239004,1009970029,OF,1155,AVENUE OF THE AMER,
2025052000240002,1013161014,CC,205,EAST 42 STREET,6
2025052000240002,1013161028,CC,205,EAST 42 STREET,20
2025052000240002,1013161013,CC,205,EAST 42 STREET,55
2025052000240002,1013161009,CC,205,EAST 42 STREET,1
2025052000240002,1013161004,CC,205,EAST 42 STREET,211
2025052000240002,1013161031,CC,205,EAST 42 STREET,PH5
2025052000240002,1013161032,CC,205,EAST 42 STREET,PH10
2025052000240002,1013161029,CC,205,EAST 42 STREET,PH
2025052000240002,1013161023,CC,205,EAST 42 STREET,15
2025052000240002,1013161030,CC,205,EAST 42 STREET,ST210
2025052000240002,1013161025,CC,205,EAST 42 STREET,17
2025052000240002,1013161006,CC,205,EAST 42 STREET,8
2025052000240002,1013161001,CC,205,EAST 42 STREET,203
2025052000240002,1013161005,CC,205,EAST 42 STREET,215
2025052000240002,1013161024,CC,205,EAST 42 STREET,16
2025052000240002,1013161022,CC,205,EAST 42 STREET,14
2025052600025008,1013160012,OF,219,EAST 42ND STREET,
2025052600025008,1013160023,CR,235,EAST 42 STREET,
2025032100507003,1012620041,VN,576,5 AVENUE,
2025040700957016,2045810001,CR,1130,BURKE AVENUE,
2025010200316001,3000000000,UT,0,0,
2025010200316001,3006620001,UT,269,37 STREET,
2025010200316001,3006530007,UT,N/A,27 STREET,
2025031400096001,1012780014,OF,334-342,MADISON AVENUE,
2025031300353001,1007581003,CR,333,WEST 34 STREET,C
2025031300353001,1007581001,CR,333,WEST 34 STREET,A
2025031300353001,1007581002,CR,333,WEST 34 STREET,B
2025010200316001,3006530003,UT,N/A,26 STREET,
2025010200316001,3006620001,UT,269,37 STREET,
2025010200316001,3006530007,UT,N/A,27 STREET,
2025010200151001,1008610044,CR,470,PARK AVENUE SOUTH,
2024120300888003,1013040020,CR,541,LEXINGTON AVENUE,
2024121200600001,3006120150,CR,280,RICHARDS STREET,
2024123000896001,1008130016,OF,1375,BROADWAY,
2024123000896002,1008130016,OF,1375,BROADWAY,
2024112101184001,2023540001,CR,580,RIVER AVENUE,
2024092900046058,1020110063,AP,2449,ADAM C POWELL JR BLVD,
2024092900046058,1020120056,AP,158,WEST 144 STREET,
2024092900046058,1020120009,OT,155,WEST 143 STREET,
2024092900046058,1020120014,AP,145,WEST 143 STREET,
2024092900046058,1020120018,AP,135,WEST 143 STREET,
2024092900046058,1020110007,OT,157,WEST 142 STREET,
2024092900046058,1020120058,AP,162,WEST 144 STREET,
2024092900046058,1020070043,AP,112,WEST 139 STREET,
2024092900046058,1020120064,AP,2469,ADAM C POWELL JR BLVD,
2024092900046058,1020120061,AP,164,WEST 144 STREET,
2024092900046058,1020070045,AP,116,WEST 139 STREET,
2024092900046058,1020110033,AP,649,MALCOLM X BLVD,
2024092900046058,1020130026,AP,109,WEST 144 STREET,
2024092900046058,1020130022,AP,117,WEST 144 STREET,
2024092900046058,1020150005,AP,164,WEST 147 STREET,
2024092900046058,1020120052,AP,148,WEST 144 STREET,
2024092900046058,1020110061,AP,2453,ADAM C POWELL JR BLVD,
2024092900046058,1020110022,AP,129,WEST 142 STREET,
2024092900046058,1020120020,AP,131,WEST 143 STREET,
2024100200467054,2041710024,AP,3031-3035,MIDDLETOWN ROAD,
2024100200467054,2052630040,AP,3475-3485,BIVONA STREET,
2024100200467054,2052630070,AP,3540-3550,BIVONA STREET,
2024100200467054,2044310001,AP,2430-2440,BOSTON ROAD,
2024101400339001,1013750021,OF,653,MADISON AVENUE,
2024092900046058,1020130016,AP,129,WEST 144 STREET,
2024092900046058,1020130018,AP,125,WEST 144 STREET,
2024092900046058,1020120001,AP,167,WEST 143 STREET,
2024092900046058,1020120003,AP,2465,ADAM C POWELL JR BLVD,
2024092900046058,1020110011,AP,149,WEST 142 STREET,
2024092900046058,1020120006,AP,163,WEST 143 STREET,
2024092900046058,1020110031,AP,645,MALCOLM X BLVD,
2024092900046058,1020120015,AP,143,WEST 143 STREET,
2024092900046058,1020130024,AP,113,WEST 144 STREET,
2024092900046058,1020120011,AP,151,WEST 143 STREET,
2024092900046058,1020110015,AP,141,WEST 142 STREET,
2024092900046058,1020090044,AP,144,WEST 141 STREET,
2024092900046058,1020090064,AP,2407,ADAM C POWELL JR BLVD,
2024092900046058,1020110013,AP,145,WEST 142 STREET,
2024092900046058,1020110001,AP,2441,ADAM C POWELL JR BLVD,
2024092900046058,1020070044,VN,114,WEST 139 STREET,
2024092900046058,1020110014,AP,143,WEST 142 STREET,
2024092900046058,1020130014,AP,133,WEST 144 STREET,
2024092900046058,1020120008,AP,159,WEST 143 STREET,
2024092900046058,1020090063,AP,2409,ADAM C POWELL JR BLVD,
2024092900046058,1020110008,OT,155,WEST 142 STREET,
2024092900046058,1020120063,AP,2473,ADAM C POWELL JR BLVD,
2024091000237001,1000390012,OF,110,MAIDEN LANE,
2024090600527001,1001020001,OT,154,NASSAU STREET,
2024080500318001,3025670001,CR,43,WEST STREET,
2024062600757001,3022830001,CR,111,NORTH 12TH STREET,
2024062800535005,1016250033,CR,1760,3 AVENUE,
2024063000041001,1013030033,CR,780,THIRD AVENUE,
2024060600371009,1015110031,AP,175,EAST 82ND STREET,
2024060600371009,1015110033,AP,170,EAST 83RD STREET,
2024043000370001,1012710071,CR,1370,AVENUE OF THE AMERICAS,
2024042500065001,1000890012,CR,222,BROADWAY,
2024030500474005,3021340001,CR,N/A,KENT AVENUE,
2024011100115001,1014551003,CC,401,EAST 60TH STREET,GARGE
2024011100115001,1014551001,CC,401,EAST 60TH STREET,RETL1
2026031000897001,1007101301,CC,509,WEST 38 STREET,RETL
2026031000897001,1007101304,CC,509,WEST 38 STREET,MARK
2026031000897001,1007101305,CC,509,WEST 38 STREET,AFF
2026021300111001,1002330002,CR,9,CROSBY STREET,
2026021300125001,1000980001,VN,250,WATER STREET,
2026011500410002,4115430002,CR,110-10,ROCKAWAY BOULEVARD,
2026012300850017,4002391102,OT,31-08,NORTHERN BLVD,UU
2026010900880001,1012900006,CR,3-11,EAST 54 STREET,
2025121700647005,1013750127,CR,39,EAST 60 STREET,
2025112401205002,3025560001,CR,97,WEST STREET,
2025120200784001,1013090032,CR,900,3RD AVENUE,
2025120300340015,1012591283,SC,520,FIFTH AVENUE,67A
2025120300340015,1012591247,SC,520,FIFTH AVENUE,54B
2025120300340015,1012591265,SC,520,FIFTH AVENUE,58D
2025120300340015,1012591238,SC,520,FIFTH AVENUE,52A
2025120300340015,1012591264,SC,520,FIFTH AVENUE,58C
2025120300340015,1012591303,SC,520,FIFTH AVENUE,PH80
2025120300340015,1012591201,OT,520,FIFTH AVENUE,RET
2025120300340015,1012591213,SC,520,FIFTH AVENUE,45C
2025120300340015,1012591257,SC,520,FIFTH AVENUE,56D
2025120300340015,1012591301,SC,520,FIFTH AVENUE,PH78
2025120300340015,1012591302,SC,520,FIFTH AVENUE,PH79
2025120300340015,1012591282,SC,520,FIFTH AVENUE,66B
2025120300340015,1012591230,SC,520,FIFTH AVENUE,50A
2025120300340015,1012591253,SC,520,FIFTH AVENUE,55D
2025120300340015,1012591275,SC,520,FIFTH AVENUE,63A
2025120300340015,1012591291,SC,520,FIFTH AVENUE,71A
2025120300340015,1012591259,SC,520,FIFTH AVENUE,57B
2025120300340015,1012591251,SC,520,FIFTH AVENUE,55B
2025120300340015,1012591300,SC,520,FIFTH AVENUE,PH77
2025120300340015,1012591298,SC,520,FIFTH AVENUE,PH75
2025120300340015,1012591261,SC,520,FIFTH AVENUE,57D
2025120300340015,1012591286,SC,520,FIFTH AVENUE,68B
2025120300340015,1012591215,SC,520,FIFTH AVENUE,46B
2025120300340015,1012591274,SC,520,FIFTH AVENUE,61A
2025120300340015,1012591214,SC,520,FIFTH AVENUE,46A
2025120300340015,1012591268,SC,520,FIFTH AVENUE,59C
2025120300340015,1012591290,SC,520,FIFTH AVENUE,70B
2025120300340015,1012591219,SC,520,FIFTH AVENUE,47B
2025120300340015,1012591207,SC,520,FIFTH AVENUE,43A
2025120300340015,1012591292,SC,520,FIFTH AVENUE,71B
2025120300340015,1012591254,SC,520,FIFTH AVENUE,56A
2025120300340015,1012591228,SC,520,FIFTH AVENUE,49C
2025120300340015,1012591270,SC,520,FIFTH AVENUE,60A
2025120300340015,1012591285,SC,520,FIFTH AVENUE,68A
2025120300340015,1012591280,SC,520,FIFTH AVENUE,65B
2025120300340015,1012591299,SC,520,FIFTH AVENUE,PH76
2025120300340015,1012591288,SC,520,FIFTH AVENUE,69B
2025120300340015,1012591281,SC,520,FIFTH AVENUE,66A
2025120300340015,1012591209,SC,520,FIFTH AVENUE,44A
2025120300340015,1012591243,SC,520,FIFTH AVENUE,53B
2025120300340015,1012591223,SC,520,FIFTH AVENUE,48B
2025120300340015,1012591255,SC,520,FIFTH AVENUE,56B
2025120300340015,1012591250,SC,520,FIFTH AVENUE,55A
2025120300340015,1012591240,SC,520,FIFTH AVENUE,52C
2025120300340015,1012591296,SC,520,FIFTH AVENUE,73B
2025120300340015,1012591262,SC,520,FIFTH AVENUE,58A
2025120300340015,1012591272,SC,520,FIFTH AVENUE,60C
2025120300340015,1012591210,SC,520,FIFTH AVENUE,44B
2025120300340015,1012591246,SC,520,FIFTH AVENUE,54A
2025120300340015,1012591241,SC,520,FIFTH AVENUE,52D
2025120300340015,1012591225,SC,520,FIFTH AVENUE,48D
2025120300340015,1012591277,SC,520,FIFTH AVENUE,64A
2025120300340015,1012591293,SC,520,FIFTH AVENUE,72A
2025120300340015,1012591221,SC,520,FIFTH AVENUE,47D
2025120300340015,1012591244,SC,520,FIFTH AVENUE,53C
2025120300340015,1012591202,CC,520,FIFTH AVENUE,CU
2025120300340015,1012591242,SC,520,FIFTH AVENUE,53A
2025120300340015,1012591232,SC,520,FIFTH AVENUE,50C
2025120300340015,1012591295,SC,520,FIFTH AVENUE,73A
2025120300340015,1012591267,SC,520,FIFTH AVENUE,59B
2025120300340015,1012591245,SC,520,FIFTH AVENUE,53D
2025120300340015,1012591269,SC,520,FIFTH AVENUE,59D
2025120300340015,1012591278,SC,520,FIFTH AVENUE,64B
2025120300340015,1012591284,SC,520,FIFTH AVENUE,67B
2025120300340015,1012591294,SC,520,FIFTH AVENUE,72B
2025120300340015,1012591266,SC,520,FIFTH AVENUE,59A
2025120300340015,1012591212,SC,520,FIFTH AVENUE,45B
2025120300340015,1012591229,SC,520,FIFTH AVENUE,49D
2025120300340015,1012591287,SC,520,FIFTH AVENUE,69A
2025120300340015,1012591252,SC,520,FIFTH AVENUE,55C
2025120300340015,1012591226,SC,520,FIFTH AVENUE,49A
2025120300340015,1012591248,SC,520,FIFTH AVENUE,54C
2025120300340015,1012591297,SC,520,FIFTH AVENUE,PH74
2025120300340015,1012591227,SC,520,FIFTH AVENUE,49B
2025120300340015,1012591222,SC,520,FIFTH AVENUE,48A
2025120300340015,1012591235,SC,520,FIFTH AVENUE,51B
2025120300340015,1012591217,SC,520,FIFTH AVENUE,46D
2025120300340015,1012591237,SC,520,FIFTH AVENUE,51D
2025120300340015,1012591231,SC,520,FIFTH AVENUE,50B
2025120300340015,1012591233,SC,520,FIFTH AVENUE,50D
2025120300340015,1012591249,SC,520,FIFTH AVENUE,54D
2025120300340015,1012591216,SC,520,FIFTH AVENUE,46C
2025120300340015,1012591224,SC,520,FIFTH AVENUE,48C
2025120300340015,1012591236,SC,520,FIFTH AVENUE,51C
2025120300340015,1012591289,SC,520,FIFTH AVENUE,70A
2025120300340015,1012591204,BS,520,FIFTH AVENUE,RU
2025120300340015,1012591218,SC,520,FIFTH AVENUE,47A
2025120300340015,1012591260,SC,520,FIFTH AVENUE,57C
2025120300340015,1012591273,SC,520,FIFTH AVENUE,60D
2025120300340015,1012591211,SC,520,FIFTH AVENUE,45A
2025120300340015,1012591220,SC,520,FIFTH AVENUE,47C
2025120300340015,1012591258,SC,520,FIFTH AVENUE,57A
2025120300340015,1012591234,SC,520,FIFTH AVENUE,51A
2025120300340015,1012591276,SC,520,FIFTH AVENUE,63B
2025120300340015,1012591206,SC,520,FIFTH AVENUE,42C
2025120300340015,1012591256,SC,520,FIFTH AVENUE,56C
2025120300340015,1012591208,SC,520,FIFTH AVENUE,43B
2025120300340015,1012591203,CR,520,FIFTH AVENUE,OU
2025120300340015,1012591205,SC,520,FIFTH AVENUE,42B
2025120300340015,1012591279,SC,520,FIFTH AVENUE,65A
2025120300340015,1012591263,SC,520,FIFTH AVENUE,58B
2025120300340015,1012591239,SC,520,FIFTH AVENUE,52B
2025120300340015,1012591271,SC,520,FIFTH AVENUE,60B
2025120300362001,1009930022,CR,115,WEST 40 STREET,
2025121600613001,3002440001,OF,205,MONTAGUE STREET,
2025121700041001,1012890036,OF,390,PARK AVENUE,
2025121700647005,1013750147,CR,34,EAST 61 STREET,
2025121700647005,1013750026,CR,35,EAST 60 STREET,
2025121700647005,1013750027,CR,37,EAST 60 STREET,6
2025121700647005,1013750021,CR,653,MADISON AVENUE,
2025122600459007,2028760037,AP,81,FEATHERBED LANE,
2025122600459007,2028720005,AP,1378,SHAKESPEARE AVENUE,
2025122600459007,2025350001,AP,1360,MERRIAM AVENUE,
2025122600459007,2028740033,AP,1465,NELSON AVENUE,
2025122600459007,2025360001,AP,1406,MERRIAM AVENUE,
2025122600459007,2028720123,AP,1476,SHAKESPEARE AVENUE,
2025122600459007,2028720256,AP,1592,JESUP AVENUE,
2025122600459007,2025210035,VR,N/A,NELSON AVENUE,
2025122600459007,2028720259,VR,1590,JESUP AVENUE,
2025122600459007,2028740134,AP,1485,NELSON AVENUE,
2025122600459007,2028720205,AP,1455,JESUP AVENUE,
2025122600459007,2028740037,AP,1445,NELSON AVENUE,
2025122600459007,2028730165,CR,N/A,SHAKESPEARE AVENUE,
2025122600459007,2025330084,AP,1421,UNIVERSITY AVENUE,
2025122600459007,2028730016,AP,1410,NELSON AVENUE,
2025122600459007,2025370041,OT,1431,UNIVERSITY AVENUE,
2025122600459007,2028730080,AP,115,WEST 172 STREET,
2025122600459007,2025370038,AP,1435,UNIVERSITY AVENUE,
2025122600459007,2028760040,AP,93,FEATHERBED LANE,
2025122600459007,2028720254,OT,1600,JESUP AVENUE,
2025122600459007,2025210024,AP,1391,EDWARD L GRANT HWY,
2025122600459007,2025360007,OT,1430,MERRIAM AVENUE,
2025122600459007,2025330086,AP,1419,UNIVERSITY AVENUE,
2025122600459007,2025360026,AP,1435,OGDEN AVENUE,
2025122600459007,2025200023,AP,1344,NELSON AVENUE,
2025122600459007,2025210031,AP,1375,NELSON AVENUE,
2025122600459007,2028730058,AP,1419,SHAKESPEARE AVENUE,
2025122600459007,2025370036,AP,1439,UNIVERSITY AVENUE,
2025102900286007,3048330103,CR,55,SPARROW WAY,
2025102900286007,3048330101,CR,25,SPARROW WAY,
2025100200479059,3014920001,AP,23,SARATOGA AVENUE,
2025100200479059,3015280033,AP,24,MOTHER GASTON BOULEVARD,
2025100200479059,3016310058,VR,863,GATES AVENUE,
2025100200479059,3017610045,AP,701,WILLOUGHBY AVENUE,
2025100200479059,3015290001,AP,15,MOTHER GASTON BLVD,
2025100200479059,3016310031,AP,885,GATES AVENUE,
2025100200479059,3016310009,AP,690,QUINCY STREET,
2025100200479059,3016310060,VR,859,GATES AVENUE,
2025100200479059,3017610063,AP,671,WILLOUGHBY AVENUE,
2025101300426004,1008530001,CR,5,MADISON AVENUE,
2025100200479058,3015280033,AP,24,MOTHER GASTON BOULEVARD,
2025100200479058,3016310009,AP,690,QUINCY STREET,
2025100200479058,3017610063,AP,671,WILLOUGHBY AVENUE,
2025100200479058,3014920001,AP,23,SARATOGA AVENUE,
2025100200479058,3016310001,AP,855,GATES AVENUE,
2025100200479058,3014920006,VN,946,HANCOCK STREET,
2025100200479058,3017610061,AP,675,WILLOUGHBY AVENUE,
2025100200326004,1012770008,OF,6,EAST 43RD STREET,
2025100200326002,1012770008,OF,6,EAST 43RD STREET,
2025100200479059,3014920006,VN,946,HANCOCK STREET,
2025100200479059,3017610061,AP,675,WILLOUGHBY AVENUE,
2025100200479059,3016310061,VR,857,GATES AVENUE,
2025100200479059,3016310034,VN,128,MALCOLM X BOULEVARD,
2025100200479059,3016350003,AP,245,LEWIS AVENUE,
2025100200479059,3016360024,AP,150,MALCOLM X BOULEVARD,
2025100200479059,3017690001,AP,281,THROOP AVENUE,
2025100200479059,3016350041,AP,770,GATES AVENUE,
2025100200479059,3016310001,AP,855,GATES AVENUE,
2025100200479058,3016310058,VR,863,GATES AVENUE,
2025100200479058,3017690001,AP,281,THROOP AVENUE,
2025100200479058,3016310034,VN,128,MALCOLM X BOULEVARD,
2025100200479058,3016310060,VR,859,GATES AVENUE,
2025100200479058,3016310061,VR,857,GATES AVENUE,
2025100200479058,3016350041,AP,770,GATES AVENUE,
2025100200479058,3017610045,AP,701,WILLOUGHBY AVENUE,
2025100200479058,3016350003,AP,245,LEWIS AVENUE,
2025100200479058,3015290001,AP,15,MOTHER GASTON BLVD,
2025100200479058,3016360024,AP,150,MALCOLM X BOULEVARD,
2025100200479058,3016310031,AP,885,GATES AVENUE,
2025091600414003,4007040001,AP,44-01,NORTHERN BOULEVARD,
2025081500655001,1013051107,OT,569,LEXINGTON AVE,7
2025081500655001,1013051116,OT,569,LEXINGTON AVE,16
2025081500655001,1013051117,OT,569,LEXINGTON AVE,17
2025081500655001,1013051108,OT,569,LEXINGTON AVE,8
2025081400879001,1010120029,CR,205,WEST 40 STREET,
2025081500655001,1013051106,OT,569,LEXINGTON AVE,6
2025073000677004,1021750001,CR,4650,BROADWAY,
2025081500655001,1013051101,TS,569,LEXINGTON AVE,1
2025052200085003,2041780005,AP,3565,BRUCKNER BOULEVARD,
2025052200085003,2032980016,AP,2966,BRIGGS AVENUE,
2025052200085003,2032230034,AP,120,WEST 183 STREET,
2025052200085003,2050430001,AP,4305,FURMAN AVENUE,
2025052200085003,2032490010,AP,2780,UNIVERSITY AVENUE,
2025052200085003,2032370133,AP,2575,SEDGWICK AVENUE,
2025052200085003,2043170046,AP,2165,BOLTON STREET,
2025052200085003,2042860022,AP,2100,BRONX PARK EAST,
2025052200085003,2032370050,VR,N/A,HEATH AVENUE,
2025052200085003,2033320021,AP,3070,HULL AVENUE,
2025052200085003,2033060018,AP,210,EAST 201 STREET,
2025052200085003,2033070058,AP,221,EAST 201 STREET,
2025052200085003,2032990021,AP,316,MOSHOLU PARKWAY,
2025052200085003,2048190034,AP,3920,BRONX BOULEVARD,
2025052200085003,2033070053,AP,3001,VALENTINE AVENUE,
2025052200085003,2032970043,AP,250,BEDFORD PARK BLVD,
2025052200085003,2043170085,AP,2160,BOLTON STREET,
2025052200085003,2043170092,AP,2180,BOLTON STREET,
2025052200085003,2033230032,AP,19,VAN CORTLANDT AVENUE,
2025052200085003,2033110087,AP,3155,GRAND CONCOURSE,
2025052200085003,2033270063,AP,55,EAST 210 STREET,
2025052200085003,2033480060,AP,3339,HULL AVENUE,
2025052200085003,2043190001,AP,2140,CRUGER AVENUE,
2025052200085003,2048330028,AP,655,EAST 230 STREET,
2025052200085003,2032990041,AP,275,EAST 201 STREET,
2025052200085003,2033130029,AP,100,EAST MOSHOLU PARKWAY,
2025052200085003,2031560044,AP,2056,ANTHONY AVENUE,
2025052200085003,2032370052,VR,N/A,HEATH AVENUE,
2025052200085003,2032630284,AP,3881,SEDGWICK AVENUE,
2025052200085003,2033260155,AP,35,EAST 208 STREET,
2025052200085003,2041960030,AP,3073,BUHRE AVENUE,
2025052200085003,2033200044,AP,222,BEDFORD PARK BLVD,
2025052200085003,2032370140,AP,2559,SEDGWICK AVENUE,
2025052200085003,2043200005,AP,2160,HOLLAND AVENUE,
2025052200085003,2033070007,AP,3010,VALENTINE AVENUE,
2025052200085003,2033070084,AP,3013,VALENTINE AVENUE,
2025052200085003,2032370054,VR,N/A,HEATH AVENUE,
2025061201097005,1010070029,OF,1345,AVENUE OF THE AMERICAS,
2025050200454008,1008051105,OT,835,AVENUE OF THE AMERICAS,GARM
2025050200454008,1008051103,TS,835,AVENUE OF THE AMERICAS,HOTEL
2025050200454008,1008051101,OT,835,AVENUE OF THE AMERICAS,RET
2025050200454008,1008051104,OT,835,AVENUE OF THE AMERICAS,GARC
2025050200454008,1008051102,OT,835,AVENUE OF THE AMERICAS,REST
2025040800259032,4009060005,VN,8-01,26 AVENUE,
2025042800549001,1005141302,CC,109,PRINCE STREET,C2
2025042800549001,1005141301,CC,109,PRINCE STREET,C1
2025040800259032,4009060001,VN,8-51,26 AVENUE,
2025020600890001,1013160023,CR,235,EAST 42 STREET,
2025011700644001,3027320012,AP,88,RICHARDSON STREET,
2025012400992011,3045860298,VR,N/A,ERSKINE STREET,
2025012400992011,3045860297,VR,N/A,FOUNTAIN AVENUE,
2025012400992011,3045860299,CR,N/A,FOUNTAIN AVENUE,
2025010200845002,3026120001,CR,400,KINGSLAND AVENUE,
2025010200840010,3024281105,CC,325,KENT AVENUE,R3
2025010200840010,3024281102,CC,325,KENT AVENUE,P1
2025010200840010,3024281104,CC,325,KENT AVENUE,R2
2025010200840010,3024281101,CC,325,KENT AVENUE,C1
2025010200840010,3024281103,CC,325,KENT AVENUE,R1
2025010200840006,3024281105,CC,325,KENT AVENUE,R3
2025010200840006,3024281101,CC,325,KENT AVENUE,C1
2025010200840006,3024281103,CC,325,KENT AVENUE,R1
2025010200840006,3024281102,CC,325,KENT AVENUE,P1
2025010200840006,3024281104,CC,325,KENT AVENUE,R2
2024121001043001,3021061103,MC,29,FLATBUSH AVENUE,C
2024121001043001,3021061101,CC,29,FLATBUSH AVENUE,A
2024121001043001,3021061104,PS,29,FLATBUSH AVENUE,D
2024121001043001,3021061102,MC,29,FLATBUSH AVENUE,B
2024121000938003,1010511107,CR,450,WEST 42ND STREET,HOTEL
2024103100823001,2033370035,CR,3348,ROCHAMBEAU AVENUE,
2024110500898004,1014011002,PS,165,EAST 66TH ST,GAR
2024110500898004,1014011003,AP,165,EAST 66TH ST,RES
2024110100242006,1008640049,AP,30,EAST 35TH STREET,
2024110100242006,1008640051,RS,26,EAST 35TH STREET,
2024110100242006,1008640047,RS,34,EAST 35TH STREET,
2024110100242006,1008640048,AP,32,EAST 35TH STREET,
2024110100242006,1008640050,RS,28,EAST 35TH STREET,
2024103100823001,2033270001,CR,111,EAST 210 STREET,
2024103100823001,2033430283,CR,170,EAST GUN HILL ROAD,
2024103000647008,1008510001,OF,175,FIFTH AVENUE,
2024101000297001,1009621108,IB,550,1ST AVENUE,KML-H
2024101000297001,1009621072,IB,550,1ST AVENUE,HCC-H
2024101000297001,1009230001,CR,302,2 AVENUE,
2024101000297001,1009621028,IB,550,1ST AVENUE,UH-H
2024101000297001,1008890050,CR,160,EAST 34TH STREET,
2024073100470011,1005960030,CR,80,CLARKSON STREET,
2024062800535011,1016250033,CR,1760,3 AVENUE,
2024072500475001,1001020001,OT,154,NASSAU STREET,
2024070500280001,1012721224,SC,730,FIFTH AVENUE,26A
2024051500119003,1019840028,AP,1440,AMSTERDAM AVENUE,
2024053100836006,3004450011,AP,395,CARROLL ST,
2024053100836006,3004450050,OT,DEMAPPED,FKA PRESIDENT STREET,0
2024061800154001,1010291260,SC,217,WEST 57TH STREET,107
2024053100836006,3004380001,AP,325,BOND STREET,
2024033000030012,3044340010,CR,30,INSPIRATION LANE,
2026022400595008,2023440060,VR,261,WALTON AVENUE,
2026032900010001,2024300045,CR,1160,TELLER AVENUE,
2026030900405001,4001830051,CR,42-02,NORTHERN BOULEVARD,
2026030200423006,3043690011,OT,520,STANLEY AVENUE,
2026030200423006,3043750050,OT,696,STANLEY AVENUE,
2026030200423006,3043930001,AP,180,WORTMAN AVENUE,
2026030200423006,3043970001,AP,270,WORTMAN AVENUE,
2026030200423006,3043690001,AP,875,PENNSYLVANIA AVENUE,
2026030200423006,3043710001,AP,570,STANLEY AVENUE,
2026021700661001,3002900013,CR,340,HENRY STREET,
2026010701032001,3004621004,CC,125,3RD STREET,R1
2026012700462001,1003971301,OT,250,EAST HOUSTON STREET,1
2026012700462001,1003971302,OT,250,EAST HOUSTON STREET,2
2026012300850009,4049450034,CR,34-01,COLLEGE POINT BLVD,
2026012200003002,1000510001,CR,101,GREENWICH STREET,
2026010900967003,4050661203,CC,40-22,COLLEGE POINT BLVD,D
2026010701032001,3004621001,CC,125,3RD STREET,C1
2026010701032001,3004621002,CC,125,3RD STREET,TH1
2026010701032001,3004621003,CC,125,3RD STREET,TH2
2025122800004059,3083290225,AP,9910,SEAVIEW AVENUE,
2025111000741003,4096210001,AP,134-20,87TH AVENUE,
2025122600501006,1008060076,CR,371,7 AVENUE,
2025122600501006,1008060069,CR,148,WEST 31 STREET,
2025122400166009,2024890060,CR,1225,GERARD AVENUE,
2025120800143001,3056310001,CR,4813,9 AVENUE,
2025111000741003,4092450300,AP,84-20,AUSTIN STREET,
2025111000741003,4030970038,AP,64-85,WETHEROLE STREET,
2025111000741003,4031640054,AP,67-15,DARTMOUTH STREET,
2025111000741003,4030850008,AP,64-20,SAUNDERS STREET,
2025111000741003,4096310227,AP,123-30,83 AVENUE,
2025111000741003,4030840020,AP,97-50,QUEENS BOULEVARD,
2025111000741003,4020900026,AP,63-60,98 STREET,
2025111000741003,4030870007,AP,65-44,SAUNDERS STREET,
2025111700733009,1013161019,CR,205,EAST 42 STREET,11
2025102300573005,1017910001,CR,225,EAST 126 STREET,
2025103000408006,2024960064,CR,N/A,RIVER AVENUE,
2025111700733009,1013161017,CR,205,EAST 42 STREET,99
2025111700733009,1013161012,CR,205,EAST 42 STREET,4
2025111700733009,1013161009,CR,205,EAST 42 STREET,1
2025111700733009,1013161014,CR,205,EAST 42 STREET,6
2025111700733009,1013161030,CR,205,EAST 42 STREET,ST210
2025111700733009,1013161024,CR,205,EAST 42 STREET,16
2025111700733009,1013161007,CR,205,EAST 42 STREET,5
2025111700733009,1013161005,CR,205,EAST 42 STREET,215
2025111700733009,1013161001,CR,205,EAST 42 STREET,203
2025111700733009,1013161008,CR,205,EAST 42 STREET,ADMIS
2025111700733009,1013161010,CR,205,EAST 42 STREET,2
2025111700733009,1013161016,CR,205,EAST 42 STREET,88
2025111700733009,1013161018,CR,205,EAST 42 STREET,10
2025111700733009,1013161022,CR,205,EAST 42 STREET,14
2025111700733009,1013161023,CR,205,EAST 42 STREET,15
2025111700733009,1013161015,CR,205,EAST 42 STREET,77
