document_id,party_type,party_role,name
2026030200174005,1,SELLER,RIVER'S EDGE
2026030200423005,1,SELLER,STANLEY AVENUE PRESERVATION HDFC
2026030200423005,2,BUYER,NEW YORK CITY HOUSING DEVELOPMENT CORPORATION
2026030200174005,2,BUYER,BUILD NYC RESOURCE CORPORATION
2026030200174005,1,SELLER,"RIVERSPRING HEALTH SENIOR LIVING, INC."
2026030200423005,1,SELLER,STANLEY AVENUE PRESERVATION LLC
2026031100344013,2,BUYER,MANUFACTURERS AND TRADERS TRUST COMPANY
2026031100344013,1,SELLER,280 KENT N LLC
2026030200174005,2,BUYER,THE BANK OF NEW YORK MELLON
2026020500950001,2,BUYER,400 EAST 84TH STREET OWNERS CORP
2026020500896002,1,SELLER,731 COMMERCIAL LLC
2026020500896002,2,BUYER,ALX REGO HOLDINGS LLC
2026021100436002,2,BUYER,CALIFORNIA PUBLIC EMPLOYEES' RETIREMENT SYSTEM
2026021100436002,1,SELLER,FSP 787 SEVENTH LLC
2026020500950001,1,SELLER,400 EAST 84TH STREET ASSOCIATES L.P
2026020500896002,1,SELLER,731 RETAIL ONE LLC
2025122800004069,1,SELLER,BAY VIEW HOUSING DEVELOPMENT FUND CORPORATION
2025122800004066,1,SELLER,BAY VIEW PACT LLC
2025122800004066,2,BUYER,NEW YORK CITY HOUSING DEVELOPMENT CORPORATION
2026011500410001,2,BUYER,"WELLS FARGO BANK, NATIONAL ASSOCIATION"
2026011500410001,1,SELLER,GENTING NEW YORK LLC
2026010900967001,2,BUYER,"SATURN CONDOMINIUM, LLC"
2026010900967001,1,SELLER,BRE SKYVIEW RETAIL OWNER LLC
2025123001296001,1,SELLER,"SCHOLASTIC 557 BROADWAY, LLC"
2025123001296001,2,BUYER,"ESRT 555-557 BROADWAY, L.L.C."
2025122800004069,2,BUYER,NEW YORK CITY HOUSING AUTHORITY
2025122800004069,1,SELLER,BAY VIEW PACT LLC
2025122800004066,1,SELLER,BAY VIEW HOUSING DEVELOPMENT FUND CORPORATION
2025122600501001,2,BUYER,BG STEWART HOUSING DEVELOPMENT FUND CORPORATION
2025122600501001,1,SELLER,CYH MANHATTAN LLC
2025122600501001,2,BUYER,371 7TH AVENUE OWNER LLC
2025121800945002,2,BUYER,CREDIT AGRICOLE CORPORATE AND INVESTMENT BANK
2025121800945002,1,SELLER,"NEW 717 FIFTH AVE, LLC"
2025120900893003,2,BUYER,"2GC OWNERS, LLC"
2025120900893003,1,SELLER,NRCF 2GC LLC
2025093001029005,1,SELLER,WILLIAMSBURG PACT LLC
2025093001029005,2,BUYER,NEW YORK CITY HOUSING DEVELOPMENT CORPORATION
2025093001029005,1,SELLER,PARTNERSHIP COMMUNITY HOUSING DEVELOPMENT FUND
2025102700710003,1,SELLER,BSREP III NERO LLC
2025102700710003,2,BUYER,ING CAPITAL LLC
2025102700710003,2,BUYER,"BANK OF AMERICA, N.A."
2025102700710003,2,BUYER,CITI REAL ESTATE FUNDING INC.
2025102700710003,2,BUYER,BARCLAYS CAPITAL REAL ESTATE INC.
2025102700710003,2,BUYER,"SANTANDER BANK, N.A."
2025101000119001,2,BUYER,1177 PROPERTY LLC
2025101000119001,1,SELLER,1177 AVENUE OF THE AMERICAS ACQUISITION LLC
2025100700393003,1,SELLER,"1334 YORK, LLC"
2025100700393003,2,BUYER,CORNELL UNIVERSITY
2025091800528004,2,BUYER,"JPMORGAN CHASE BANK, NATIONAL ASSOCIATION"
2025091800528004,2,BUYER,"BANK OF AMERICA, N.A."
2025091800528004,2,BUYER,GOLDMAN SACHS BANK USA
2025091800528004,2,BUYER,GERMAN AMERICAN CAPITAL CORPORATION
2025091800528004,1,SELLER,11 MADISON AVENUE OWNER LLC
2025091800528004,2,BUYER,"WELLS FARGO BANK, NATIONAL ASSOCIATION"
2025091800528004,2,BUYER,BANK OF MONTREAL
2025081800333001,1,SELLER,"590 MADISON AVENUE, LLC"
2025081300985001,1,SELLER,1700 BROADWAY OWNER LLC
2025081800439004,1,SELLER,800 FIFTH AVE PROPERTY OWNER LLC
2025081800439004,2,BUYER,JPMORGAN CHASE BANK
2024073100070003,2,BUYER,"JPMORGAN CHASE BANK, N.A."
2024073100070003,1,SELLER,76 ELEVENTH AVENUE PROPERTY OWNER LLC
2025081800439001,2,BUYER,800 FIFTH AVE PROPERTY OWNER LLC
2025081300985001,2,BUYER,THE PRUDENTIAL INSURANCE COMPANY OF AMERICA
2025081800439001,1,SELLER,800 FIFTH AVENUE ASSOCIATES LLC
2025081800333001,2,BUYER,RXR 590 MADISON OWNER LLC
2025072400178004,1,SELLER,VORNADO ELEVEN PENN PLAZA OWNER LLC
2025071701007001,1,SELLER,RB APARTMENTS LLC
2025071701007001,2,BUYER,COMREF RIVER LLC
2025072300442004,2,BUYER,CSI DIAMOND 4.1 LP
2025072300442004,1,SELLER,"730 FIFTH RETAIL, LLC"
2025072400178004,2,BUYER,SOCIETE GENERALE FINANCIAL CORPORATION
2025072400178004,2,BUYER,CITI REAL ESTATE FUNDING INC.
2025072400178004,2,BUYER,BANK OF MONTREAL
2025062000090006,1,SELLER,RXR 5TS OWNER LLC
2025062300647002,1,SELLER,HERALD CENTER DEPARTMENT STORE OF NEW YORK LLC
2025062300647002,1,SELLER,HERALD CENTER DEPARTMENT STORE OF
2025062300647002,2,BUYER,"WILMINGTON SAVINGS FUND SOCIETY, FSB, AS TRUSTEE"
2025062000090006,2,BUYER,"COREBRIDGE INSTITUTIONAL INVESTMANTS (U.S.), LLC"
2025050701038002,1,SELLER,522 FIFTH OFFICE LLC
2025052600025005,1,SELLER,219 OWNER LLC
2025052600025005,2,BUYER,219 AND 235 EAST 42ND LENDER 1 LLC
2025052600025005,1,SELLER,235 EAST 42 OWNER LLC
2025050701038002,2,BUYER,AMAZON.COM SERVICES LLC
2025041800391001,2,BUYER,"BANK OF AMERICA, N.A."
2025041800391001,1,SELLER,1535 BROADWAY SIGN LLC
2025041800391001,2,BUYER,BANK OF MONTREAL
2025041800391001,2,BUYER,GOLDMAN SACHS BANK USA
2025041800391001,1,SELLER,1535 BROADWAY LLC
2025011000457001,1,SELLER,WOC 666 FIFTH RETAIL TIC OWNER LLC
2025012400784005,2,BUYER,NEW YORK CITY HOUSING DEVELOPMENT CORPORATION
2025012400784005,1,SELLER,"LP PRESERVATION HOUSING COMPANY, INC."
2025012400784005,1,SELLER,LP PRESERVATION LLC
2025011000457001,2,BUYER,UNIQLO USA LLC
2025011000457001,1,SELLER,WDC 666 FIFTH RETAIL TIC OWNER LLC
2025011000457001,1,SELLER,GREEN ACRES 666 FIFTH RETAIL EAT TIC OWNER LLC
2024123000067001,1,SELLER,"PPF OFF TWO PARK AVENUE OWNER, LLC"
2024123000067001,2,BUYER,HADSON 2 PARK AVE LLC
2024121800706012,1,SELLER,MANHATTANVILLE HOUSING DEVELOPMENT FUND
2024121800706012,2,BUYER,MERCHANTS CAPITAL CORP
2024121800706012,1,SELLER,MANHATTANVILLE OWNER LLC
2024090300633001,2,BUYER,U.S. SECURITIES AND EXCHANGE COMMISSION
2024112500990010,2,BUYER,WEISSHORN RE 799 BROADWAY LLC
2024112500990010,1,SELLER,"MAPLE C 799 BROADWAY OWNER II, LLC"
2024112101135009,1,SELLER,"CFG STADIUM GROUP, LLC"
2024112101135009,2,BUYER,"JPMORGAN CHASE BANK, NATIONAL ASSOCATION"
2024090300864001,2,BUYER,U.S. SECURITIES AND EXCHANGE COMMISSION
2024090300633001,1,SELLER,X&Y DEVELOPMENT GROUP
2024090300864001,1,SELLER,"EASTERN EMERALD GROUP, LLC"
2024091900852003,2,BUYER,"TCPNY OWNER, LLC"
2024091900852003,1,SELLER,PARKER57 LLC
2024073100070003,1,SELLER,76 ELEVENTH AVENUE PROPERTY OWNER LLC
2024082000074002,2,BUYER,"JPMORGANCHASE BANK, NA"
2024082000074002,1,SELLER,"250 PARK AVENUE, LLC"
2024081300768001,2,BUYER,"20 EXCHANGE PLACE OWNER, LLC"
2024081300768001,1,SELLER,RBNB 20 OWNER LLC
2024073100470010,1,SELLER,ACI VI CLARKSON LLC
2024073100470010,2,BUYER,CSI GREENWAY 3.1 L.P.
2024073100070003,2,BUYER,"JPMORGAN CHASE BANK, N.A."
2024070900536001,2,BUYER,MAIDEN GLASS LLC
2024070900536001,1,SELLER,"DOWNTOWN NYC OWNER, LLC"
2024060600224001,2,BUYER,980 MADISON AVENUE HOLDINGS LLC
2024060600224001,1,SELLER,980 MADISON OWNER LLC
2024060300674003,2,BUYER,700 EIGHTH OWNER LP
2024060300674003,1,SELLER,700 MILFORD HOLDINGS LLC
2024020800493003,2,BUYER,"200 WEST 67TH ST OWNER, L.L.C."
2024020800493003,1,SELLER,150 AMSTERDAM AVENUE HOLDINGS LLC
2024012300948001,2,BUYER,"717 FIFTH AVE, LLC"
2024012300948001,1,SELLER,"717 GFC, LLC"
2026012700123016,1,SELLER,"163 SACKMAN PROPERTY OWNER, L.L.C."
2026021600158003,1,SELLER,MP8 CPS HOTEL OWNER LLC
2026021600158003,2,BUYER,"RCCP NY HOTEL FEE OWNER, LLC"
2026021300541004,2,BUYER,ARES COMMERCIAL REAL ESTATE SERVICER LLC
2026021300541004,1,SELLER,1 JAVA OWNER LLC
2026012700123016,1,SELLER,"302 DYCKMAN PROPERTY OWNER, L.L.C."
2026012700123016,1,SELLER,"150 E 17TH PROPERTY OWNER, L.L.C."
2026012700123016,2,BUYER,"NEW YORK SELF STORAGE PORTFOLIO KCD, LLC"
2026012700123016,1,SELLER,"651 UTICA PROPERTY OWNER, L.L.C."
2026012700123016,1,SELLER,"62-05 30TH AVE PROPCO, L.L.C."
2026012700123016,1,SELLER,"507 OSBORN PROPERTY OWNER, L.L.C."
2026012700123016,1,SELLER,"266 WILD PROPERTY OWNER, L.L.C."
2026012700123016,1,SELLER,"34-01 CP PROPCO, L.L.C."
2026012700123016,1,SELLER,"155 KING PROPERTY OWNER, L.L.C."
2026012700123016,1,SELLER,"92 CATON PROPERTY OWNER, L.L.C."
2026012700123016,1,SELLER,"25 REMSEN PROPERTY OWNER, L.L.C."
2026012700123016,1,SELLER,"262 MOTT PROPERTY OWNER, L.L.C."
2026012700123016,1,SELLER,"2924 8TH AVENUE OWNER, L.L.C."
2026012700123016,1,SELLER,"31-08 NORTHERN BOULEVARD PROPERTY OWNER, L.L.C.F"
2026012700123016,1,SELLER,"87-16 121ST ST PROPERTY OWNER, L.L.C."
2025121900959020,1,SELLER,HARLEM PACT HOUSING DEVELOPMENT FUND CORPORATION
2025122800029016,1,SELLER,NEW YORK CITY INDUSTRIAL DEVELOPMENT AGENCY
2025122800029016,2,BUYER,HUDSON YARDS INFRASTRUCTURE CORPORATION
2025122800029016,1,SELLER,70HY PROPERTY OWNER LLC (F/K/A 517 WEST 35TH LLC)
2025122800029016,2,BUYER,NEW YORK CITY INDUSTRIAL DEVELOPMENT AGENCY
2025122800029013,1,SELLER,NEW YORK CITY INDUSTRIAL DEVELOPMENT AGENCY
2025122800029013,2,BUYER,NEW YORK CITY INDUSTRIAL DEVELOPMENT AGENCY
2025122800029013,2,BUYER,HUDSON YARDS INFRASTRUCTURE CORPORATION
2025122800029013,1,SELLER,70HY PROPERTY OWNER LLC (F/K/A 517 WEST 35TH LLC)
2025122800004063,1,SELLER,BAY VIEW PACT LLC
2025122800004063,2,BUYER,FANNIE MAE
2025122700026005,2,BUYER,BARINGS LLC
2025122700026005,1,SELLER,YS 440W57 OWNER LLC
2025122400031003,2,BUYER,ATHENE ANNUITY AND LIFE COMANY
2025122400031003,1,SELLER,111 WALL FEE HOLDINGS LLC
2025121900959020,2,BUYER,NEW YORK CITY HOUSING DEVELOPMENT CORPORATION
2025121900959020,1,SELLER,HARLEM PACT PARTNERS LLC
2025121900959017,2,BUYER,MERCHANTS CAPITAL CORP.
2025121900959017,1,SELLER,HARLEM PACT PARTNERS LLC
2025121900959017,1,SELLER,HARLEM PACT HOUSING DEVELOPMENT FUND CORPORATION
2025121200273001,1,SELLER,WEST 44TH STREET HOTEL LLC
2025121200273001,2,BUYER,"ICNY TIMES SQUARE PROPCO FEE OWNER, LP"
2025120800540001,1,SELLER,260-261 MADISON AVENUE LLC
2025120800540001,2,BUYER,AM 260 MADISON LLC
2025122400031003,2,BUYER,ATHENE ANNUITY AND LIFE COMANY
2025122400031003,1,SELLER,111 WALL FEE HOLDINGS LLC
2025100200479061,1,SELLER,OHSG OWNER LLC
2025100200479061,1,SELLER,OHSG OWNER 2 LLC
2025100200479061,2,BUYER,NEW YORK CITY HOUSING DEVELOPMENT CORPORATION
2025100200479061,1,SELLER,"HP BSC HTC HOUSING DEVELOPMENT FUND COMPANY, INC."
2025101300430001,1,SELLER,"EAST HARLEM PILOT BLOCK HOUSING DEV. FUND CO., INC"
2025101300430001,2,BUYER,FIRST AMERICAN CAPITAL GROUP CORPORATION
2025101300426001,1,SELLER,BLACK SLATE F 2013 LLC
2025101300426001,2,BUYER,"NEWAGE MADISON, LLC"
2025100200479061,1,SELLER,"HP BSC HOUSING DEVELOPMENT FUND COMPANY, INC."
2025092300446001,2,BUYER,II 529 BROADWAY MEMBER LLC
2025090300220021,1,SELLER,378 SCHERMERHORN STREET LLC
2025090300220021,1,SELLER,"80 FLATBUSH AVENUE, LLC"
2025090300220021,2,BUYER,"BROOKLYN 1 MULTIFAMILY KCD, LLC"
2025092300446001,1,SELLER,529 BROADWAY HOLDINGS LLC
2025090300220021,2,BUYER,THE CITY OF NEW YORK
2025080100965007,1,SELLER,BRONX PRESERVATION HOUSING DEVELOPMENT FUND CORP.
2025073100246001,2,BUYER,SCALE 355 EXTERIOR LENDER LLC
2025073100246001,1,SELLER,399 EXTERIOR STREET LLC
2025073100246001,1,SELLER,355 EXTERIOR STREET ASSOCIATES LLC
2025080100965007,1,SELLER,BRONX PRESERVATION LIMITED PARTNERSHIP
2025080100965007,2,BUYER,MERCHANTS CAPITAL CORP.
2025080700469003,1,SELLER,1301 PROPERTIES OWNER L.P.
2025080700469003,2,BUYER,"MORGAN STANLEY BANK, N.A."
2025080700469003,2,BUYER,"WELLS FARGO BANK, NATIONAL ASSOCIATION"
2025081200637003,2,BUYER,"JPMORGAN CHASE BANK, NATIONAL ASSOCIATION"
2025081200637003,2,BUYER,"WELLS FARGO BANK, NATIONAL ASSOCIATION"
2025081200637003,2,BUYER,CITY OF NEW YORK (THE)
2025081200637003,1,SELLER,4TS II LLC
2025081200637003,2,BUYER,"BANK OF AMERICA, N.A."
2025081900104001,1,SELLER,"510 WEST 22ND STREET OWNER, LLC"
2025081900104001,2,BUYER,PROPERTY 512 WEST 22 LLC
2025070200210065,2,BUYER,NEW YORK CITY HOUSING DEVELOPMENT CORPORATION
2025070200210065,1,SELLER,NW BRONX OZ HOUSING PRESERVATION EXPERIENCE L.P.
2025070200210065,1,SELLER,NW BRONX OZ HOUSING DEVELOPMENT CORPORATION
2025070200210065,1,SELLER,NW BRONX HOUSING PRESERVATION EXPERIENCE L.P.
2025070200210065,1,SELLER,NW BRONX PACT HOUSING DEVELOPMENT CORPORATION
2025070200210062,2,BUYER,FANNIE MAE
2025070200210062,1,SELLER,NW BRONX OZ HOUSING PRESERVATION EXPERIENCE L.P.
2025070200210062,1,SELLER,NW BRONX HOUSING PRESERVATION EXPERIENCE L.P.
2025062500788001,1,SELLER,BEACON WIND LAND LLC
2025062500788001,2,BUYER,POWER AUTHORITY OF THE STATE OF NEW YORK
2025060200225002,1,SELLER,UNITED NATIONS DEVELOPMENT CORPORATION
2025060200225002,2,BUYER,BANK OF NEW YORK MELLON
2025061600628005,2,BUYER,"COMPUSHARE TRUST COMPANY, NATIONAL ASSOCIATION"
2025061600628005,2,BUYER,BUILD NYC RESOURCE CORPORATION
2025061600628005,1,SELLER,"AERO JFK II, LLC"
2025061500011013,1,SELLER,COURT SQUARE 45TH AVE LLC
2025061500011013,1,SELLER,COURT SQUARE 45TH AVE 2 LLC
2025061500011013,2,BUYER,COURT SQ LIC LENDER 1 LLC
2025061500011013,2,BUYER,COURT SQ LIC LENDER 1 LLC
2025060200225003,1,SELLER,UNITED NATIONS DEVELOPMENT CORPORATION
2025060200225003,2,BUYER,BANK OF NEW YORK MELLON
2025040700957012,1,SELLER,EASTCHESTER HOUSING DEVELOPMENT FUND CORP.
2025042400298002,2,BUYER,"NONGHGYUP BANK CO., LTD."
2025042400298002,1,SELLER,285 MADISON PROPCO LLC
2025041100218002,1,SELLER,DOLP 655 PROPERTIES II LLC
2025041100218002,1,SELLER,DOLP 205 PROPERTIES II LLC
2025041100218002,2,BUYER,"CITIBANK, N.A."
2025041100218002,1,SELLER,DOLP 205 LEASEHOLD LLC
2025040700957012,1,SELLER,EGC LLC
2025040700957012,2,BUYER,MERCHANTS CAPITAL CORP.
2025031400107007,1,SELLER,WEST 62ND STREET LLC
2025031800886004,1,SELLER,233 BROADWAY BORROWER LLC
2025031800886004,2,BUYER,"WELLS FARGO BANK, NATIONAL ASSOCIATION"
2025031400107007,2,BUYER,FEDERAL HOME LOAN MORTGAGE CORORATION
2025031400107004,2,BUYER,NEW YORK STATE HOUSING FINANCE AGENCY
2025031400107004,1,SELLER,WEST 62ND STREET LLC
2024122000955001,2,BUYER,THE BANK OF NEW YORK MELLON
2025012401000003,2,BUYER,"WELLS FARGO BANK, NATIONAL ASSOCIATION"
2025012401000003,1,SELLER,125 PARK OWNER LLC
2024122000955001,1,SELLER,360 PAS OWNER LLC
2025012400992010,1,SELLER,ALAFIA 2 OWNER LLC
2025012400992010,2,BUYER,NEW YORK STATE HOUSING FINANCE AGENCY
2025010600438003,1,SELLER,"3333 BROADWAY OWNER, LLC"
2025010600438003,2,BUYER,"CITIBANK, N.A."
2025010600241001,1,SELLER,414 GERARD OWNER LLC
2025010600241001,2,BUYER,"JLL REAL ESTATE CAPITAL, LLC"
2025010600241001,1,SELLER,445 GERARD OWNER LLC
2025012400992010,1,SELLER,RISEBORO ALAFIA 2 HOUSING DEVELOPMENT FUND CORPORA
2024120300451001,2,BUYER,QUEENS WEST DEVELOPMENT CORPORATION
2024120300451001,1,SELLER,4610 EAST COAST LLC
2024102900510003,1,SELLER,WEST 38TH STREET LLC
2024102900510005,1,SELLER,WEST 38TH STREET LLC
2024102900510005,2,BUYER,FEDERAL HOME LOAN MORTGAGE CORPORATION
2024102900510003,2,BUYER,NEW YORK STATE HOUSING FINANCE AGENCY
2024101600189001,1,SELLER,KRE DEKALB OWNER LLC
2024101600189001,2,BUYER,ATLAS VI DEKALB LLC
2024102101082006,2,BUYER,KRE 540 FULTON OWNER LLC
2024102101082006,1,SELLER,540 FULTON OWNER LLC
2024071600114001,1,SELLER,"1414 HOLDINGS, L.L.C."
2024071600114001,2,BUYER,1414 CPNY LLC
2024042200736003,2,BUYER,YS 1740 BROADWAY OWNER LLC
2024042200736003,1,SELLER,BRE 1740 BROADWAY LLC
2024032200236001,1,SELLER,"200 WEST 67TH ST OWNER, L.L.C."
2024032200236001,2,BUYER,MF1 CAPITAL LLC
2024021500918011,1,SELLER,GO HPS LIHTC LLC
2024021500918011,1,SELLER,GO HPS LLC
2024021500918011,2,BUYER,DEPARTMENT OF HOUSING PRESERVATION AND DEVELOPMENT
2024021500918011,1,SELLER,SOUTH POINT HOUSING DEVELOPMENT CORPORATION
2024021500918011,2,BUYER,THE CITY OF NEW YORK
2026030200174007,2,BUYER,THE BANK OF NEW YORK MELLON
2026030200174007,1,SELLER,"RIVERSPRING HEALTH SENIOR LIVING, INC."
2026030200174007,2,BUYER,BUILD NYC RESOURCE CORPORATION
2026032000204001,1,SELLER,"BORO PARK LAND CO., LLC"
2026030200174007,1,SELLER,RIVER'S EDGE
2026032000204001,2,BUYER,4915 10TH SNF REALTY LLC
2026021900212001,1,SELLER,THE CITY OF NEW YORK
2026021900212001,2,BUYER,"BALLY'S NEW YORK OPERATING COMPANY, LLC"
2026011300739009,2,BUYER,"WELLS FARGO BANK, NATIONAL ASSOCIATION"
2025122400299003,1,SELLER,RP1185 LLC
2025122400299003,2,BUYER,"DEUTSCHE BANK AG, NEW YORK BRANCH"
2025121000849003,2,BUYER,"FIRST ABU DHABI BANK, PJSC"
2025121000849003,1,SELLER,30 PARK PLACE HOTEL LLC
2026012300850001,2,BUYER,"92 CATON PROPERTY OWNER, L.L.C."
2026012300850001,1,SELLER,"72 CATON PLACE OWNER, L.L.C."
2026012200040002,1,SELLER,BRE PARK AVENUE TOWER OWNER LLC
2026012200040002,2,BUYER,"BANK OF AMERICA, N.A."
2026012200040002,2,BUYER,"JPMORGAN CHASE BANK, NATIONAL ASSOCIATION"
2026012200040002,2,BUYER,"WELLS FARGO BANK, NASTIONAL ASSOCIATION"
2026011300739009,1,SELLER,"CP VIII LIC OWNER, LLC"
2025120100792007,1,SELLER,BPP ST OWNER LLC
2025120100792007,2,BUYER,WELLS FARGO BANK NATIONAL ASSOCIATION
2025120100792007,1,SELLER,BPP PCV OWNER LLC
2025111700434002,1,SELLER,THIRD STREET OWNER LLC
2025111700434002,2,BUYER,U.S. BANK NATIONAL ASSOCIATION
2025102800556001,1,SELLER,MEPT 757 THIRD AVENUE LLC
2025101600286001,1,SELLER,"246 SPRING STREET (NY), LLC"
2025101600286001,2,BUYER,SAPPHIRE NY HOTEL PROPCO LLC
2025100300103002,1,SELLER,CHELSEA 24TH STREET LLC
2025100300103002,2,BUYER,MOCHA 24TH LLC
2025093001029006,1,SELLER,PARTNERSHIP COMMUNITY HOUSING DEVELOPMENT FUND
2025093001029006,2,BUYER,NEW YORK CITY HOUSING DEVELOPMENT CORPORATION
2025093001029006,1,SELLER,WILLIAMSBURG PACT LLC
2025102800556001,2,BUYER,REEP-OFC 757 THIRD AVENUE NY LLC
2025081900255001,1,SELLER,"GREENPOINT RIVERVIEW ASSOCIATES, L.L.C."
2025081900255001,2,BUYER,GPLC OWNER LLC
2025062700800001,2,BUYER,"99 WASHINGTON OWNER, LLC"
2025070200282001,1,SELLER,NEW YORK CITY INDUSTRIAL DEVELOPMENT AGENCY
2025070200282001,1,SELLER,"EAST RIVER ESS, LLC"
2025070200282001,2,BUYER,"WILMINGTON TRUST, NATIONAL ASSOCIATION"
2025070200210058,1,SELLER,NW BRONX HOUSING PRESERVATION EXPERIENCE L.P.
2025070200210058,2,BUYER,FANNIE MAE
2025070200210058,2,BUYER,NEW YORK CITY HOUSING DEVELOPMENT CORPORATION
2025070200210058,1,SELLER,NW BRONX OZ HOUSING PRESERVATION EXPERIENCE L.P.
2025062700875004,2,BUYER,"PARLEX 15 FINCO, LLC - SERIES XIV, A SERIES OF"
2025062700875004,1,SELLER,30-25 QUEENS BLVD TENANT LLC
2025062700800001,1,SELLER,GOLDEN SEAHORSE LLC
2025042900920002,1,SELLER,DOLP 205 LEASEHOLD LLC
2025042900920002,2,BUYER,"CITIBANK, N.A."
2025042900920002,1,SELLER,DOLP 205 PROPERTIES II LLC
2025050100595001,2,BUYER,GOWANUS 3RD STREET OWNER LLC
2025050100595001,1,SELLER,GOWANUS OWNER LLC
2025052000239004,2,BUYER,"JPMORGAN CHASE BANK, NATIONAL ASSOCIATION"
2025052000239004,1,SELLER,DOLP 1155 PROPERTIES II LLC
2025052000239004,2,BUYER,"WELLS FARGO BANK, NATIONAL ASSOCIATION"
2025052000240002,1,SELLER,DOLP 205 LEASEHOLD LLC
2025052000240002,2,BUYER,"CITIBANK, N.A."
2025052000240002,1,SELLER,DOLP 205 PROPERTIES II LLC
2025052600025008,1,SELLER,219 OWNER LLC
2025052600025008,1,SELLER,235 EAST 42 OWNER LLC
2025052600025008,2,BUYER,219 AND 235 EAST 42ND LENDER 1 LLC
2025040700957016,2,BUYER,NEW YORK CITY HOUSING AUTHORITY
2025040700957016,1,SELLER,EGC LLC
2025040700957016,1,SELLER,EASTCHESTER HOUSING DEVELOPMENT FUND CORP.
2025032100507003,1,SELLER,"SJD, LLC"
2025032100507003,2,BUYER,576 5TH LLC
2025010200316001,1,SELLER,EMPIRE OFFSHORE WIND
2025010200316001,2,BUYER,DNB BANK
2025031400096001,2,BUYER,340 MADISON OWNER LLC
2025031400096001,1,SELLER,FRED STEVENS
2025031300353001,2,BUYER,SV333 REALTY LLC
2025031300353001,1,SELLER,BPREP 333 W 34TH LLC
2025010200151001,1,SELLER,PRII SJP 470 PARK LLC
2025010200316001,1,SELLER,EMPIRE OFFSHORE WIND
2025010200316001,2,BUYER,DNB BANK
2025010200151001,2,BUYER,470 PARK AVE SOUTH LLC
2024120300888003,2,BUYER,YS 541 LEXINGTON OWNER LLC
2024123000896002,2,BUYER,SHCBP IV 1375 BROADWAY LENDER LLC
2024123000896002,1,SELLER,1375 OWNER LLC
2024123000896001,1,SELLER,"1375 BROADWAY PROPERTY INVESTORS V, LLC"
2024123000896001,2,BUYER,1375 OWNER LLC
2024121200600001,1,SELLER,280 RICHARDS STREET LLC
2024121200600001,2,BUYER,TERRENO 280 RICHARDS LLC
2024120300888003,1,SELLER,HOWARD W KINGSLEY
2024112101184001,2,BUYER,BUILD NYC RESOURCE CORPORATION
2024112101184001,1,SELLER,"586 RIVER AVE., LLC"
2024112101184001,2,BUYER,THE BANK OF NEW YORK MELLON
2024092900046058,1,SELLER,"SAM CITY COLLABORTIVE, LLC"
2024101400339001,1,SELLER,PLAZA MADISON LLC
2024101400339001,2,BUYER,655 MADISON LLC
2024100200467054,1,SELLER,BBM BRC LLC
2024100200467054,1,SELLER,MBD BBM HOUSING DEVELOPMENT FUND CORPORATION
2024100200467054,2,BUYER,NEW YORK CITY HOUSING DEVELOPMENT CORPORATION
2024092900046058,2,BUYER,NEW YORK CITY HOUSING DEVELOPMENT CORPORATION
2024092900046058,1,SELLER,CLOTH SAM CITY HOUSING DEVELOPMENT FUND CORP
2024090600527001,1,SELLER,PACE UNIVERSITY
2024091000237001,1,SELLER,80 PINE LLC
2024091000237001,2,BUYER,PINE RE LLC
2024090600527001,2,BUYER,DORMITORY AUTHORITY OF THE STATE OF NEW YORK
2024080500318001,1,SELLER,57 WEST LLC
2024080500318001,2,BUYER,2 NOBLE NORTH LLC
2024062600757001,2,BUYER,WILLIAM VALE OWNER LLC
2024063000041001,2,BUYER,"780 3RD OWNERS, LLC"
2024063000041001,1,SELLER,T-C 780 THIRD AVENUE OWNER LLC
2024062800535005,2,BUYER,1760 THIRD AVENUE HOUSING DEVELOPMENT FUND CORP
2024062800535005,1,SELLER,"1760 THIRD AVE PROPERTY OWNER, LLC"
2024062600757001,1,SELLER,WYTHE BERRY FEE OWNER LLC
2024060600371009,1,SELLER,170 EAST 83RD STREET OWNER LLC
2024060600371009,2,BUYER,"MSD RCOF PARTNERS XC, LLC"
2024060600371009,1,SELLER,EAST 82 OWNER LLC
2024043000370001,1,SELLER,"AVENUE OF AMERICAS, LLC"
2024043000370001,2,BUYER,1370 AVE OF AM LLC
2024042500065001,1,SELLER,"RAR2-222 BROADWAY OWNER SPE, LLC"
2024042500065001,2,BUYER,"BROADWAY 2024 PROPCO, LLC"
2024030500474005,1,SELLER,470 KENT AVE ASSOCIATES LLC
2024030500474005,2,BUYER,BANK OZK
2024011100115001,2,BUYER,401 EAST SIXTY HOLDINGS LP
2024011100115001,1,SELLER,GAZIT HORIZONS (BRIDGE TOWER) LLC
2026031000897001,1,SELLER,HY 38 OWNER LLC
2026031000897001,2,BUYER,"515 W 38 HH, LLC"
2026031000897001,1,SELLER,HY 38-39 LIO LLC
2026021300125001,2,BUYER,250 WATER STREET OWNER LLC
2026021300125001,1,SELLER,"250 SEAPORT DISTRICT, LLC"
2026021300111001,2,BUYER,DH 9 CROSBY LLC
2026021300111001,1,SELLER,"9 CROSBY, LLC"
2026011500410002,2,BUYER,"WELLS FARGO BANK, NATIONAL ASSOCIATION"
2026010900880001,1,SELLER,3 EAST 54TH NEW YORK LLC
2026011500410002,1,SELLER,GENTING NEW YORK LLC
2026010900880001,2,BUYER,EAST 54TH STREET NY PROPERTY LLC
2026012300850017,1,SELLER,"31-08 NORTHERN BLVD OWNER, L.L.C."
2026012300850017,2,BUYER,"31-08 NORTHERN BLVD PROPERTY OWNER, L.L.C."
2025120300340015,1,SELLER,520 CLUB OWNER LLC
2025120300340015,1,SELLER,520 RETAIL OWNER LLC
2025120300340015,1,SELLER,520 FEE OWNER 2 LLC
2025120200784001,1,SELLER,"900 THIRD AVENUE, L.P."
2025120200784001,2,BUYER,NEW YORK LIFE INSURANCE COMPANY
2025112401205002,2,BUYER,97 WEST REALTY LLC
2025112401205002,1,SELLER,91 WEST LLC
2025120300340015,2,BUYER,"TCG SENIOR FUNDING, L.L.C."
2025122600459007,1,SELLER,HIGHBRIDGE RISING HOUSING DEVELOPMENT FUND CORP
2025122600459007,2,BUYER,"WEBSTER BANK, NATIONAL ASSOCIATION"
2025121700647005,1,SELLER,655 MADISON LLC
2025121700647005,2,BUYER,655 MADISON NEW DEBT LENDER LLC
2025121700041001,1,SELLER,WI/BSREP III 390 PARK LLC
2025121700041001,2,BUYER,THE BANK OF NEW YORK MELLON
2025121600613001,2,BUYER,"205 MONTAGUE PROPERTY OWNER, LLC"
2025121600613001,1,SELLER,205 MONTAGUE LLC
2025120300362001,2,BUYER,75 MAIDEN PW LLC
2025120300362001,2,BUYER,114 W 41 OWNER BH LLC
2025120300362001,1,SELLER,COLUMBIA NEW YORK 41ST STREET OFFICE PROPERTIES LL
2025120300340015,1,SELLER,520 OFFICE OWNER LLC
2025102900286007,1,SELLER,KINGSBORO SHOP 1 HOUSING DEVELOPMENT FUND
2025102900286007,1,SELLER,KINGSBORO SHOP 1 L.P.
2025102900286007,2,BUYER,NEW YORK STATE HOUSING FINANCE AGENCY
2025100200479059,1,SELLER,OHSG OWNER 2 LLC
2025100200479059,1,SELLER,"HP BSC HTC HOUSING DEVELOPMENT FUND COMPANY, INC."
2025100200479059,1,SELLER,OHSG OWNER LLC
2025100200479059,2,BUYER,FEDERAL HOME LOAN MORTGAGE CORPORATION
2025100200479059,1,SELLER,"HP BSC HOUSING DEVELOPMENT FUND COMPANY, INC."
2025100200479058,1,SELLER,"HP BSC HTC HOUSING DEVELOPMENT FUND COMPANY, INC."
2025100200479058,1,SELLER,OHSG OWNER LLC
2025100200479058,1,SELLER,"HP BSC HOUSING DEVELOPMENT FUND COMPANY, INC."
2025100200479058,1,SELLER,OHSG OWNER 2 LLC
2025101300426004,2,BUYER,HBC CREDIT INVESTMENTS LLC
2025101300426004,1,SELLER,"NEWAGE MADISON, LLC"
2025100200479058,2,BUYER,NEW YORK CITY HOUSING DEVELOPMENT CORPORATION
2025100200326004,2,BUYER,"COREBRIDGE INSTITUTIONAL INVESTMENTS (U.S.), LLC"
2025100200326004,1,SELLER,EAST 43RD NYC LLC
2025100200326002,1,SELLER,6 EAST 43RD STREET CORP.
2025100200326002,2,BUYER,EAST 43RD NYC LLC
2025091600414003,1,SELLER,"44-01 NORTHERN OWNER, LLC"
2025091600414003,2,BUYER,"BANCO INBURSA, S.A."
2025081400879001,2,BUYER,"OWS BCA FUNDING, LLC"
2025081500655001,2,BUYER,THE CITY UNIVERSITY OF NEW YORK
2025081400879001,1,SELLER,"AC MVTS OPERATOR, LLC"
2025073000677004,2,BUYER,"STARWOOD PROPERTY MORTGAGE SUB-14-A, L.L.C."
2025081400879001,1,SELLER,560 SEVENTH AVENUE OWNER PRIMARY LLC
2025073000677004,1,SELLER,"AQOZFI INWOOD, LLC"
2025081500655001,1,SELLER,569 LEXINGTON LEASEHOLD LLC
2025052200085003,1,SELLER,3920 BRONX BOULEVARD OWNER LLC
2025052200085003,1,SELLER,4305 FURMAN AVENUE OWNER LLC
2025052200085003,1,SELLER,2780 UNI AVENUE OWNER LLC
2025052200085003,1,SELLER,3155 GRAND CONCOURSE OWNER LLC
2025052200085003,1,SELLER,222 BEDFORD PARK BOULEVARD OWNER LLC
2025052200085003,1,SELLER,2160 BOLTON STREET OWNER LLC
2025052200085003,1,SELLER,3013 VALENTINE AVENUE OWNER LLC
2025052200085003,1,SELLER,250 BEDFORD PARK BOULEVARD OWNER LLC
2025052200085003,1,SELLER,2180 BOLTON STREET OWNER LLC
2025052200085003,2,BUYER,THE PRUDENTIAL INSURANCE COMPANY OF AMERICA
2025052200085003,1,SELLER,120 WEST 183RD STREET OWNER LLC
2025052200085003,1,SELLER,2575 SEDGWICK AVENUE OWNER LLC
2025052200085003,1,SELLER,275 EAST 201ST STREET OWNER LLC
2025052200085003,1,SELLER,100 EAST MOSHOLU PARKWAY OWNER LLC
2025052200085003,1,SELLER,2966 BRIGGS AVENUE OWNER LLC
2025052200085003,1,SELLER,2100-2110 BRONX PARK EAST OWNER LLC
2025052200085003,1,SELLER,2056 ANTHONY AVENUE OWNER LLC
2025052200085003,1,SELLER,19 VAN COURTLANDT AVENUE OWNER LLC
2025052200085003,1,SELLER,3565 BRUCKNER BOULEVARD OWNER LLC
2025052200085003,1,SELLER,3010 VALENTINE AVENUE OWNER LLC
2025052200085003,1,SELLER,2559 SEDGWICK AVENUE OWNER LLC
2025052200085003,1,SELLER,655 EAST 230TH STREET OWNER LLC
2025052200085003,1,SELLER,2165 BOLTON STREET OWNER LLC
2025052200085003,1,SELLER,2160 HOLLAND AVENUE OWNER LLC
2025052200085003,1,SELLER,221 EAST 201ST STREET OWNER LLC
2025052200085003,1,SELLER,33-35 EAST 208TH STREET OWNER LLC
2025052200085003,1,SELLER,316 EAST MOSHOLU PARKWAY OWNER LLC
2025052200085003,1,SELLER,55 EAST 210TH STREET OWNER LLC
2025052200085003,1,SELLER,2140 CRUGER AVENUE OWNER LLC
2025052200085003,1,SELLER,3073 BUHRE AVENUE OWNER LLC
2025052200085003,1,SELLER,210 EAST 201ST STREET OWNER LLC
2025052200085003,1,SELLER,3070 HULL AVENUE OWNER LLC
2025052200085003,1,SELLER,3001 VALENTINE AVENUE OWNER LLC
2025052200085003,1,SELLER,3881 SEDGWICK AVENUE OWNER LLC
2025052200085003,1,SELLER,3399 HULL AVENUE OWNER LLC
2025061201097005,1,SELLER,1345 FEE LLC
2025061201097005,2,BUYER,CITI REAL ESTATE FUNDING INC.
2025061201097005,2,BUYER,"JPMORGAN CHASE BANK, NATIONAL ASSOCIATION"
2025061201097005,2,BUYER,"MORGAN STANLEY BANK, N.A."
2025061201097005,1,SELLER,1345 LEASEHOLD LLC
2025050200454008,1,SELLER,835 6 RETAIL OWNER LLC
2025050200454008,1,SELLER,835 6 SUBTENANT LLC
2025050200454008,2,BUYER,WELLS FARGO BANK NATIONAL ASSOCIATION
2025050200454008,1,SELLER,835 6 HOTEL OWNER LLC
2025050200454008,1,SELLER,835 6 OPCO LLC
2025050200454008,1,SELLER,835 6 PARKING OWNER LLC
2025042800549001,2,BUYER,1 PROPCO LLC
2025040800259032,2,BUYER,S3 RE ASTORIA COVE I FUNDING LLC
2025040800259032,1,SELLER,KS ASTORIA HOLDINGS LLC
2025042800549001,1,SELLER,"PRINCE STREET SPE, LLC"
2025020600890001,2,BUYER,235 FEE OWNER LLC
2025020600890001,1,SELLER,SEAVER REALTY LLC
2025010200840006,2,BUYER,FANNIE MAE
2024121001043001,2,BUYER,NEW YORK STATE HOUSING FINANCE AGENCY
2024121001043001,1,SELLER,"29 FLATBUSH ASSOCIATES, LLC"
2025012400992011,1,SELLER,ALAFIA 2 OWNER LLC
2025012400992011,1,SELLER,RISEBORO ALAFIA 2 HOUSING DEVELOPMENT FUND CORPORA
2025012400992011,2,BUYER,NEW YORK STATE HOUSING FINANCE AGENCY
2025011700644001,1,SELLER,UDR LEONARD POINTE LLC
2025011700644001,2,BUYER,LEONARD POINTE LLC
2025010200845002,2,BUYER,440 KINGSLAND AVE LLC
2025010200845002,1,SELLER,EXXONMOBIL OIL CORPORATION
2025010200840010,1,SELLER,325 KENT LLC
2025010200840010,2,BUYER,FANNIE MAE
2025010200840006,1,SELLER,NEW YORK STATE HOUSING FINANCE AGENCY
2025010200840006,1,SELLER,325 KENT LLC
2024121000938003,2,BUYER,SFMP II GP LLC
2024121000938003,1,SELLER,"42ND AND 10TH HOTEL, LLC"
2024103000647008,1,SELLER,FLATIRON OWNER LLC
2024110500898004,1,SELLER,"165 EAST 66TH STREET (NY) RESIDENTIAL OWNER, LLC"
2024110500898004,2,BUYER,"165 EAST 66TH ST OWNER, L.L.C."
2024110500898004,1,SELLER,"165 EAST 66TH STREET (NY) GARAGE OWNER, LLC"
2024110100242006,2,BUYER,KM 35TH STREET US FINANCING US LP
2024110100242006,1,SELLER,26 EAST 35TH STREET LLC
2024103100823001,1,SELLER,MONTEFIORE MEDICAL CENTER
2024103100823001,2,BUYER,THE BANK OF NEW YORK MELLON
2024103000647008,2,BUYER,FLATIRON DEBT LENDER LLC
2024101000297001,1,SELLER,NYU HOSPITALS CENTER
2024101000297001,1,SELLER,NYU LANGONE HOSPITALS
2024101000297001,2,BUYER,THE BANK OF NEW YORK MELLON
2024073100470011,1,SELLER,ACI VI CLARKSON LLC
2024073100470011,2,BUYER,CSI GREENWAY 3.1 L.P.
2024062800535011,1,SELLER,1760 THIRD AVENUE HOUSING DEVELOPMENT FUND CORP
2024062800535011,2,BUYER,"THE CITY OF NEW YORK, ACTING BY AND THROUGH ITS DE"
2024072500475001,1,SELLER,PACE UNIVERSITY
2024072500475001,2,BUYER,DORMITORY AUTHORITY OF THE STATE OF NEW YORK
2024070500280001,2,BUYER,"730 SKY, LLC"
2024070500280001,1,SELLER,"730 FIFTH UPPER, LLC"
2024051500119003,1,SELLER,1441 OWNER LLC
2024061800154001,1,SELLER,SMITELL B LLC
2024061800154001,2,BUYER,WEALTHBRIDGE HOLDINGS NY LLC
2024053100836006,2,BUYER,"G4 18231, LLC"
2024053100836006,1,SELLER,PRESIDENT UNION LLC
2024051500119003,2,BUYER,VALLEY NATIONAL BANK
2024033000030012,1,SELLER,"IUV PHASE 1 LIHTC OWNER, LLC"
2024033000030012,1,SELLER,"IUV PHASE 1 OWNER, LLC"
2024033000030012,2,BUYER,NEW YORK STATE HOUSING FINANCE AGENCY
2024033000030012,1,SELLER,IUV PHASE 1A HOUSING DEVELOPMENT FUND CORPORATION
2026022400595008,2,BUYER,THE BANK OF NEW YORK MELLON
2026022400595008,1,SELLER,261 WALTON FACILITY LLC
2026030200423006,1,SELLER,STANLEY AVENUE PRESERVATION LLC
2026030200423006,1,SELLER,STANLEY AVENUE PRESERVATION HDFC
2026030200423006,2,BUYER,NEW YORK CITY HOUSING DEVELOPMENT CORPORATION
2026030900405001,2,BUYER,42-02 NB OWNER LLC
2026030900405001,1,SELLER,GOULD QUEENS PROPERTY LLC
2026032900010001,2,BUYER,1160 TELLER SNF REALTY LLC
2026032900010001,1,SELLER,DOJ LAND ASSOCIATES LLC
2026022400595008,2,BUYER,BUILD NYC RESOURCE CORPORATION
2026021700661001,1,SELLER,"DOWNSTATE AT LICH HOLDING COMPANY, INC."
2026021700661001,2,BUYER,97 AMITY L.L.C.
2025122800004059,2,BUYER,NEW YORK CITY HOUSING DEVELOPMENT CORPORATION
2025122800004059,1,SELLER,BAY VIEW PACT LLC
2026012700462001,2,BUYER,ATLAS VI HOUSTON LLC
2026012700462001,1,SELLER,"250 HOUSTON INVESTORS, LP"
2026012300850009,2,BUYER,"34-01 CP PROPCO, L.L.C."
2026012300850009,1,SELLER,"34-01 CP IX OWNER, L.L.C."
2026012200003002,1,SELLER,"2 RECTOR STREET (NY), LLC"
2026012200003002,2,BUYER,101 GREENWICH PROPERTY OWNER LLC
2026010900967003,2,BUYER,"SATURN PARKING, LLC"
2026010900967003,1,SELLER,BRE SKYVIEW PARKING OWNER LLC
2026010701032001,2,BUYER,"130 SECOND STREET OWNER, L.L.C."
2026010701032001,1,SELLER,THIRD AT THIRD LLC
2025122800004059,2,BUYER,FANNIE MAE
2025111000741003,1,SELLER,STATE PRESERVATION L.P.
2025122600501006,2,BUYER,"WELLS FARGO BANK, NATIONAL ASSOCIATION"
2025122600501006,1,SELLER,371 7TH AVENUE OWNER LLC
2025122600501006,1,SELLER,BG STEWART HOUSING DEVELOPMENT FUND CORPORATION
2025122400166009,1,SELLER,RIVER COMMONS HOUSING DEVELOPMENT FUND COMPANY INC
2025122400166009,1,SELLER,RIVER COMMONS OWNERS LLC
2025122400166009,2,BUYER,NEW YORK CITY HOUSING DEVELOPMENT CORPORATION
2025122400166009,1,SELLER,RIVER COMMONS LIHTC LLC
2025120800143001,1,SELLER,"BROOKLYN 4813 MP WRK7, LLC"
2025120800143001,2,BUYER,"CAPITAL ONE, NATIONAL ASSOCIATION"
2025111000741003,2,BUYER,GREYSTONE SERVICING COMPANY LLC
2025111000741003,1,SELLER,STATE PRESERVATION HOUSING DEVELOPMENT FUND CORP.
2025111700733009,1,SELLER,DOLP 205 PROPERTIES II LLC
2025111700733009,1,SELLER,DOLP 205 LEASEHOLD LLC
2025111700733009,2,BUYER,"CITIBANK, N.A."
2025103000408006,1,SELLER,1185 RIVER AVENUE OWNERS LLC
2025103000408006,1,SELLER,1185 RIVER AVENUE HOUSING DEVELOPMENT FUND CORP
2025103000408006,2,BUYER,NEW YORK STATE HOUSING FINANCE AGENCY
2025103000408006,1,SELLER,1185 RIVER AVENUE COMMERICAL BORROWER LLC
2025102300573005,2,BUYER,NORDIC TRUSTEE AS
2025102300573005,1,SELLER,"MM PROTON I, LLC"
2025112500526001,1,SELLER,"373-381- PAS ASSOCIATES, LLC"
2025112500526001,2,BUYER,PAS OWNER LLC
2025102400775003,1,SELLER,L & M 2180 LLC
2025102400775003,2,BUYER,NEW YORK STATE HOUSING FINANCE AGENCY
2025082900511001,2,BUYER,35TH & 9TH LLC
2025082900511001,1,SELLER,440 NINTH AVENUE OWNER LLC
2025073000419005,1,SELLER,PINE RE LLC
2025073000419005,2,BUYER,"DEUTSCHE BANK AG, NEW YORK BRANCH"
2025071600312001,1,SELLER,ECCLESIASTICAL ASSISTANCE CORPORATION
2025071800038008,2,BUYER,WSRECP (Q) US ORIGINATION SLP
2025071800038008,2,BUYER,"WEST STREET TFL CREDIT PARTNERS, SLP"
2025071800038008,2,BUYER,"WSRECP IV UNLEVERED US ORIGINATION, L.L.C."
2025071800038008,2,BUYER,"WSRECP IV EMPLOYEE JOINT US ORIGINATION, L.L.C."
2025071600312001,2,BUYER,X11 FIRST AVE LLC
2025071800038008,1,SELLER,CBCS WASHINGTON STREET LP
2025071800038008,2,BUYER,"WSRECP IV JOINT US ORIGINATION, L.L.C."
2025071800038008,2,BUYER,GLQC II DESIGNATED ACTIVITY COMPANY
2025053000867001,1,SELLER,EPIC LAFAYETTE LLC
2025053000867001,2,BUYER,"148 LAFAYETTE OWNER, L.L.C."
2025050201081012,1,SELLER,LA CENTRAL PHASE II HOUSING DEV. FUND CORP.
2025042900328007,1,SELLER,BERGEN ST EQUITY LLC
2025042900328007,2,BUYER,SCALE 280 BERGEN LENDER LLC
2025050201081008,1,SELLER,LA CENTRAL II OWNER LLC
2025050201081008,2,BUYER,NEW YORK CITY HOUSING DEVELOPMENT CORPORATION
2025050201081008,1,SELLER,LA CENTRAL PHASE II HOUSING DEV. FUND CORP.
2025050201081008,1,SELLER,LA CENTRAL II LIHTC OWNER LLC
2025050201081012,2,BUYER,NEW YORK CITY HOUSING DEVELOPMENT CORPORATION
2025050201081012,1,SELLER,LA CENTRAL II OWNER LLC
2025050201081012,1,SELLER,LA CENTRAL II LIHTC OWNER LLC
2025041100218011,2,BUYER,675 THIRD OWNER LLC
2025041100218011,1,SELLER,DOLP 675 PROPERTIES II LLC
2025031900650011,2,BUYER,S3 RE SUNSET PARK FUNDING LLC
2025031301021002,1,SELLER,"87TH ST. REALTY COMPANY II, L.L.C."
2025031301021002,2,BUYER,"501 EAST 87TH, LLC"
2025030700891001,2,BUYER,EAST 60TH TOWNHOUSES LLC
2025030700891001,1,SELLER,33-39 EAST 60TH STREET LLC
2025030300804001,1,SELLER,576-578 OTTO ROAD LLC
2025030300804001,1,SELLER,579 OTTO ROAD LLC
2025030300804001,2,BUYER,"WELLS FARGO BANK, NATIONAL ASSOCIATION"
2025031900650011,1,SELLER,TWRLR TOWER LLC
2024121900441001,2,BUYER,BLUSV II NY 222 MORGAN AVE LP
2024123100724001,1,SELLER,BRONX 173 LLC
2024123100724001,2,BUYER,EMPORIUM TPO LLC
2024121900441001,1,SELLER,"ROLLING FRITO-LAY SALES, LP"
2024121600347009,2,BUYER,LES ESSEX CROSSING HOLDINGS ACQUISITION LLC
2024121900441001,1,SELLER,"ROLLING FRITO-LAY SALES, LP"
2024121900441001,2,BUYER,BLUSV II NY 222 MORGAN AVE LP
2024121600347012,2,BUYER,LES ESSEX CROSSING HOLDINGS ACQUISITION LLC
2024121600347012,1,SELLER,SITE 4 DSA OWNER LLC
2024121600347009,1,SELLER,SITE 3 DSA COMMERCIAL LLC
2024112000750003,2,BUYER,430 ALBEE BK OWNER LLC
2024112600463001,1,SELLER,255 EAST 77TH STREET OWNER LLC
2024112600463001,2,BUYER,"JPMORGAN CHASE BANK, NATIONAL ASSOCIATION"
2024112000750003,1,SELLER,SPENCER ALBEE EQUITIES LLC
2024100200467052,2,BUYER,FEDERAL HOME LOAN MORTGAGE CORPORATION
2024101800418003,2,BUYER,GRAMERCY E 22ND OWNER LLC
2024101800418003,1,SELLER,"210-220 E. 22ND STREET SSGA OWNER, LLC"
2024100200467052,1,SELLER,MBD BBM HOUSING DEVELOPMENT FUND CORPORATION
2024100200467052,1,SELLER,BBM BRC LLC
2024100200467051,1,SELLER,BBM BRC LLC
2024100200467051,2,BUYER,NEW YORK CITY HOUSING DEVELOPMENT CORPORATION
2024100200467051,1,SELLER,MBD BBM HOUSING DEVELOPMENT FUND CORPORATION
2024072500841001,2,BUYER,100 WALL REALTY LLC
2024072500841001,1,SELLER,100 WALL INVESTMENTS LLC
2024070600012005,1,SELLER,SAMARITAN HIGHBRIDGE II L.P.
2024070600012005,2,BUYER,NEW YORK CITY HOUSING DEVELOPMENT CORPORATION
2024070600012005,1,SELLER,SDF HB PSH HOUSING DEVELOPMENT FUND CORPORATION
2024070200804002,2,BUYER,"ACREFI B-II, LLC"
2024070200804002,1,SELLER,WILLIAM VALE OWNER LLC
2024062700673007,1,SELLER,OCEAN WAY SENIOR HOUSING DEVELOPMENT FUND CORP.
2024062700673007,1,SELLER,LUNA GREEN LLC
2024062700673007,2,BUYER,NEW YORK STATE HOUSING FINANCE AGENCY
2024060600371002,1,SELLER,170 EAST 83RD STREET LLC
2024060600371002,2,BUYER,EAST 82 OWNER LLC
2024061700270007,2,BUYER,GOLDMAN SACHS BANK USA
2024061700270007,1,SELLER,THE MARK HOTEL OWNERS CORP.
2024061700270007,1,SELLER,MARK PROCO LLC
2024061700270007,1,SELLER,MARK OPCO LP
2024061700270007,1,SELLER,MARK COOP SPONSOR LP
2024061700270007,1,SELLER,MARK HOLDING LLC
2024061700270007,1,SELLER,MARK 2 RESTAURANT LLC
2024041000044004,1,SELLER,620W153AA LLC
2024041000044004,1,SELLER,620 W 153 REALTY LLC
2024041000044004,2,BUYER,BANK OF MONTREAL
2024041000044004,1,SELLER,ABS 153 LLC
2026031600932002,1,SELLER,THE ROMAN CATHOLIC CHURCH OF HOLY NAME
2026030401060001,2,BUYER,LANDESBANK HESSEN-THURINGEN GIROZENTRALE
2026030200174003,2,BUYER,BUILD NYC RESOURCE CORPORATION
2026030200174003,1,SELLER,"RIVERSPRING HEALTH SENIOR LIVING, INC."
2026031600932002,2,BUYER,RG 200 W 97TH OWNER LLC
2026030200174003,1,SELLER,RIVER'S EDGE
2026030200174003,2,BUYER,THE BANK OF NEW YORK MELLON
2026030401060001,1,SELLER,EAST 77 PROPERTY OWNER LLC
2026020400527001,2,BUYER,"DL RCF I LOAN HOLDINGS, LLC"
2026021900321001,2,BUYER,TERRENO WHITESTONE LLC
2026021900321001,1,SELLER,WF INDUSTRIAL X LLC
2026020400527001,2,BUYER,"DL RCF I LOAN HOLDINGS (EVERGREEN), LLC"
2026020400527001,1,SELLER,40 X OWNER LLC
2025123100662005,2,BUYER,THE BANK OF NEW YORK MELLON
2026012200003004,1,SELLER,101 GREENWICH PROPERTY OWNER LLC
2026012200003004,2,BUYER,ATHENE ANNUITY AND LIFE COMPANY
2026010500740011,1,SELLER,ARCHER TOWERS II HOUSING DEVELOPMENT FUND CORP
2026010500740011,1,SELLER,ARCHER TOWERS II OWNER LLC
2026010500740011,1,SELLER,ARCHER TOWERS II LIHTC OWNER LLC
2026010500740011,2,BUYER,NEW YORK CITY HOUSING DEVELOPMENT CORPORATION
2025123100662005,1,SELLER,"REN 4520 83RD STREET, LLC"
2025123100662005,2,BUYER,BUILD NYC RESOURCE CORPORATION
2025120900834005,2,BUYER,GREYSTONE FUNDING COMPANY LLC
2025121100136001,2,BUYER,"WELLS FARGO BANK, NATIONAL ASSOCIATION"
2025121100136001,1,SELLER,BK ACQUISITION THREE L.L.C.
2025120900834005,1,SELLER,BEAUTIFUL VILLAGE ASSOCIATES REDEVELOPMENT CO L.P.
2025101800026013,1,SELLER,ZETA CHARTER SCHOOLS - NEW YORK CITY
2025101800026013,2,BUYER,THE BANK OF NEW YORK MELLON
2025101800026013,2,BUYER,BUILD NYC RESOURCE CORPORATION
2025101800026013,1,SELLER,"ERE425, LLC"
2025101800026010,1,SELLER,"425 WESTCHESTER FEE OWNER, L.L.C."
2025101800026010,2,BUYER,"ERE425, LLC"
2025101401261007,1,SELLER,TCB BEACH CHANNEL DRIVE LIMITED PARTNERSHIP
2025101401233001,2,BUYER,HELP LOGAN FOUNTAIN HOUSING DEVELOPMENT FUND CORPO
2025100300202002,1,SELLER,NY 46 LLC
2025100300202002,2,BUYER,TSN 46TH LLC
2025092600286055,1,SELLER,MNPW PACT ML LLC
2025092600286055,2,BUYER,NEW YORK CITY HOUSING AUTHORITY
2025092600286055,1,SELLER,ACDC HOUSING DEVELOPMENT FUND CORPORATION
2025092600286052,1,SELLER,ACDC HOUSING DEVELOPMENT FUND CORPORATION
2025092600286052,2,BUYER,NEW YORK CITY HOUSING DEVELOPMENT CORPORATION
2025092600286052,1,SELLER,MNPW PACT ML LLC
2025101401261007,2,BUYER,CPC FUNDING SPE 1 LLC
2025101401261007,1,SELLER,RESTORED HOMES HOUSING DEVELOPMENT FUNDCORPORATION
2025101401233001,1,SELLER,JERICHO 265 LOGAN STREET HOUSING DEVELOPMENT FUND
2025090400392001,2,BUYER,U.S. BANK NATIONAL ASSOCIATION
2025090400392001,1,SELLER,545 SACKETT LLC
2025082100901001,1,SELLER,"NINE ORCHARD PARTNERS, LLC"
2025082100901001,2,BUYER,NINE ORCHARD OWNER LLC
2025070201150011,1,SELLER,RIDGE STREET ASSOCIATES LLC
2025070201150011,2,BUYER,NEW YORK CITY HOUSING DEVELOPMENT CORPORATION
2025070201150011,1,SELLER,RIDGE STREET HOUSING DEV. FUND CORP.
2025052200452003,1,SELLER,ICL 2886 ATLANTIC HOUSING DEVELOPMENT FUND CORP
2025052200452003,1,SELLER,2886 ATLANTIC AVE LLC
2025052200452003,2,BUYER,"UMB BANK, N.A."
2025050200454002,2,BUYER,835 6 HOTEL OWNER LLC
2025052700148001,1,SELLER,BP HOLDINGS GOLDENROD LLC
2025052700148001,2,BUYER,"BOSSERT PROPCO, LLC"
2025051600739001,2,BUYER,SP EAST 65 STREET OWNER LLC
2025050200454002,1,SELLER,835 6TH AVE MASTER LP
2025051600739001,1,SELLER,SP EAST 65 LLC
2025041300036011,2,BUYER,ALLIED WORLD ASSURANCE COMPANY (U.S.) INC.
2025041300036011,2,BUYER,UNITED STATES FIRE INSURANCE COMPANY
2025041300036011,2,BUYER,ALLIED WORLD NATIONAL ASSURANCE COMPANY
2025041300036011,2,BUYER,ALLIED WORLD SPECIALTY INSURANCE COMPANY
2025041300036011,2,BUYER,ALLIED WORLD INSURANCE COMPANY
2025041300036011,2,BUYER,THE NORTH RIVER INSURANCE COMPANY
2025041300036011,2,BUYER,KENNEDY-WILSON CAPITAL
2025041300036011,2,BUYER,ODYSSEY REINSURANCE COMPANY
2025041300036011,2,BUYER,ALLIED WORLD SURPLUS LINES INSURANCE COMPANY
2025041300036011,1,SELLER,THE MILANO RESIDENCES OWNER LLC
2025032500383006,1,SELLER,"IUV PHASE 1B OWNER, LLC"
2025032500383006,1,SELLER,IUV PHASE 1B HOUSING DEVELOPMENT FUND
2025032500383006,1,SELLER,"IUV PHASE 1B LIHTC OWNER, LLC"
2025032500383006,2,BUYER,NEW YORK CITY HOUSING DEVELOPMENT CORPORATION
2025020600890004,2,BUYER,NW 235 FEE LENDER LLC
2025020600890004,1,SELLER,235 FEE OWNER LLC
2025021101096002,2,BUYER,"WELLS FARGO BANK, NATIONAL ASSOCIATION"
2025021101096002,2,BUYER,"BANK OF AMERICA, N.A."
2025021101096002,1,SELLER,"200 PARK, L.P."
2025010900041001,2,BUYER,"TPG RE FINANCE 24, LTD."
2025010900041001,1,SELLER,BLUCV II NY 222 MORGAN AVE LP
2025010900041001,1,SELLER,BLUCV II NY 333 N HENRY STREET LLC
2024120300464004,2,BUYER,KENNEDY-WILSON CAPITAL
2024122000427003,2,BUYER,52 WILLIAM STREET PROPCO LLC
2024122000427003,1,SELLER,SCCQ DOWNTOWN LLC
2024121300467001,2,BUYER,"MSD RCOF PARTNERS XXX, LLC"
2024121300467001,1,SELLER,102-110 JOHN MAZAL LLC
2024120300888004,1,SELLER,YS 541 LEXINGTON OWNER LLC
2024120300888004,2,BUYER,FORTRESS CREDIT CORP.
2024120300464004,1,SELLER,180 E125 PROPCO LLC
2024110401068003,1,SELLER,292 MADISON NY LLC
2024112200341001,1,SELLER,"ASB L3 72-76 GREENE STREET, LLC"
2024112200341001,2,BUYER,SOHO RETAIL PORTFOLIO 72-76 GREENE STREET LLC
2024110500789001,1,SELLER,WHITNEY MUSEUM OF AMERICAN ART
2024110500789001,2,BUYER,"945 MADISON AVENUE, LLC"
2024110401068003,2,BUYER,292 MADISON INVESTOR LLC
2024093000833006,1,SELLER,270 NOSTRAND PROPCO LLC
2024100200898004,2,BUYER,MERCHANTS CAPITAL CORP
2024100200898004,1,SELLER,REMEEDER HOUSES OWNER LLC
2024093000833006,2,BUYER,VALLEY NATIONAL BANK
2024073000465001,1,SELLER,BG SACK WERN HOUSING DEVELOPMENT FUND CORPORATION
2024073000465001,2,BUYER,NEW YORK CITY HOUSING DEVELOPMENT CORPORATION
2024081600066013,2,BUYER,"STARWOOD PROPERTY MORTGAGE SUB-2, L.L.C."
2024081600066013,1,SELLER,"422 FULTON OWNER, L.L.C."
2024073000465001,1,SELLER,ABA SACK WERN LLC
2024070500073001,2,BUYER,"KK-RR FINCO, LLC"
2024070500073001,1,SELLER,NEW YORK CITY INDUSTRIAL DEVELOPMENT AGENCY
2024070500073001,1,SELLER,"509 W 34TH, L.L.C."
2024062700432002,1,SELLER,GOWANUS NEVINS NORTH LLC
2024062700432002,2,BUYER,NEVINS DEBT LENDER LLC
2024072500841002,1,SELLER,100 WALL REALTY LLC
2024072500841002,2,BUYER,NW 100 WALL LENDER LLC
2024071600859001,1,SELLER,SHERWOOD 48 ASSOCIATES
2024071600859001,2,BUYER,BANDO GENY 2 LLC
2024061300861004,1,SELLER,QPP LOT 4 LLC
2024062500968001,1,SELLER,"MAPLE C 250 CHURCH OWNER, LLC"
2024062500968001,2,BUYER,"FRANKLIN 2024 PROPCO, LLC"
2024062000460001,2,BUYER,"WELLS FARGO BANK, NATIONAL ASSOCIATION"
2024062000460001,1,SELLER,TRI-BLOCK FTG LLC
2024062000460001,1,SELLER,CLERMONT FTG LLC
2024061300861004,2,BUYER,"WELLS FARGO BANK, NATIONAL ASSOCIATION"
2024061300861004,1,SELLER,QPP LLC
2024050100276003,2,BUYER,"WELLS FARGO BANK, NATIONAL ASSOCIATION"
2024050100276003,1,SELLER,"KNICKERBOCKER VILLAGE, INC."
2024041900397001,1,SELLER,120 EAST 144 OWNER LLC
2024041900397001,2,BUYER,SCALE 144TH MOTT HAVEN LLC
2024031500299001,1,SELLER,211 WEST 84TH ST OWNER LLC
2024031500299001,2,BUYER,BANK HAPOALIM B.M.
2024031500299001,1,SELLER,215 WEST 84TH ST OWNER LLC
2026030500901001,1,SELLER,350 GC PROPERTY OWNER LLC
2026030500901001,2,BUYER,"PCCP LM MANAGER, LLC"
2026021600158004,1,SELLER,MPE HOTEL I (NEW YORK) LLC
2026021600158004,2,BUYER,"RCCP NY COMMERCIAL FEE OWNER, LLC"
2025123100662004,2,BUYER,"REN 4520 83RD STREET, LLC"
2026012300850008,1,SELLER,"280 W 155TH STREET OWNER, L.L.C."
2026010100071007,2,BUYER,NEW YORK CITY HOUSING DEVELOPMENT CORPORATION
2026010100071007,1,SELLER,TIMBALE TERRACE HSG DEV. FUND CORP.
2026010100071007,1,SELLER,TIMBALE TERRACE LIHTC LLC
2026010100071007,1,SELLER,TIMBALE TERRACE LLC
2025123100662004,1,SELLER,SUNSHINE ELMHURST LLC
2026012300850013,1,SELLER,"SS NYC 121ST STREET, L.L.C."
2025122800004060,1,SELLER,BAY VIEW PACT LLC
2025122800004060,2,BUYER,NEW YORK CITY HOUSING DEVELOPMENT CORPORATION
2025122800004060,2,BUYER,FANNIE MAE
2026012300850013,2,BUYER,"87-16 121ST ST PROPERTY OWNER, L.L.C."
2026012300850008,2,BUYER,"2924 8TH AVENUE OWNER, L.L.C"
2025110500029002,1,SELLER,60 CENTRAL AVENUE ENERGY STORAGE 3 LLC
2025110500029002,1,SELLER,60 CENTRAL AVENUE ENERGY STORAGE 1 LLC
2025110500029002,1,SELLER,CONVERGENT 60 CENTRAL AVENUE HOLDCO LLC
2025110500029002,1,SELLER,60 CENTRAL AVENUE ENERGY STORAGE 2 LLC
2025122600501010,1,SELLER,371 7TH AVENUE OWNER LLC
2025122600501010,1,SELLER,BG STEWART HOUSING DEVELOPMENT FUND CORPORATION
2025122600501010,2,BUYER,NEW YORK STATE HOUSING FINANCE AGENCY
2025122600459001,2,BUYER,HIGHBRIDGE RISING HOUSING DEVELOPMENT FUND CORP
2025122600459001,1,SELLER,HIGHBRIDGE COMMUNITY HOUSING DEVELOPMENT FUND CORP
2025110500029002,2,BUYER,"WILMINGTON TRUST, NATIONAL ASSOCIATION"
2025110500029002,1,SELLER,EAST BAY ENERGY STORAGE 1 LLC
2025110500029002,2,BUYER,"WILMINGTON TRUST, NATIONAL ASSOCIATION"
2025111900172001,1,SELLER,W 28TH DEVELOPMENT LLC
2025111900172001,2,BUYER,322 7TH AVE OWNER LLC
2025111700733010,1,SELLER,DOLP 733 PROPERTIES II LLC
2025111700733010,2,BUYER,"CITIBANK, N.A."
2025111000720002,2,BUYER,181 FRONT ST LLC
2025111000720002,1,SELLER,"177 FRONT PROPERTY OWNER, L.L.C."
2025110500029002,1,SELLER,60 CENTRAL AVENUE ENERGY STORAGE 2 LLC
2025110500029002,1,SELLER,60 CENTRAL AVENUE ENERGY STORAGE 3 LLC
2025110500029002,1,SELLER,EAST BAY ENERGY STORAGE 1 LLC
2025110500029002,1,SELLER,CONVERGENT 60 CENTRAL AVENUE HOLDCO LLC
2025110500029002,1,SELLER,60 CENTRAL AVENUE ENERGY STORAGE 1 LLC
2025101600694002,1,SELLER,"346 MADISON AVENUE, LLC"
2025101600694002,2,BUYER,346 MADISON AVENUE OWNER LLC
2025090300220026,2,BUYER,THE CITY OF NEW YORK
2025090300220026,1,SELLER,"80 FLATBUSH AVENUE, LLC"
2025090300220026,1,SELLER,378 SCHERMERHORN STREET LLC
2025090300220026,2,BUYER,"BROOKLYN 1 MULTIFAMILY KCD, LLC"
2025081900255007,2,BUYER,BANK OZK
2025081900255007,1,SELLER,GPLC OWNER LLC
2025070300552013,2,BUYER,MERCHANTS BANK OF INDIANA
2025070300552013,1,SELLER,MBD WEST APARTMENTS HOUSING DEVELOPMENT FUND CO.
2025070100090010,2,BUYER,NEW YORK CITY HOUSING DEVELOPMENT CORPORATION
2025070100090010,1,SELLER,CONEY ISLAND PHASE III HOUSING DEVELOPMENT FUND CO
2025070100090010,1,SELLER,CONEY ISLAND ASSOCIATES PHASE 3 LLC
2025070100090010,1,SELLER,CONEY ISLAND ASSOCIATES 3 MODERATE LLC
2025062700875001,2,BUYER,30-25 QUEENS BLVD TENANT LLC
2025062700875001,1,SELLER,PALMANA REALTY CORP.
2025072401017002,2,BUYER,360 WEST BROADWAY PROPERTY OWNER LLC
2025072401017002,1,SELLER,"DEIHL REALTY, INC"
2025071600312003,1,SELLER,X11 FIRST AVE LLC
2025071600312003,2,BUYER,ELDRIDGE CORPORATE FUNDING LLC
2025070300552013,1,SELLER,MBD WEST APARTMENTS LLC
2025050600094004,2,BUYER,522 FIFTH RETAIL LLC
2025050600094004,1,SELLER,"522 FIFTH AVENUE RETAIL, L.P."
2025050800943001,1,SELLER,"OCEAN PARK ACQUISITION, L.P."
2025050800943001,2,BUYER,OCEAN PARK PRESERVATION HOUSING DEVELOPMENT FUND C
2025040900785001,1,SELLER,PENN DISTRICT HOTEL LLC
2025033100723003,1,SELLER,569 LEXINGTON LEASEHOLD LLC
2025033100723003,2,BUYER,THE CITY UNIVERSITY OF NEW YORK
2025040400835003,1,SELLER,BOP MW RETAIL SUBSIDIARY LLC
2025040400835003,2,BUYER,"CITIBANK, N.A."
2025040900785001,2,BUYER,"RDF AGENT, LLC"
2025032500383002,1,SELLER,"IUV PHASE 1B OWNER, LLC"
2025032500383002,1,SELLER,"IUV PHASE 1B LIHTC OWNER, LLC"
2025030600616001,1,SELLER,220 CPS PARKVIEW LLC
2025030600616001,2,BUYER,HSH CPS LLC
2025032500383002,2,BUYER,NEW YORK CITY HOUSING DEVELOPMENT CORPORATION
2025032500383002,1,SELLER,IUV PHASE 1B HOUSING DEVELOPMENT FUND
2025013000411005,1,SELLER,485 SEVENTH AVENUE ASSOCIATES LLC
2025013000411005,2,BUYER,"REZNIK PAZ NEVO TRUSTS LTD., AS TRUSTEE"
2025012400784004,2,BUYER,NEW YORK CITY HOUSING DEVELOPMENT CORPORATION
2025012400784004,1,SELLER,LP PRESERVATION LLC
2025011400533001,2,BUYER,767 THIRD PROPERTY OWNER LLC
2025011400533001,1,SELLER,767 THIRD AVENUE LLC
2025011001071009,1,SELLER,"LINDEN PLAZA HOUSING CO., INC"
2025011001071009,2,BUYER,"LP PRESERVATION HOUSING COMPANY, INC."
2025011001071009,2,BUYER,LP PRESERVATION LLC
2025010800241001,1,SELLER,"BROADWAY 2024 PROPCO, LLC"
2024121800706016,1,SELLER,MANHATTANVILLE OWNER LLC
2024121800706016,2,BUYER,NEW YORK CITY HOUSING AUTHORITY
2024121800706016,1,SELLER,MANHATTANVILLE HOUSING DEVELOPMENT FUND CORP
2025010800241001,1,SELLER,"BROADWAY 2024 LESSOR, LLC"
2025010800241001,2,BUYER,"BDT & MSD RSLP LENDING B, LLC"
2025012400784004,1,SELLER,"LP PRESERVATION HOUSING COMPANY, INC."
2024120900816008,1,SELLER,77 WATER LLC
2024122400175006,2,BUYER,THE CITY OF NEW YORK
2024122400175006,2,BUYER,NEW YORK LIFE INSURANCE COMPANY
2024122400175006,1,SELLER,"110 FLATBUSH AVENUE, LLC"
2024122400175006,1,SELLER,"110 FLATBUSH REDIDENTIAL TENANT, LLC"
2024121800310001,2,BUYER,"MAM COLLATERAL AGENT, LLC"
2024121800310001,1,SELLER,125 OWNERS LLC
2024120900816008,2,BUYER,WATER STREET DEBT LENDER LLC
2024110100250001,2,BUYER,175-225 THIRD STREET LENDER LLC
2024110100250001,1,SELLER,GOWANUS OWNER LLC
2024102900342001,2,BUYER,OTERA CAPITAL INVESTISSEMENTS XIV INC.
2024102900342001,1,SELLER,RXR 91 DEKALB OWNER LLC
2024102900342001,1,SELLER,RXR LIU DEVELOPER TRS LLC
2024100100518001,1,SELLER,WALTON STREET GC DEVELOPMENTS LLC
2024100100518001,1,SELLER,WALTON STREET GC DEVELOPMENTS LLC
2024100100518001,2,BUYER,SCALE 261 GRAND CONCOURSE LENDER LLC
2024080100538003,1,SELLER,MADISON AVE OWNER LLC
2024080100538003,2,BUYER,"DEUTSCHE BANK AG, NEW YORK BRANCH"
2024070100583011,1,SELLER,MASPETH B2 OWNER LLC
2024070100583011,1,SELLER,MASPETH PARK HOUSING DEVELOPMENT FUND CORPORATION
2024070100583011,2,BUYER,NEW YORK CITY HOUSING DEVELOPMENT CORPORATION
2024071600167001,1,SELLER,ARTPROP PROPERTY LLC
2024071600167001,2,BUYER,CITI REAL ESTATE FUNDING INC.
2024070200303002,2,BUYER,KENNEDY-WILSON CAPITAL
2024070200303002,1,SELLER,GOWANUS NEVINS SOUTH LLC
2024053100757001,1,SELLER,22063 REALTY TRUST
2024053100757001,2,BUYER,220 CPS 63 LLC
2024053100757001,1,SELLER,"SPENCER MARSDEN, AS TRUSTEE"
2024041600617001,2,BUYER,550W21 OWNER LLC
2024041600617001,1,SELLER,540 WEST 21ST STREET HOLDINGS LLC
2024030800383014,1,SELLER,BEDFORD BEVERLY B LLC
2024031400487004,1,SELLER,2030 CROPSEY AVE LEASE HOLDER LLC
2024031400487004,1,SELLER,SHORE TOWERS QZB LLC
2024031400487004,2,BUYER,DWIGHT MORTGAGE TRUST
2024030800383014,2,BUYER,SCALE 2360 BEDFORD LENDER LLC
2024020800802001,1,SELLER,45 AVE FLUSHING LLC
2024020800802001,1,SELLER,4509 EIGHTH LLC
2024020800802001,1,SELLER,EASTONE SANSHENG LLC
2024020800802001,1,SELLER,HARMONY HOLDINGS GROUP LLC
2024020800802001,2,BUYER,NEW YORK CITY SCHOOL CONSTRUCTION AUTHORITY
2026012700123013,2,BUYER,"PGIM REAL ESTATE U.S. DEBT FUND SELLER IV, LLC"
2026012700123013,1,SELLER,"280 W 155TH STREET OWNER, L.L.C."
2026012700123013,1,SELLER,"31-08 NORTHERN BLVD OWNER, L.L.C."
2026022600110001,1,SELLER,LMCT HOUSING DEVELOPMENT FUND CORPORATION
2026022600110001,2,BUYER,PPSP ASSOCIATES LLC
2026022600110001,1,SELLER,PPSP PRESERVATION LLC
2026022600110001,2,BUYER,LMCT HOUSING DEVELOPMENT FUND CORPORATION
2026030400489002,2,BUYER,UNION PLAZA SNF REALTY LLC
2026030400489002,1,SELLER,"UNION PLAZA REALTY, L.P."
2026012700123013,2,BUYER,"PGIM REAL ESTATE U.S. DEBT FUND SELLER VIII, LLC"
2026021700618003,1,SELLER,50 WEST BSP OWNER LLC
2026021700618003,2,BUYER,"FBRED BDC JPM SELLER, LLC"
2026012700123013,1,SELLER,"31-08 NORTHERN BLVD OWNER, L.L.C."
2026012700123013,1,SELLER,"280 W 155TH STREET OWNER, L.L.C."
2026010901070009,2,BUYER,"1 PARK ROW OWNER, LLC"
2026012300850016,2,BUYER,"25 REMSEN PROPERTY OWNER, L.L.C."
2026012300850016,1,SELLER,"25 REMSEN AVENUE OWNER, L.L.C."
2026012300850004,1,SELLER,"KING STREET OWNER, L.L.C."
2026012300850004,2,BUYER,"155 KING PROPERTY OWNER, L.L.C."
2026012200003003,1,SELLER,101 GREENWICH PROPERTY OWNER LLC
2026012200003003,2,BUYER,ATHENE ANNUITY AND LIFE COMPANY
2026010901070009,1,SELLER,"1 PARK ROW DEVELOPMENT, LLC"
2026010100071009,2,BUYER,NEW YORK CITY HOUSING DEVELOPMENT CORPORATION
2026010100071009,1,SELLER,TIMBALE TERRACE LLC
2026010100071009,1,SELLER,TIMBALE TERRACE LIHTC LLC
2026010100071009,1,SELLER,TIMBALE TERRACE HSG DEV. FUND CORP.
2025122901234005,1,SELLER,260 KENT LLC
2025122901234005,2,BUYER,THE NORTHWESTERN MUTUAL LIFE INSURANCE COMPANY
2025121900959022,1,SELLER,HARLEM PACT PARTNERS LLC
2025121900959022,1,SELLER,HARLEM PACT HOUSING DEVELOPMENT FUND CORPORATION
2025121900959022,2,BUYER,NEW YORK CITY HOUSING AUTHORITY
2025121500408003,2,BUYER,"CITI REAL ESTATE FUNDING, INC."
2025122301165002,1,SELLER,WPJG LLC
2025122301165002,2,BUYER,OAK WILLIAM LLC
2025122301165002,2,BUYER,OAKNORTH BANK PLC
2025123100044002,2,BUYER,MERS
2025123100044002,1,SELLER,"MINCHALA, RENE"
2025123100044002,1,SELLER,"MINCHALA, DAVID RENE"
2025121800857001,1,SELLER,1 MADISON OFFICE FEE LLC
2025121800857001,2,BUYER,"WELLS FARGO BANK, NATIONAL ASSOCIATION"
2025121500408003,1,SELLER,WATERVIEW OWNER LLC
2025121500408003,1,SELLER,WATERVIEW DEVELOPER LLC
2025121500408003,2,BUYER,"JPMORGAN CHASE BANK, NATIONAL ASSOCIATION"
2025101600694001,1,SELLER,"11 EAST 44TH STREET, LLC"
2025101600694001,2,BUYER,11 EAST 44TH OWNER LLC
2025092600286049,2,BUYER,NEW YORK CITY HOUSING DEVELOPMENT CORPORATION
2025092600286050,2,BUYER,FEDERAL HOME LOAN MORTGAGE CORPORATION
2025092600286049,1,SELLER,MNPW PACT ML LLC
2025092600286050,1,SELLER,MNPW PACT ML LLC
2025092600286050,1,SELLER,ACDC HOUSING DEVELOPMENT FUND CORPORATION
2025092600286049,1,SELLER,ACDC HOUSING DEVELOPMENT FUND CORPORATION
2025091200407011,2,BUYER,"JPMORGAN CHASE BANK, NATIONAL ASSOCIATION"
2025091200407011,1,SELLER,LEXINGTON TWO HOLDINGS LLC
2025061500011016,2,BUYER,COURT SQ LIC LENDER 1 LLC
2025061500011016,2,BUYER,COURT SQ LIC LENDER 1 LLC
2025061500011016,1,SELLER,COURT SQUARE 45TH AVE LLC
2025061500011016,1,SELLER,COURT SQUARE 45TH AVE 2 LLC
2025032800857007,1,SELLER,"EC A2 PARCEL (AFFORDABLE ), L.L.C."
2025032700229003,1,SELLER,LORIMER ST HOLDINGS LLC
2025032700229003,2,BUYER,"H.I.G. REALTY FINANCING I, LLC"
2025032800857007,1,SELLER,"A2 RETAIL PARCEL TRS, L.L.C."
2025032800857007,1,SELLER,"A2 RETAIL PARCEL, L.L.C."
2025032800857007,1,SELLER,"EC A2 PARCEL TRS, L.L.C."
2025032800857007,2,BUYER,NEW YORK STATE HOUSING FINANCE AGENCY
2025032800857007,1,SELLER,EC A2 HOUSING DEVELOPMENT FUND CORPORATION
2025040300436004,1,SELLER,AMSTERDAM 88 LLC
2025040300436004,2,BUYER,BANK HAPOALIM B.M.
2025030600699001,2,BUYER,"THE BANK OF NEW YORK MELLON, AS MASTER TRUSTEE"
2025032500258003,2,BUYER,LSREF7 SIZE LLC
2025032500258003,1,SELLER,CROISIC BUILDING LLC
2025030600699001,1,SELLER,NYU LANGONE HOSPITALS
2025030600699001,1,SELLER,NYU HOSPITALS CENTER
2025012401000002,1,SELLER,125 PARK OWNER LLC
2025013000453001,1,SELLER,HEBREW UNION COLLEGE - JEWISH INSTITUTE OF RELIGIO
2025013000453001,2,BUYER,NEW YORK UNIVERSITY
2025012401000002,2,BUYER,"WELLS FARGO BANK, NATIONAL ASSOCIATION"
2024122700677009,1,SELLER,1760 THIRD AVENUE HOUSING DEVELOPMENT FUND CORP
2025012000212002,2,BUYER,1370B INVESTOR LLC
2025012000212002,1,SELLER,"BROADWAY TIMES SQUARE, INC"
2025010800241002,2,BUYER,"BDT & MSD RSLP LENDING B, LLC"
2025010800241002,1,SELLER,"BROADWAY 2024 LESSOR, LLC"
2025010800241002,1,SELLER,"BROADWAY 2024 PROPCO, LLC"
2024122700677009,2,BUYER,NEW YORK STATE HOUSING FINANCE AGENCY
2024111200839023,2,BUYER,WALLABOUT REALTY CORP.
2024112200417001,1,SELLER,"41-45 PROPERTY OWNER, LLC"
2024112200417001,2,BUYER,PARK AVE. CONDO LLC
2024111200839024,2,BUYER,WALLABOUT REALTY CORP.
2024111200839024,1,SELLER,HARRISON REALTY LLC
2024111200839023,1,SELLER,HARRISON REALTY LLC
2024101600847001,1,SELLER,HARRISON REALTY LLC
2024101600847002,1,SELLER,HARRISON REALTY LLC
2024101600847002,2,BUYER,WALLABOUT REALTY CORP
2024101600847001,2,BUYER,WALLABOUT REALTY CORP
2024081900649001,2,BUYER,JPMORGAN CHASE BANK NA
2024082101016002,1,SELLER,219 OWNER LLC
2024082101016002,2,BUYER,NW 42ND STREET LENDER LLC
2024081900649001,1,SELLER,85 JAY STREET(BROOKLYN) LLC
2024081900649001,2,BUYER,AXOS BANK
2024070500280005,1,SELLER,"730 FIFTH UPPER, LLC"
2024071700812014,1,SELLER,"FORTIS DUMBO ACQUISITION, LLC"
2024071700812014,2,BUYER,"G4 18217, LLC"
2024071700812002,2,BUYER,"G4 18217, LLC"
2024071700812002,1,SELLER,"FORTIS DUMBO ACQUISITION, LLC"
2024070500280005,2,BUYER,"JPMORGAN CHASE BANK, NATIONAL ASSOCIATION"
2024061800986001,1,SELLER,2005-2009 3RD AVE QOZ LLC
2024062000143001,1,SELLER,EAST END TOWER LLC
2024062000143001,2,BUYER,"85 EAST END OWNER, LLC"
2024061800986001,2,BUYER,GOLDMAN SACHS BANK USA
2024043000173006,1,SELLER,SPRING CREEK 26A OWNER LLC
2024050900144005,2,BUYER,QR REAL ESTATE CAPITAL REIT LLC
2024050900144005,1,SELLER,888 ATLANTIC PROPERTY OWNER LP
2024050300882005,2,BUYER,KENNEDY-WILSON CAPITAL
2024050300882005,2,BUYER,UNITED STATES FIRE INSURANCE COMPANY
2024050300882005,1,SELLER,"QUEENS PLAZA NORTH NEW YORK, LLC"
2024043000173006,1,SELLER,NEHEMIAH SPRING CREEK 26A HOUSING DEVELOPMENT FUND
2024043000173006,2,BUYER,NEW YORK CITY HOUSING DEVELOPMENT CORPORATION
2024030600640002,2,BUYER,HR DC SMITH STREET OWNER LP
2024031800140009,1,SELLER,GWL 612 WORTMAN LLC
2024031800140009,1,SELLER,GWL 23-85 87TH LLC
2024031800140009,2,BUYER,AMERICAN GENERAL LIFE INSURANCE COMPANY
2024030700644002,1,SELLER,"IDLEWILD REALTY, LLC"
2024030600640002,1,SELLER,SMITH STREET OWNER LLC
2024030700644002,2,BUYER,CROWNE PARTNERS LLC
2024020800202005,1,SELLER,FLUSHING LANDMARK REALTY L.L.C.
2024020800202005,2,BUYER,41-60 MAIN STREET OWNER LLC
2026032300460001,2,BUYER,170 BUFFALO SNF REALTY LLC
2026032300460001,1,SELLER,BUFFALO AVE. REALTY ASSOCIATES LLC
2026021000956010,1,SELLER,CAMPOS PLAZA II HOUSING DEVELOPMENT FUND CORP.
2026021000956010,2,BUYER,"CITIBANK, N.A."
2026021000956010,1,SELLER,CAMPOS PLAZA II PACT PARTNERS LLC
2025122400520013,2,BUYER,"TD BANK, N.A."
2026012700462002,2,BUYER,VALLEY NATIONAL BANK
2026012700462002,1,SELLER,ATLAS VI HOUSTON LLC
2026012300850005,1,SELLER,"62-05 30TH AVE IX OWNER, L.L.C."
2026012300850005,2,BUYER,"62-05 30TH AVE PROPCO, L.L.C."
2026010600142001,1,SELLER,EPIC W12 LLC
2026010600142001,2,BUYER,15 LW 12 OWNER LLC
2025123001319006,1,SELLER,1099 WEBSTER OWNERS LLC
2025123001319006,1,SELLER,"1111 WEBSTER HOUSING DEV. FUND CO., INC."
2025123001319006,2,BUYER,NEW YORK CITY HOUSING DEVELOPMENT CORPORATION
2025122400520013,1,SELLER,521 TREMONT OWNER LLC
2025122400520013,1,SELLER,521 EAST TREMONT HOUSING DEV. FUND CORP.
2025122300470005,1,SELLER,85 4TH AVENUE LLC
2025122600501012,1,SELLER,371 7TH AVENUE OWNER LLC
2025122600501012,2,BUYER,"THE CITY OF NEW YORK, ACTING BY AND THROUGH ITS DE"
2025122600501012,1,SELLER,BG STEWART HOUSING DEVELOPMENT FUND CORPORATION
2025122301165001,1,SELLER,JOHN HANCOCK LIFE & HEALTH INSURANCE COMPANY
2025122301165001,2,BUYER,WPJG LLC
2025122301165001,1,SELLER,JOHN HANCOCK LIFE INSURANCE COMPANY OF NEW YORK
2025122300470005,2,BUYER,BANK HAPOALIM B.M.
2025120800540003,2,BUYER,MISHMERET TRUST COMPANY LTD
2025120800540003,1,SELLER,AM 260 MADISON LLC
2025112401205003,1,SELLER,97 WEST REALTY LLC
2025112401205003,2,BUYER,"G4 18289, LLC"
2025102900286009,1,SELLER,KINGSBORO SHOP 1 HOUSING DEVELOPMENT FUND
2025110600533001,1,SELLER,50TH & 5TH LIC LLC
2025110600533001,2,BUYER,"WELLS FARGO BANK, NATIONAL ASSOCIATION"
2025110400242003,2,BUYER,"SPT REAL ESTATE CAPITAL, LLC"
2025110400242003,1,SELLER,"422 FULTON OWNER, L.L.C."
2025102900286009,2,BUYER,NEW YORK STATE HOUSING FINANCE AGENCY
2025102900286009,1,SELLER,KINGSBORO SHOP 1 L.P.
2025100100210001,2,BUYER,SHEEPSHEAD BAY 1524 LLC
2025100600781016,1,SELLER,HELLO NOSTRAND LLC
2025100600781016,2,BUYER,1580 NOSTRAND AVE OWNER LLC
2025100100210001,1,SELLER,"SHEEPSHEAD BAY ROAD PARTNER, LLC"
2025072900958005,2,BUYER,GARNETT BROOKLYN LLC
2025080600262001,2,BUYER,QUEENS LIFESTYLE CENTER II LLC
2025080600262001,1,SELLER,"WMAP, L.L.C."
2025072400426007,1,SELLER,141 WILLOUGHBY FEE OWNER LLC
2025080600262001,2,BUYER,QUEENS LIFESTYLE CENTER LLC
2025072900958005,1,SELLER,SOUTH 4TH OWNER 1 LLC
2025072900958005,1,SELLER,SOUTH 4TH OWNER 2 LLC
2025072400426007,2,BUYER,"COREBRIDGE INSTITUTIONAL INVESTMENTS (U.S.), LLC"
2025062900041004,2,BUYER,NEW YORK STATE HOUSING FINANCE AGENCY
2025062900041004,1,SELLER,"FULTON PARK SITE 4 HOUSES, INC."
2025062900041004,1,SELLER,"1711 FULTON REDEVELOPMENT, LLC"
2025070300730008,1,SELLER,ARTSPACE BROWNSVILLE HOUSING DEVELOPMENT FUND
2025070300730008,1,SELLER,BROWNSVILLE ARTS BENEFICIAL OWNER LLC
2025070300730008,2,BUYER,NEW YORK CITY HOUSING DEVELOPMENT CORPORATION
2025070300730012,1,SELLER,ARTSPACE BROWNSVILLE HOUSING DEVELOPMENT FUND
2025070300730012,1,SELLER,BROWNSVILLE ARTS BENEFICIAL OWNER LLC
2025070300730012,2,BUYER,NEW YORK CITY HOUSING DEVELOPMENT CORPORATION
2025071600502005,1,SELLER,"STORAGE POST / 4388 BROADWAY, LLC"
2025071600502005,2,BUYER,"HEITMAN HDP III ACQUISITION I, LLC"
2025071600533005,1,SELLER,"STORAGE POST / 491 BERGEN STREET, LLC"
2025071600533005,2,BUYER,"HEITMAN HDP III ACQUISITION I, LLC"
2025071600688005,1,SELLER,"STORAGE POST / 475 AMSTERDAM AVE, LLC"
2025071600688005,2,BUYER,"HEITMAN HDP III ACQUISITION I, LLC"
2025071600694005,1,SELLER,"STORAGE POST / 4396 BROADWAY, LLC"
2025071600694005,2,BUYER,"HEITMAN HDP III ACQUISITION I, LLC"
2025052200452001,2,BUYER,ICL 2886 ATLANTIC HOUSING DEVELOPMENT FUND CORPORA
2025052200452001,1,SELLER,2864 ATLANTIC REALTY LLC
2025062500099007,1,SELLER,SOUNDVIEW EMPIRE LLC
2025062500099007,2,BUYER,VALLEY NATIONAL BANK
2025052200452001,2,BUYER,2886 ATLANTIC AVE LLC
2025042900677005,1,SELLER,ZDJ VERNON LLC
2025042900677005,2,BUYER,ELITE 18 LLC
2025052700148002,2,BUYER,BELLWETHER ASSET SERVICES LLC
2025052700148002,1,SELLER,"BOSSERT PROPCO, LLC"
2025050100092001,1,SELLER,"FRESH PROPERTY BRONX, LLC"
2025050100092001,2,BUYER,WHITEHAWK CAPITAL PARTNERS LP
2025040801105002,2,BUYER,"JPMORGAN CHASE BANK, N.A."
2025040801105002,1,SELLER,DOLP 825 PROPERTIES II LLC
2025010200692005,1,SELLER,2134 COYLE HOUSING DEVELOPMENT FUND CORPORATION
2025010800879001,2,BUYER,345 7TH AVENUE REALTY OWNER LLC
2025010800879001,1,SELLER,EMPIRE 345 SEVENTH LLC
2025010800879001,1,SELLER,7TH CITY REALTY LLC
2025010200692005,2,BUYER,"WILMINGTON TRUST, NATIONAL ASSOCIATION"
2024120300464001,2,BUYER,180 E125 PROPCO LLC
2024122600827010,1,SELLER,JERICHO RED HOOK BUILDING C HDFC
2024122600827010,1,SELLER,RED HOOK BUILDING C LIHTC LLC
2024122600827010,2,BUYER,NEW YORK CITY HOUSING DEVELOPMENT CORPORATION
2024122600827010,1,SELLER,RED HOOK BUILDING C OWNER LLC
2024120300464001,1,SELLER,160 EAST 125TH OWNER LLC
2024102900342003,2,BUYER,OTERA CAPITAL INVESTISSEMENTS XIV INC.
2024111800129002,1,SELLER,"ROB, AFROZA"
2024111800129002,2,BUYER,MERS
2024111800129002,1,SELLER,"PARVEZ, ABDUL BARI"
2024102900342003,1,SELLER,RXR 91 DEKALB OWNER LLC
2024102900342003,1,SELLER,RXR LIU PII DEVELOPER TRS LLC
2024102500578008,2,BUYER,AFFORDABLE HOUSING CREDIT OPPORTUNITIES WAREHIOUSE
2024102500578008,1,SELLER,MORRISANIA APARTMENTS HOUSING DEVEVELOPMENT FUND C
2024102500578008,1,SELLER,MORRISANIA APARTMENTS LLC
2024101500915003,1,SELLER,ARCHDIOCESE OF NEW YORK
2024101500915003,2,BUYER,GOLDMAN SACHS BANK USA
2024082200562001,1,SELLER,COOPER AND 6TH PROPERTY LLC
2024081900135004,2,BUYER,419 PAS LLC
2024081900135004,1,SELLER,BOBLAR 419 LLC
2024081900135004,1,SELLER,WALBER 419 COMPANY LLC
2024081900135004,1,SELLER,419 PARK AVENUE SOUTH ASSOCIATES LLC
2024081900135004,1,SELLER,FRIEDLAND 419 LLC
2024082200562001,2,BUYER,NEW YORK UNIVERSITY
2024062700353006,1,SELLER,FLUSHING PRESERVATION L.P.
2024072300047006,1,SELLER,RAIZADA RH LLC
2024072300047006,2,BUYER,"MORGAN STANLEY PRIVATE BANK, NATIONAL ASSOCIATION"
2024072300047006,1,SELLER,REFINERY AA LLC
2024062700353006,1,SELLER,FLUSHING PRESERVATION HDFC
2024072300047006,1,SELLER,TRAZULU NYC LLC
2024062700353006,2,BUYER,NEF PRESERVATION PB FUND 1 LP
2024072300047006,1,SELLER,"RSVP 38TH STREET VENTURE, LP"
2024042500185008,1,SELLER,LIVONIA C3 LLC
2024042500185008,2,BUYER,NEW YORK CITY HOUSING DEVELOPMENT CORPORATION
2024042500185008,1,SELLER,LIVONIA C3 HOUSING DEVELOPMENT FUND CORPORATION
2024031500378001,2,BUYER,ACRC LENDER W LLC
2024031500378001,1,SELLER,"60 CHARLTON, LLC"
2024032100475004,2,BUYER,"WILMINGTON TRUST, NATIONAL ASSOCIATION"
2024032100475004,1,SELLER,951 OLMSTEAD AVENUE HSG DEV. FUND CORP.
2024032500838005,2,BUYER,CRED III-SL ACQUISITION LLC
2024032500838005,1,SELLER,"745 4TH AVENUE, LLC"
2024013000360001,1,SELLER,"138-140 W 11 STREET HOLDINGS, LLC"
2024013000360001,2,BUYER,137+1 HOLDINGS LLC
2026030200366006,1,SELLER,BRC LIC HOUSING DEVELOPMENT FUND CORPORATION
2026030200366006,2,BUYER,"UMB BANK, N.A"
2026032000204003,2,BUYER,THE HUNTINGTON NATIONAL BANK
2026032000204003,1,SELLER,4915 10TH SNF REALTY LLC
2026030200366006,1,SELLER,UBC LIC LLC
2026020400227001,2,BUYER,BANK OZK
2026020400227001,1,SELLER,5W13 OWNER LLC
2026010601167006,1,SELLER,THBD GRANT LIHTC LLC
2026010601167006,1,SELLER,TB GRANT HOUSING DEVELOPMENT FUND CORPORATION
2026010601167006,2,BUYER,NEW YORK CITY HOUSING DEVELOPMENT CORPORATION
2026010601167006,1,SELLER,CF GRANT LLC
2025122400538001,1,SELLER,"KINGS BAY HOUSING CO., INC."
2025122400538001,2,BUYER,THE CITY OF NEW YORK
2025123000888031,1,SELLER,ARVERNE EAST AFFORDABLE D LLC
2025123000888031,2,BUYER,THE CITY OF NEW YORK
2025123000888031,1,SELLER,ARVERNE EAST AFFORDABLE HOMEOWNERSHIP D LLC
2025123000888031,1,SELLER,HP ARVERNE EAST AFFORDABLE D HOUSING DEVELOPMENT F
2025123001332005,1,SELLER,ATLANTIC CHESTNUT III ASSOCIATES LIHTC LLC
2025123001332005,1,SELLER,ATLANTIC CHESTNUT III HSG. DEV. FUND CORP.
2025123001332005,1,SELLER,ATLANTIC CHESTNUT III ASSOCIATES
2025123001332005,2,BUYER,NEW YORK CITY HOUSING DEVELOPMENT CORPORATION
2025120600063001,2,BUYER,COMPTEX 4160 MAIN LLC
2025120600063001,1,SELLER,41-60 MAIN STREET OWNER LLC
2025100600813003,1,SELLER,NYM 215 MOORE LLC
2025102000502003,1,SELLER,1 EAST RIVER LLC
2025102000502003,2,BUYER,"ARBOR AGENCY LENDING, LLC"
2025102000272001,2,BUYER,"630 THIRD AVENUE DEVELOPMENT OWNER, LLC"
2025102000272001,1,SELLER,"630 ASSOCIATES, LLC"
2025101000418006,1,SELLER,550W21 OWNER LLC
2025101000418006,2,BUYER,ELDRIDGE CORPORATE FUNDING LLC
2025100600813003,1,SELLER,NEW YORK CITY INDUSTRIAL DEVELOPMENT AGENCY
2025100600813003,2,BUYER,VESTIBULE HOLDING LLC
2025091800148013,1,SELLER,BFH HOUSING DEVELOPMENT FUND CORPORATION
2025082900395001,2,BUYER,BENCHMARK 250 LLC
2025082900395001,1,SELLER,85 D REALTY LLC
2025080700686001,2,BUYER,NATIXIS REAL ESTATE CAPITAL LLC
2025080700686001,2,BUYER,WELLS FARGO BANK NA
2025080700686001,1,SELLER,B9 COMMERCE OWNER LLC
2025080700686001,2,BUYER,SOCIETE GENERALE FINANCIAL CORPORATION
2025091500345003,2,BUYER,"G4 18267, LLC"
2025080700686001,2,BUYER,BANK OF AMERICA NA
2025091500345003,1,SELLER,SKY 65 FRANKLIN LLC
2025091800148013,2,BUYER,"CITIBANK, N.A."
2025072400640006,1,SELLER,RONIT REALTY LLC
2025072400640006,2,BUYER,56N9 OWNER LLC
2025080700686001,2,BUYER,SOCIETE GENERALE FINANCIAL CORPORATION
2025080700686001,2,BUYER,NATIXIS REAL ESTATE CAPITAL LLC
2025080700686001,1,SELLER,B9 COMMERCE OWNER LLC
2025080700686001,2,BUYER,BANK OF AMERICA NA
2025080700686001,2,BUYER,WELLS FARGO BANK NA
2025072400640006,1,SELLER,RONIT REALTY I LLC
2025070200210059,1,SELLER,NW BRONX OZ HOUSING PRESERVATION EXPERIENCE L.P.
2025071600312002,1,SELLER,X11 FIRST AVE LLC
2025071600312002,2,BUYER,ELDRIDGE CORPORATE FUNDING LLC
2025070200210059,1,SELLER,NW BRONX HOUSING PRESERVATION EXPERIENCE L.P.
2025070200210059,2,BUYER,NEW YORK CITY HOUSING DEVELOPMENT CORPORATION
2025070200210059,2,BUYER,FANNIE MAE
2025070100523004,1,SELLER,PEARSON SYLGAR TIC LLC
2025070100523004,1,SELLER,PEARSON 83RD TIC LLC
2025070100523004,2,BUYER,"PACIFICCAL DEBT V, LLC"
2025070100523004,1,SELLER,PEARSON 351 TIC LLC
2025070100523004,1,SELLER,PEARSON LE TIC LLC
2025070100523004,1,SELLER,PEARSON L&M TIC LLC
2025050900199005,2,BUYER,95 ROCKWELL 1 LLC
2025050900199005,1,SELLER,95 ROCKWELL PROPERTY OWNER LLC
2025041100218003,2,BUYER,"CITIBANK, N.A."
2025041100218003,1,SELLER,DOLP 675 PROPERTIES II LLC
2025031800634006,1,SELLER,259 EAST 72 OWNER LLC
2025031800634006,2,BUYER,G4 18222 LLC
2025031800959001,1,SELLER,"470 4TH AVENUE FEE OWNER, LLC"
2025031800959001,2,BUYER,ELEVENTH-SB LLC
2025031800634006,1,SELLER,CF EAST 72 OWNER LLC
2025013000246010,1,SELLER,MEO 480 BERGEN STREET LLC
2025012401000004,1,SELLER,"PPF OFF 500 PARK AVENUE, LLC"
2025012401000004,2,BUYER,500 PARK COMMERCIAL OWNER LLC
2025013000246010,1,SELLER,MEO 466 BERGEN STREET LLC
2025013000246010,1,SELLER,MEO 266 FLATBUSH AVENUE LLC
2025013000246010,1,SELLER,MEO 234 FLATBUSH AVENUE LLC
2025013000246010,1,SELLER,MEO 243 FLATBUSH AVENUE LLC
2025013000246010,1,SELLER,MEO 214 FLATBUSH AVENUE LLC
2025013000246010,1,SELLER,MEO 237 FLATBUSH AVENUE LLC
2025013000246010,1,SELLER,MEO 204 FLATBUSH AVENUE LLC
2025013000246010,1,SELLER,MEO 192 FLATBUSH AVENUE LLC
2025013000246010,1,SELLER,MEO 216 FLATBUSH AVENUE LLC
2025013000246010,1,SELLER,MEO 464 BERGEN STREET LLC
2025013000246010,1,SELLER,MEO 478 BERGEN STREET LLC
2025013000246010,1,SELLER,MEO 241 FLATBUSH AVENUE LLC
2025013000246010,1,SELLER,MEO 462 BERGEN STREET LLC
2025013000246010,1,SELLER,MEO 239 FLATBUSH AVENUE LLC
2025013000246010,1,SELLER,MEO 206 FLATBUSH AVENUE LLC
2025013000246010,1,SELLER,MEO 218 FLATBUSH AVENUE LLC
2025013000246010,1,SELLER,MEO 452 DEAN STREET LLC
2025013000246010,1,SELLER,MEO 476 BERGEN STREET LLC
2025013000246010,1,SELLER,MEO 468 BERGEN STREET LLC
2025013000246010,1,SELLER,MEO 472 BERGEN STREET LLC
2025013000246010,2,BUYER,FCR DC JV ATLAS SELLER LLC
2025013000246010,1,SELLER,MEO 470 BERGEN STREET LLC
2025013000246010,1,SELLER,MEO 212 FLATBUSH AVENUE LLC
2025013000246010,1,SELLER,MEO 202 FLATBUSH AVENUE LLC
2025013000246010,1,SELLER,MEO 474 BERGEN STREET LLC
2025013000246010,1,SELLER,MEO 458 BERGEN STREET LLC
2025013100599004,2,BUYER,"ACCESS POINT FINANCIAL, LLC"
2025013100599004,1,SELLER,5 BEEKMAN HOTEL OWNER LLC
2025013100599004,1,SELLER,"5 BEEKMAN MASTER TENANT, LLC"
2025020500816004,1,SELLER,QPN 10 DE LLC
2025020500816004,2,BUYER,BANK OF MONTREAL
2025020500816004,1,SELLER,QPN 1 DE LLC
2025010800905002,2,BUYER,2457 ACQUISITION LLC
2025010700684001,2,BUYER,MALIBU COVE RE HOLDINGS LLC
2025010700684001,1,SELLER,"730 FIFTH UPPER, LLC"
2025010200840013,1,SELLER,325 KENT LLC
2025010200840013,2,BUYER,"WELLS FARGO BANK, NATIONAL ASSOCIATION"
2024120300720002,1,SELLER,95-97 HORATIO L.L.C.
2024120300720002,2,BUYER,"WELLS FARGO BANK, NATIONAL ASSOCIATION"
2025010800905002,1,SELLER,24 WEST 57 APF LLC
2024112700196003,1,SELLER,595 DEAN LLC
2024112700196003,2,BUYER,"PNC BANK, NATIONAL ASSOCIATION"
2024110100242004,1,SELLER,THE COMMUNITY CHURCH OF NEW YORK
2024110100242004,2,BUYER,26 EAST 35TH STREET LLC
2024112000291001,2,BUYER,AMCAP 360 LLC
2024112000291001,1,SELLER,"360 LEXINGTON AVENUE PROPERTY INVESTORS IV, LLC"
2024100100034002,1,SELLER,L3 WILLIAMSBURG PORTFOLIO LLC
2024100100034002,2,BUYER,"ESRT 81-91 NORTH 6TH STREET, L.L.C."
2024091100093009,2,BUYER,GREYSTONE SERVICING COMPANY LLC
2024082300281002,2,BUYER,"WELLS FARGO BANK, NATIONAL ASSOCATION"
2024082300281002,1,SELLER,1 MADISON OFFICE FEE LLC
2024091100093009,1,SELLER,"HP WEST 135 HOUSING DEVELOPMENT FUND COMP, INC."
2024091100093009,1,SELLER,WEST 135TH APTS OWNER LLC
2024071000879049,1,SELLER,BG SACK WERN HOUSING DEVELOPMENT FUND CORPORATION
2024082800505014,2,BUYER,91 PACIFIC L.L.C.
2024082800505014,1,SELLER,PACIFIC HICKS OWNER 2 LLC
2024073000939001,1,SELLER,17 JOHN STREET PROPERTY OWNER LLC
2024073000939001,2,BUYER,17 JOHN PROPERTY OWNER LLC
2024071000879050,1,SELLER,ABA SACK WERN LLC
2024071000879050,1,SELLER,BG SACK WERN HOUSING DEVELOPMENT FUND CORPORATION
2024071000879050,2,BUYER,NEW YORK CITY HOUSING DEVELOPMENT CORPORATION
2024071000879049,1,SELLER,ABA SACK WERN LLC
2024071000879049,2,BUYER,NEW YORK CITY HOUSING DEVELOPMENT CORPORATION
2024070200987006,2,BUYER,NEW YORK CITY HOUSING DEVELOPMENT CORPORATION
2024070200987006,1,SELLER,STARHILL PHASE II HOUSING DEVELOPMENT FUND CORP.
2024070200987006,1,SELLER,STARHILL PHASE II OWNER LLC
2024060200005008,2,BUYER,SM FINANCE III LLC
2024060200005008,1,SELLER,101 FLEET REALTY LLC
2024060200005008,1,SELLER,101 FLEET HOLDING LLC
2024053000968001,2,BUYER,175 PEARL STREET LLC
2024053000968001,1,SELLER,"MAPLE 3P KRL 175 PEARL OWNER, LLC"
2024061000288001,2,BUYER,MADISON 29 HOLDING LLC
2024061000288001,1,SELLER,"NINETY-FIVE MADISON COMPANY, L.P."
2024042600745009,2,BUYER,THE CITY OF NEW YORK
2024052200688001,2,BUYER,47 EAST 34TH STREET OWNERS LLC
2024052200688001,2,BUYER,LERNER FAMILY TIC LLC
2024052200688001,1,SELLER,47 EAST 34 OWNER LLC
2024042600745009,1,SELLER,GO HPS LIHTC LLC
2024042600745009,1,SELLER,SOUTH POINT HOUSING DVELOPMENT FUND CORPORATION
2024042600745009,1,SELLER,GO HPS LLC
2024042600745009,2,BUYER,DEPARTMENT OF HOUSING PRESERVATION AND DEVELOPMENT
2024032800799013,1,SELLER,LEX 47TH PROPERTY OWNER LLC
2024032800799013,2,BUYER,KM 47TH STREET US FINANCING US LP
